INSERT INTO `pr_kasir_shift`(`id`, `kasir_id`, `modal_awal`, `waktu_mulai`, `total_penjualan`, `total_pending`, `modal_akhir`, `selisih`, `waktu_tutup`, `waktu_selesai`, `total_pendapatan`, `keterangan`, `status`, `created_at`, `updated_at`, `transaksi_selesai`, `transaksi_pending`) VALUES (3, 98, 300000.00, '2025-04-28 05:08:41', 0.00, 0.00, 0.00, 0.00, NULL, NULL, 0.00, NULL, 'OPEN', '2025-04-28 05:08:41', '2025-04-28 05:08:41', 0, 0);
INSERT INTO `pr_customer`(`id`, `nama`, `kode_pelanggan`, `jenis_kelamin`, `tanggal_lahir`, `alamat`, `telepon`, `email`, `foto`, `created_at`, `updated_at`, `level`) VALUES (1, 'ANDI', '202501270001', 'Laki-Laki', '1989-01-29', 'TANJUNGSARI', '085730012324', 'fuadmuhammad29@gmail.com', 'andi_085730012324.jpeg', '2025-03-24 06:18:03', '2025-04-03 22:14:56', 'Silver');
INSERT INTO `pr_customer`(`id`, `nama`, `kode_pelanggan`, `jenis_kelamin`, `tanggal_lahir`, `alamat`, `telepon`, `email`, `foto`, `created_at`, `updated_at`, `level`) VALUES (2, 'ANIS FITRIYA', '202501270002', NULL, NULL, 'TANJUNGSARI', '085292961993', NULL, NULL, '2025-03-24 06:18:03', '2025-03-24 06:18:03', 'Silver');
INSERT INTO `pr_customer`(`id`, `nama`, `kode_pelanggan`, `jenis_kelamin`, `tanggal_lahir`, `alamat`, `telepon`, `email`, `foto`, `created_at`, `updated_at`, `level`) VALUES (3, 'RAMA', '202501270003', NULL, NULL, NULL, '085292961993', NULL, NULL, '2025-03-24 06:18:03', '2025-03-24 06:18:03', 'Silver');
INSERT INTO `pr_customer`(`id`, `nama`, `kode_pelanggan`, `jenis_kelamin`, `tanggal_lahir`, `alamat`, `telepon`, `email`, `foto`, `created_at`, `updated_at`, `level`) VALUES (4, 'Prayogo Ryza ', '202501270004', NULL, NULL, NULL, '085730012324', NULL, NULL, '2025-03-24 06:18:03', '2025-03-24 06:18:03', 'Silver');
INSERT INTO `pr_customer`(`id`, `nama`, `kode_pelanggan`, `jenis_kelamin`, `tanggal_lahir`, `alamat`, `telepon`, `email`, `foto`, `created_at`, `updated_at`, `level`) VALUES (5, 'Aziz', '202501270005', NULL, NULL, NULL, '085198374391', NULL, NULL, '2025-03-24 06:18:03', '2025-03-24 06:18:03', 'Silver');
INSERT INTO `pr_customer`(`id`, `nama`, `kode_pelanggan`, `jenis_kelamin`, `tanggal_lahir`, `alamat`, `telepon`, `email`, `foto`, `created_at`, `updated_at`, `level`) VALUES (6, 'Nanda', '202501270006', NULL, NULL, '', '081228815181', NULL, NULL, '2025-03-24 06:18:03', '2025-04-03 13:11:13', 'Silver');
INSERT INTO `pr_customer`(`id`, `nama`, `kode_pelanggan`, `jenis_kelamin`, `tanggal_lahir`, `alamat`, `telepon`, `email`, `foto`, `created_at`, `updated_at`, `level`) VALUES (7, 'Alex ', '202501270007', NULL, NULL, NULL, '089691302986', NULL, NULL, '2025-03-24 06:18:03', '2025-03-24 06:18:03', 'Silver');
INSERT INTO `pr_customer`(`id`, `nama`, `kode_pelanggan`, `jenis_kelamin`, `tanggal_lahir`, `alamat`, `telepon`, `email`, `foto`, `created_at`, `updated_at`, `level`) VALUES (8, 'Bagos Banget', '202501270008', NULL, NULL, NULL, '085229547468', NULL, NULL, '2025-03-24 06:18:03', '2025-03-24 06:18:03', 'Silver');
INSERT INTO `pr_customer`(`id`, `nama`, `kode_pelanggan`, `jenis_kelamin`, `tanggal_lahir`, `alamat`, `telepon`, `email`, `foto`, `created_at`, `updated_at`, `level`) VALUES (9, 'Naril', '202501270009', NULL, NULL, NULL, '0895359761768', NULL, NULL, '2025-03-24 06:18:03', '2025-03-24 06:18:03', 'Silver');
INSERT INTO `pr_customer`(`id`, `nama`, `kode_pelanggan`, `jenis_kelamin`, `tanggal_lahir`, `alamat`, `telepon`, `email`, `foto`, `created_at`, `updated_at`, `level`) VALUES (10, 'Valen cantik', '202501270010', NULL, NULL, NULL, '085290512278', NULL, NULL, '2025-03-24 06:18:03', '2025-03-24 06:18:03', 'Silver');
INSERT INTO `pr_customer`(`id`, `nama`, `kode_pelanggan`, `jenis_kelamin`, `tanggal_lahir`, `alamat`, `telepon`, `email`, `foto`, `created_at`, `updated_at`, `level`) VALUES (11, 'Devi Tri Silviana', '202501270011', NULL, NULL, NULL, '085158788153', NULL, NULL, '2025-03-24 06:18:03', '2025-03-24 06:18:03', 'Silver');
INSERT INTO `pr_customer`(`id`, `nama`, `kode_pelanggan`, `jenis_kelamin`, `tanggal_lahir`, `alamat`, `telepon`, `email`, `foto`, `created_at`, `updated_at`, `level`) VALUES (12, 'Kartika', '202501270012', NULL, NULL, NULL, '082133583801', NULL, NULL, '2025-03-24 06:18:03', '2025-03-24 06:18:03', 'Silver');
INSERT INTO `pr_customer`(`id`, `nama`, `kode_pelanggan`, `jenis_kelamin`, `tanggal_lahir`, `alamat`, `telepon`, `email`, `foto`, `created_at`, `updated_at`, `level`) VALUES (13, 'Kiki Cindi', '202501270013', NULL, NULL, NULL, '082137845117', NULL, NULL, '2025-03-24 06:18:03', '2025-03-24 06:18:03', 'Silver');
INSERT INTO `pr_customer`(`id`, `nama`, `kode_pelanggan`, `jenis_kelamin`, `tanggal_lahir`, `alamat`, `telepon`, `email`, `foto`, `created_at`, `updated_at`, `level`) VALUES (14, 'Devi Febriyanti', '202501270014', NULL, NULL, NULL, '085647875301', NULL, NULL, '2025-03-24 06:18:03', '2025-03-24 06:18:03', 'Silver');
INSERT INTO `pr_customer`(`id`, `nama`, `kode_pelanggan`, `jenis_kelamin`, `tanggal_lahir`, `alamat`, `telepon`, `email`, `foto`, `created_at`, `updated_at`, `level`) VALUES (15, 'Bara', '202501270015', NULL, NULL, NULL, '089517342383', NULL, NULL, '2025-03-24 06:18:03', '2025-03-24 06:18:03', 'Silver');
INSERT INTO `pr_customer`(`id`, `nama`, `kode_pelanggan`, `jenis_kelamin`, `tanggal_lahir`, `alamat`, `telepon`, `email`, `foto`, `created_at`, `updated_at`, `level`) VALUES (16, 'Deni Prasetyo', '202501270016', NULL, NULL, NULL, '089635552547', NULL, NULL, '2025-03-24 06:18:03', '2025-03-24 06:18:03', 'Silver');
INSERT INTO `pr_customer`(`id`, `nama`, `kode_pelanggan`, `jenis_kelamin`, `tanggal_lahir`, `alamat`, `telepon`, `email`, `foto`, `created_at`, `updated_at`, `level`) VALUES (17, 'Aprilia Foni Kartini', '202501270017', NULL, NULL, NULL, '081261111557', NULL, NULL, '2025-03-24 06:18:03', '2025-03-24 06:18:03', 'Silver');
INSERT INTO `pr_customer`(`id`, `nama`, `kode_pelanggan`, `jenis_kelamin`, `tanggal_lahir`, `alamat`, `telepon`, `email`, `foto`, `created_at`, `updated_at`, `level`) VALUES (18, 'Muzaki', '202501270018', NULL, NULL, NULL, '082147049482', NULL, NULL, '2025-03-24 06:18:03', '2025-03-24 06:18:03', 'Silver');
INSERT INTO `pr_customer`(`id`, `nama`, `kode_pelanggan`, `jenis_kelamin`, `tanggal_lahir`, `alamat`, `telepon`, `email`, `foto`, `created_at`, `updated_at`, `level`) VALUES (19, 'achid s', '202501270019', NULL, NULL, NULL, '082321473796', NULL, NULL, '2025-03-24 06:18:03', '2025-03-24 06:18:03', 'Silver');
INSERT INTO `pr_customer`(`id`, `nama`, `kode_pelanggan`, `jenis_kelamin`, `tanggal_lahir`, `alamat`, `telepon`, `email`, `foto`, `created_at`, `updated_at`, `level`) VALUES (20, 'Putri ', '202501270020', NULL, NULL, NULL, '087717495260', NULL, NULL, '2025-03-24 06:18:03', '2025-03-24 06:18:03', 'Silver');
INSERT INTO `pr_customer`(`id`, `nama`, `kode_pelanggan`, `jenis_kelamin`, `tanggal_lahir`, `alamat`, `telepon`, `email`, `foto`, `created_at`, `updated_at`, `level`) VALUES (21, 'Rizki Putri Amanda', '202501270021', NULL, NULL, NULL, '087717030391', NULL, NULL, '2025-03-24 06:18:03', '2025-03-24 06:18:03', 'Silver');
INSERT INTO `pr_customer`(`id`, `nama`, `kode_pelanggan`, `jenis_kelamin`, `tanggal_lahir`, `alamat`, `telepon`, `email`, `foto`, `created_at`, `updated_at`, `level`) VALUES (22, 'Faris', '202501270022', NULL, NULL, NULL, '082241605959', NULL, NULL, '2025-03-24 06:18:03', '2025-03-24 06:18:03', 'Silver');
INSERT INTO `pr_customer`(`id`, `nama`, `kode_pelanggan`, `jenis_kelamin`, `tanggal_lahir`, `alamat`, `telepon`, `email`, `foto`, `created_at`, `updated_at`, `level`) VALUES (23, 'Iswara', '202501270023', NULL, NULL, NULL, '08136225424', NULL, NULL, '2025-03-24 06:18:03', '2025-03-24 06:18:03', 'Silver');
INSERT INTO `pr_customer`(`id`, `nama`, `kode_pelanggan`, `jenis_kelamin`, `tanggal_lahir`, `alamat`, `telepon`, `email`, `foto`, `created_at`, `updated_at`, `level`) VALUES (24, 'Sonny ade kurniawan', '202501270024', NULL, NULL, NULL, '089649758324', NULL, NULL, '2025-03-24 06:18:03', '2025-03-24 06:18:03', 'Silver');
INSERT INTO `pr_customer`(`id`, `nama`, `kode_pelanggan`, `jenis_kelamin`, `tanggal_lahir`, `alamat`, `telepon`, `email`, `foto`, `created_at`, `updated_at`, `level`) VALUES (25, 'Rahmadiana', '202501270025', NULL, NULL, NULL, '082242878980', NULL, NULL, '2025-03-24 06:18:03', '2025-03-24 06:18:03', 'Silver');
INSERT INTO `pr_customer`(`id`, `nama`, `kode_pelanggan`, `jenis_kelamin`, `tanggal_lahir`, `alamat`, `telepon`, `email`, `foto`, `created_at`, `updated_at`, `level`) VALUES (26, 'Faradina', '202501270026', NULL, NULL, NULL, '085649441639', NULL, NULL, '2025-03-24 06:18:03', '2025-03-24 06:18:03', 'Silver');
INSERT INTO `pr_customer`(`id`, `nama`, `kode_pelanggan`, `jenis_kelamin`, `tanggal_lahir`, `alamat`, `telepon`, `email`, `foto`, `created_at`, `updated_at`, `level`) VALUES (27, 'Tasdiq', '202501270027', NULL, NULL, NULL, '081227294641', NULL, NULL, '2025-03-24 06:18:03', '2025-03-24 06:18:03', 'Silver');
INSERT INTO `pr_customer`(`id`, `nama`, `kode_pelanggan`, `jenis_kelamin`, `tanggal_lahir`, `alamat`, `telepon`, `email`, `foto`, `created_at`, `updated_at`, `level`) VALUES (28, 'sasa', '202501270028', NULL, NULL, NULL, '085974131503', NULL, NULL, '2025-03-24 06:18:03', '2025-03-24 06:18:03', 'Silver');
INSERT INTO `pr_customer`(`id`, `nama`, `kode_pelanggan`, `jenis_kelamin`, `tanggal_lahir`, `alamat`, `telepon`, `email`, `foto`, `created_at`, `updated_at`, `level`) VALUES (29, 'Novi', '202501270029', NULL, NULL, NULL, '082220717979', NULL, NULL, '2025-03-24 06:18:03', '2025-03-24 06:18:03', 'Silver');
INSERT INTO `pr_customer`(`id`, `nama`, `kode_pelanggan`, `jenis_kelamin`, `tanggal_lahir`, `alamat`, `telepon`, `email`, `foto`, `created_at`, `updated_at`, `level`) VALUES (30, 'Hasan', '202501270030', NULL, NULL, NULL, '085889024254', NULL, NULL, '2025-03-24 06:18:03', '2025-03-24 06:18:03', 'Silver');
INSERT INTO `pr_customer`(`id`, `nama`, `kode_pelanggan`, `jenis_kelamin`, `tanggal_lahir`, `alamat`, `telepon`, `email`, `foto`, `created_at`, `updated_at`, `level`) VALUES (31, 'Dwi Meika Wati', '202501270031', NULL, NULL, NULL, '081326456821', NULL, NULL, '2025-03-24 06:18:03', '2025-03-24 06:18:03', 'Silver');
INSERT INTO `pr_customer`(`id`, `nama`, `kode_pelanggan`, `jenis_kelamin`, `tanggal_lahir`, `alamat`, `telepon`, `email`, `foto`, `created_at`, `updated_at`, `level`) VALUES (32, 'vivi', '202501270032', NULL, NULL, NULL, '082221477456', NULL, NULL, '2025-03-24 06:18:03', '2025-03-24 06:18:03', 'Silver');
INSERT INTO `pr_customer`(`id`, `nama`, `kode_pelanggan`, `jenis_kelamin`, `tanggal_lahir`, `alamat`, `telepon`, `email`, `foto`, `created_at`, `updated_at`, `level`) VALUES (33, 'Rifka', '202501270033', NULL, NULL, NULL, '081232945133', NULL, NULL, '2025-03-24 06:18:03', '2025-03-24 06:18:03', 'Silver');
INSERT INTO `pr_customer`(`id`, `nama`, `kode_pelanggan`, `jenis_kelamin`, `tanggal_lahir`, `alamat`, `telepon`, `email`, `foto`, `created_at`, `updated_at`, `level`) VALUES (34, 'Yola', '202501270034', NULL, NULL, NULL, '082243417440', NULL, NULL, '2025-03-24 06:18:03', '2025-03-24 06:18:03', 'Silver');
INSERT INTO `pr_customer`(`id`, `nama`, `kode_pelanggan`, `jenis_kelamin`, `tanggal_lahir`, `alamat`, `telepon`, `email`, `foto`, `created_at`, `updated_at`, `level`) VALUES (35, 'Okta Nugrahandini ', '202501270035', NULL, NULL, NULL, '085216402420', NULL, NULL, '2025-03-24 06:18:03', '2025-03-24 06:18:03', 'Silver');
INSERT INTO `pr_customer`(`id`, `nama`, `kode_pelanggan`, `jenis_kelamin`, `tanggal_lahir`, `alamat`, `telepon`, `email`, `foto`, `created_at`, `updated_at`, `level`) VALUES (36, 'DAVID RIDWAN', '202501270036', NULL, NULL, NULL, '083144830603', NULL, NULL, '2025-03-24 06:18:03', '2025-03-24 06:18:03', 'Silver');
INSERT INTO `pr_customer`(`id`, `nama`, `kode_pelanggan`, `jenis_kelamin`, `tanggal_lahir`, `alamat`, `telepon`, `email`, `foto`, `created_at`, `updated_at`, `level`) VALUES (37, 'FAJAR ADI P', '202501270037', NULL, NULL, NULL, '081325344139', NULL, NULL, '2025-03-24 06:18:03', '2025-03-24 06:18:03', 'Silver');
INSERT INTO `pr_customer`(`id`, `nama`, `kode_pelanggan`, `jenis_kelamin`, `tanggal_lahir`, `alamat`, `telepon`, `email`, `foto`, `created_at`, `updated_at`, `level`) VALUES (38, 'AGUS FAIZAL', '202501270038', NULL, NULL, NULL, '08984942809', NULL, NULL, '2025-03-24 06:18:03', '2025-03-24 06:18:03', 'Silver');
INSERT INTO `pr_customer`(`id`, `nama`, `kode_pelanggan`, `jenis_kelamin`, `tanggal_lahir`, `alamat`, `telepon`, `email`, `foto`, `created_at`, `updated_at`, `level`) VALUES (39, 'NATAN HERDIAN', '202501270039', NULL, NULL, NULL, '082220969977', NULL, NULL, '2025-03-24 06:18:03', '2025-03-24 06:18:03', 'Silver');
INSERT INTO `pr_customer`(`id`, `nama`, `kode_pelanggan`, `jenis_kelamin`, `tanggal_lahir`, `alamat`, `telepon`, `email`, `foto`, `created_at`, `updated_at`, `level`) VALUES (40, 'ANI ', '202501270040', NULL, NULL, NULL, '0895322138438', NULL, NULL, '2025-03-24 06:18:03', '2025-03-24 06:18:03', 'Silver');
INSERT INTO `pr_customer_poin`(`id`, `customer_id`, `transaksi_id`, `jumlah_poin`, `jenis`, `sumber`, `tanggal_kedaluwarsa`, `status`, `created_at`, `updated_at`) VALUES (1, 1, 2, 3, 'per_produk', '25', '2026-04-16', 'aktif', '2025-04-16 16:09:48', '2025-04-16 16:09:48');
INSERT INTO `pr_customer_poin`(`id`, `customer_id`, `transaksi_id`, `jumlah_poin`, `jenis`, `sumber`, `tanggal_kedaluwarsa`, `status`, `created_at`, `updated_at`) VALUES (2, 1, 2, 3, 'per_produk', '25', '2026-04-16', 'aktif', '2025-04-16 16:09:48', '2025-04-16 16:09:48');
INSERT INTO `pr_customer_poin`(`id`, `customer_id`, `transaksi_id`, `jumlah_poin`, `jenis`, `sumber`, `tanggal_kedaluwarsa`, `status`, `created_at`, `updated_at`) VALUES (3, 1, 2, 3, 'per_produk', '25', '2026-04-16', 'aktif', '2025-04-16 16:09:48', '2025-04-16 16:09:48');
INSERT INTO `pr_customer_poin`(`id`, `customer_id`, `transaksi_id`, `jumlah_poin`, `jenis`, `sumber`, `tanggal_kedaluwarsa`, `status`, `created_at`, `updated_at`) VALUES (4, 1, 2, 1, 'per_pembelian', NULL, '2026-04-16', 'aktif', '2025-04-16 16:09:48', '2025-04-16 16:09:48');
INSERT INTO `pr_customer_poin`(`id`, `customer_id`, `transaksi_id`, `jumlah_poin`, `jenis`, `sumber`, `tanggal_kedaluwarsa`, `status`, `created_at`, `updated_at`) VALUES (5, 2, 3, 3, 'per_produk', '25', '2026-04-16', 'aktif', '2025-04-16 16:24:44', '2025-04-16 16:24:44');
INSERT INTO `pr_customer_poin`(`id`, `customer_id`, `transaksi_id`, `jumlah_poin`, `jenis`, `sumber`, `tanggal_kedaluwarsa`, `status`, `created_at`, `updated_at`) VALUES (6, 2, 3, 1, 'per_pembelian', NULL, '2026-04-16', 'aktif', '2025-04-16 16:24:44', '2025-04-16 16:24:44');
INSERT INTO `pr_customer_poin`(`id`, `customer_id`, `transaksi_id`, `jumlah_poin`, `jenis`, `sumber`, `tanggal_kedaluwarsa`, `status`, `created_at`, `updated_at`) VALUES (7, 6, 4, 1, 'per_pembelian', NULL, '2026-04-16', 'aktif', '2025-04-16 16:29:57', '2025-04-16 16:29:57');
INSERT INTO `pr_customer_poin`(`id`, `customer_id`, `transaksi_id`, `jumlah_poin`, `jenis`, `sumber`, `tanggal_kedaluwarsa`, `status`, `created_at`, `updated_at`) VALUES (8, 8, 5, 3, 'per_produk', '25', '2026-04-17', 'aktif', '2025-04-17 00:58:22', '2025-04-17 00:58:22');
INSERT INTO `pr_customer_poin`(`id`, `customer_id`, `transaksi_id`, `jumlah_poin`, `jenis`, `sumber`, `tanggal_kedaluwarsa`, `status`, `created_at`, `updated_at`) VALUES (9, 8, 5, 1, 'per_pembelian', NULL, '2026-04-17', 'aktif', '2025-04-17 00:58:22', '2025-04-17 00:58:22');
INSERT INTO `pr_customer_poin`(`id`, `customer_id`, `transaksi_id`, `jumlah_poin`, `jenis`, `sumber`, `tanggal_kedaluwarsa`, `status`, `created_at`, `updated_at`) VALUES (10, 8, 5, 3, 'per_produk', '25', '2026-04-17', 'aktif', '2025-04-17 01:02:49', '2025-04-17 01:02:49');
INSERT INTO `pr_customer_poin`(`id`, `customer_id`, `transaksi_id`, `jumlah_poin`, `jenis`, `sumber`, `tanggal_kedaluwarsa`, `status`, `created_at`, `updated_at`) VALUES (11, 8, 5, 1, 'per_pembelian', NULL, '2026-04-17', 'aktif', '2025-04-17 01:02:49', '2025-04-17 01:02:49');
INSERT INTO `pr_customer_poin`(`id`, `customer_id`, `transaksi_id`, `jumlah_poin`, `jenis`, `sumber`, `tanggal_kedaluwarsa`, `status`, `created_at`, `updated_at`) VALUES (12, 8, 5, 3, 'per_produk', '25', '2026-04-17', 'aktif', '2025-04-17 01:09:33', '2025-04-17 01:09:33');
INSERT INTO `pr_customer_poin`(`id`, `customer_id`, `transaksi_id`, `jumlah_poin`, `jenis`, `sumber`, `tanggal_kedaluwarsa`, `status`, `created_at`, `updated_at`) VALUES (13, 8, 5, 1, 'per_pembelian', NULL, '2026-04-17', 'aktif', '2025-04-17 01:09:33', '2025-04-17 01:09:33');
INSERT INTO `pr_customer_poin`(`id`, `customer_id`, `transaksi_id`, `jumlah_poin`, `jenis`, `sumber`, `tanggal_kedaluwarsa`, `status`, `created_at`, `updated_at`) VALUES (14, 8, 5, 3, 'per_produk', '25', '2026-04-17', 'aktif', '2025-04-17 01:17:42', '2025-04-17 01:17:42');
INSERT INTO `pr_customer_poin`(`id`, `customer_id`, `transaksi_id`, `jumlah_poin`, `jenis`, `sumber`, `tanggal_kedaluwarsa`, `status`, `created_at`, `updated_at`) VALUES (15, 8, 5, 1, 'per_pembelian', NULL, '2026-04-17', 'aktif', '2025-04-17 01:17:42', '2025-04-17 01:17:42');
INSERT INTO `pr_customer_poin`(`id`, `customer_id`, `transaksi_id`, `jumlah_poin`, `jenis`, `sumber`, `tanggal_kedaluwarsa`, `status`, `created_at`, `updated_at`) VALUES (16, 10, 7, 3, 'per_produk', '25', '2026-04-17', 'aktif', '2025-04-17 01:30:41', '2025-04-17 01:30:41');
INSERT INTO `pr_customer_poin`(`id`, `customer_id`, `transaksi_id`, `jumlah_poin`, `jenis`, `sumber`, `tanggal_kedaluwarsa`, `status`, `created_at`, `updated_at`) VALUES (17, 10, 7, 3, 'per_produk', '25', '2026-04-17', 'aktif', '2025-04-17 01:30:41', '2025-04-17 01:30:41');
INSERT INTO `pr_customer_poin`(`id`, `customer_id`, `transaksi_id`, `jumlah_poin`, `jenis`, `sumber`, `tanggal_kedaluwarsa`, `status`, `created_at`, `updated_at`) VALUES (18, 10, 7, 1, 'per_pembelian', NULL, '2026-04-17', 'aktif', '2025-04-17 01:30:41', '2025-04-17 01:30:41');
INSERT INTO `pr_customer_poin`(`id`, `customer_id`, `transaksi_id`, `jumlah_poin`, `jenis`, `sumber`, `tanggal_kedaluwarsa`, `status`, `created_at`, `updated_at`) VALUES (19, 1, 3, 3, 'per_produk', '25', '2026-04-18', 'aktif', '2025-04-18 16:59:24', '2025-04-18 16:59:24');
INSERT INTO `pr_customer_poin`(`id`, `customer_id`, `transaksi_id`, `jumlah_poin`, `jenis`, `sumber`, `tanggal_kedaluwarsa`, `status`, `created_at`, `updated_at`) VALUES (20, 1, 3, 3, 'per_produk', '25', '2026-04-18', 'aktif', '2025-04-18 16:59:24', '2025-04-18 16:59:24');
INSERT INTO `pr_customer_poin`(`id`, `customer_id`, `transaksi_id`, `jumlah_poin`, `jenis`, `sumber`, `tanggal_kedaluwarsa`, `status`, `created_at`, `updated_at`) VALUES (21, 1, 3, 1, 'per_pembelian', NULL, '2026-04-18', 'aktif', '2025-04-18 16:59:24', '2025-04-18 16:59:24');
INSERT INTO `pr_customer_poin`(`id`, `customer_id`, `transaksi_id`, `jumlah_poin`, `jenis`, `sumber`, `tanggal_kedaluwarsa`, `status`, `created_at`, `updated_at`) VALUES (22, 1, 6, 3, 'per_produk', '25', '2026-04-18', 'aktif', '2025-04-18 20:05:05', '2025-04-18 20:05:05');
INSERT INTO `pr_customer_poin`(`id`, `customer_id`, `transaksi_id`, `jumlah_poin`, `jenis`, `sumber`, `tanggal_kedaluwarsa`, `status`, `created_at`, `updated_at`) VALUES (23, 1, 6, 3, 'per_produk', '25', '2026-04-18', 'aktif', '2025-04-18 20:05:05', '2025-04-18 20:05:05');
INSERT INTO `pr_customer_poin`(`id`, `customer_id`, `transaksi_id`, `jumlah_poin`, `jenis`, `sumber`, `tanggal_kedaluwarsa`, `status`, `created_at`, `updated_at`) VALUES (24, 1, 6, 3, 'per_produk', '25', '2026-04-18', 'aktif', '2025-04-18 20:05:05', '2025-04-18 20:05:05');
INSERT INTO `pr_customer_poin`(`id`, `customer_id`, `transaksi_id`, `jumlah_poin`, `jenis`, `sumber`, `tanggal_kedaluwarsa`, `status`, `created_at`, `updated_at`) VALUES (25, 1, 6, 1, 'per_pembelian', NULL, '2026-04-18', 'aktif', '2025-04-18 20:05:05', '2025-04-18 20:05:05');
INSERT INTO `pr_customer_poin`(`id`, `customer_id`, `transaksi_id`, `jumlah_poin`, `jenis`, `sumber`, `tanggal_kedaluwarsa`, `status`, `created_at`, `updated_at`) VALUES (26, 35, 11, 2, 'per_produk', '13', '2026-04-19', 'aktif', '2025-04-19 03:58:14', '2025-04-19 03:58:14');
INSERT INTO `pr_customer_poin`(`id`, `customer_id`, `transaksi_id`, `jumlah_poin`, `jenis`, `sumber`, `tanggal_kedaluwarsa`, `status`, `created_at`, `updated_at`) VALUES (27, 35, 11, 3, 'per_produk', '25', '2026-04-19', 'aktif', '2025-04-19 03:58:14', '2025-04-19 03:58:14');
INSERT INTO `pr_customer_poin`(`id`, `customer_id`, `transaksi_id`, `jumlah_poin`, `jenis`, `sumber`, `tanggal_kedaluwarsa`, `status`, `created_at`, `updated_at`) VALUES (28, 1, 1, 3, 'per_produk', '25', '2026-04-19', 'aktif', '2025-04-19 04:08:40', '2025-04-19 04:08:40');
INSERT INTO `pr_customer_poin`(`id`, `customer_id`, `transaksi_id`, `jumlah_poin`, `jenis`, `sumber`, `tanggal_kedaluwarsa`, `status`, `created_at`, `updated_at`) VALUES (29, 1, 1, 1, 'per_pembelian', NULL, '2026-04-19', 'aktif', '2025-04-19 04:08:40', '2025-04-19 04:08:40');
INSERT INTO `pr_customer_poin`(`id`, `customer_id`, `transaksi_id`, `jumlah_poin`, `jenis`, `sumber`, `tanggal_kedaluwarsa`, `status`, `created_at`, `updated_at`) VALUES (30, 1, 1, 3, 'per_produk', '25', '2026-04-19', 'aktif', '2025-04-19 04:22:36', '2025-04-19 04:22:36');
INSERT INTO `pr_customer_poin`(`id`, `customer_id`, `transaksi_id`, `jumlah_poin`, `jenis`, `sumber`, `tanggal_kedaluwarsa`, `status`, `created_at`, `updated_at`) VALUES (31, 1, 1, 1, 'per_pembelian', NULL, '2026-04-19', 'aktif', '2025-04-19 04:22:36', '2025-04-19 04:22:36');
INSERT INTO `pr_customer_poin`(`id`, `customer_id`, `transaksi_id`, `jumlah_poin`, `jenis`, `sumber`, `tanggal_kedaluwarsa`, `status`, `created_at`, `updated_at`) VALUES (32, 40, 3, 1, 'per_pembelian', NULL, '2026-04-20', 'aktif', '2025-04-20 06:48:02', '2025-04-20 06:48:02');
INSERT INTO `pr_customer_poin`(`id`, `customer_id`, `transaksi_id`, `jumlah_poin`, `jenis`, `sumber`, `tanggal_kedaluwarsa`, `status`, `created_at`, `updated_at`) VALUES (33, 2, 1, 1, 'per_pembelian', NULL, '2026-04-20', 'aktif', '2025-04-20 06:58:29', '2025-04-20 06:58:29');
INSERT INTO `pr_customer_poin`(`id`, `customer_id`, `transaksi_id`, `jumlah_poin`, `jenis`, `sumber`, `tanggal_kedaluwarsa`, `status`, `created_at`, `updated_at`) VALUES (34, 1, 2, 1, 'per_pembelian', NULL, '2026-04-20', 'aktif', '2025-04-20 07:05:05', '2025-04-20 07:05:05');
INSERT INTO `pr_customer_poin`(`id`, `customer_id`, `transaksi_id`, `jumlah_poin`, `jenis`, `sumber`, `tanggal_kedaluwarsa`, `status`, `created_at`, `updated_at`) VALUES (35, 1, 1, 1, 'per_pembelian', NULL, '2026-04-20', 'aktif', '2025-04-20 07:07:22', '2025-04-20 07:07:22');
INSERT INTO `pr_customer_poin`(`id`, `customer_id`, `transaksi_id`, `jumlah_poin`, `jenis`, `sumber`, `tanggal_kedaluwarsa`, `status`, `created_at`, `updated_at`) VALUES (36, 3, 5, 1, 'per_pembelian', NULL, '2026-04-20', 'aktif', '2025-04-20 07:56:31', '2025-04-20 07:56:31');
INSERT INTO `pr_customer_poin`(`id`, `customer_id`, `transaksi_id`, `jumlah_poin`, `jenis`, `sumber`, `tanggal_kedaluwarsa`, `status`, `created_at`, `updated_at`) VALUES (37, 1, 2, 3, 'per_produk', '25', '2026-04-20', 'aktif', '2025-04-20 09:50:58', '2025-04-20 09:50:58');
INSERT INTO `pr_customer_poin`(`id`, `customer_id`, `transaksi_id`, `jumlah_poin`, `jenis`, `sumber`, `tanggal_kedaluwarsa`, `status`, `created_at`, `updated_at`) VALUES (38, 1, 2, 3, 'per_produk', '25', '2026-04-20', 'aktif', '2025-04-20 09:50:58', '2025-04-20 09:50:58');
INSERT INTO `pr_customer_poin`(`id`, `customer_id`, `transaksi_id`, `jumlah_poin`, `jenis`, `sumber`, `tanggal_kedaluwarsa`, `status`, `created_at`, `updated_at`) VALUES (39, 1, 2, 1, 'per_pembelian', NULL, '2026-04-20', 'aktif', '2025-04-20 09:50:58', '2025-04-20 09:50:58');
INSERT INTO `pr_customer_poin`(`id`, `customer_id`, `transaksi_id`, `jumlah_poin`, `jenis`, `sumber`, `tanggal_kedaluwarsa`, `status`, `created_at`, `updated_at`) VALUES (40, 1, 12, 2, 'per_produk', '13', '2026-04-20', 'aktif', '2025-04-20 10:38:01', '2025-04-20 10:38:01');
INSERT INTO `pr_customer_poin`(`id`, `customer_id`, `transaksi_id`, `jumlah_poin`, `jenis`, `sumber`, `tanggal_kedaluwarsa`, `status`, `created_at`, `updated_at`) VALUES (41, 1, 12, 2, 'per_produk', '13', '2026-04-20', 'aktif', '2025-04-20 10:38:01', '2025-04-20 10:38:01');
INSERT INTO `pr_customer_poin`(`id`, `customer_id`, `transaksi_id`, `jumlah_poin`, `jenis`, `sumber`, `tanggal_kedaluwarsa`, `status`, `created_at`, `updated_at`) VALUES (42, 1, 12, 1, 'per_pembelian', NULL, '2026-04-20', 'aktif', '2025-04-20 10:38:01', '2025-04-20 10:38:01');
INSERT INTO `pr_customer_poin`(`id`, `customer_id`, `transaksi_id`, `jumlah_poin`, `jenis`, `sumber`, `tanggal_kedaluwarsa`, `status`, `created_at`, `updated_at`) VALUES (43, 1, 1, 2, 'per_produk', '13', '2026-04-20', 'aktif', '2025-04-20 10:42:14', '2025-04-20 10:42:14');
INSERT INTO `pr_customer_poin`(`id`, `customer_id`, `transaksi_id`, `jumlah_poin`, `jenis`, `sumber`, `tanggal_kedaluwarsa`, `status`, `created_at`, `updated_at`) VALUES (44, 1, 1, 2, 'per_produk', '13', '2026-04-20', 'aktif', '2025-04-20 10:42:14', '2025-04-20 10:42:14');
INSERT INTO `pr_customer_poin`(`id`, `customer_id`, `transaksi_id`, `jumlah_poin`, `jenis`, `sumber`, `tanggal_kedaluwarsa`, `status`, `created_at`, `updated_at`) VALUES (45, 1, 1, 1, 'per_pembelian', NULL, '2026-04-20', 'aktif', '2025-04-20 10:42:14', '2025-04-20 10:42:14');
INSERT INTO `pr_customer_poin`(`id`, `customer_id`, `transaksi_id`, `jumlah_poin`, `jenis`, `sumber`, `tanggal_kedaluwarsa`, `status`, `created_at`, `updated_at`) VALUES (46, 2, 7, 2, 'per_produk', '13', '2026-04-22', 'aktif', '2025-04-22 20:05:13', '2025-04-22 20:05:13');
INSERT INTO `pr_customer_poin`(`id`, `customer_id`, `transaksi_id`, `jumlah_poin`, `jenis`, `sumber`, `tanggal_kedaluwarsa`, `status`, `created_at`, `updated_at`) VALUES (47, 2, 7, 1, 'per_pembelian', NULL, '2026-04-22', 'aktif', '2025-04-22 20:05:13', '2025-04-22 20:05:13');
INSERT INTO `pr_customer_poin`(`id`, `customer_id`, `transaksi_id`, `jumlah_poin`, `jenis`, `sumber`, `tanggal_kedaluwarsa`, `status`, `created_at`, `updated_at`) VALUES (48, 1, 6, 1, 'per_pembelian', NULL, '2026-04-23', 'aktif', '2025-04-23 21:58:43', '2025-04-23 21:58:43');
INSERT INTO `pr_customer_poin`(`id`, `customer_id`, `transaksi_id`, `jumlah_poin`, `jenis`, `sumber`, `tanggal_kedaluwarsa`, `status`, `created_at`, `updated_at`) VALUES (49, 2, 8, 2, 'per_produk', '13', '2026-04-23', 'aktif', '2025-04-23 22:05:07', '2025-04-23 22:05:07');
INSERT INTO `pr_customer_poin`(`id`, `customer_id`, `transaksi_id`, `jumlah_poin`, `jenis`, `sumber`, `tanggal_kedaluwarsa`, `status`, `created_at`, `updated_at`) VALUES (50, 2, 8, 1, 'per_pembelian', NULL, '2026-04-23', 'aktif', '2025-04-23 22:05:07', '2025-04-23 22:05:07');
INSERT INTO `pr_customer_poin`(`id`, `customer_id`, `transaksi_id`, `jumlah_poin`, `jenis`, `sumber`, `tanggal_kedaluwarsa`, `status`, `created_at`, `updated_at`) VALUES (51, 18, 17, 2, 'per_produk', '13', '2026-04-27', 'aktif', '2025-04-27 21:19:02', '2025-04-27 21:19:02');
INSERT INTO `pr_customer_poin`(`id`, `customer_id`, `transaksi_id`, `jumlah_poin`, `jenis`, `sumber`, `tanggal_kedaluwarsa`, `status`, `created_at`, `updated_at`) VALUES (52, 2, 13, 2, 'per_produk', '13', '2026-04-27', 'aktif', '2025-04-27 21:19:21', '2025-04-27 21:19:21');
INSERT INTO `pr_customer_poin`(`id`, `customer_id`, `transaksi_id`, `jumlah_poin`, `jenis`, `sumber`, `tanggal_kedaluwarsa`, `status`, `created_at`, `updated_at`) VALUES (53, 1, 12, 1, 'per_pembelian', NULL, '2026-04-27', 'aktif', '2025-04-27 21:19:31', '2025-04-27 21:19:31');
INSERT INTO `pr_customer_poin`(`id`, `customer_id`, `transaksi_id`, `jumlah_poin`, `jenis`, `sumber`, `tanggal_kedaluwarsa`, `status`, `created_at`, `updated_at`) VALUES (54, 8, 24, 2, 'per_produk', '13', '2026-04-28', 'aktif', '2025-04-28 05:11:40', '2025-04-28 05:11:40');
INSERT INTO `pr_customer_poin`(`id`, `customer_id`, `transaksi_id`, `jumlah_poin`, `jenis`, `sumber`, `tanggal_kedaluwarsa`, `status`, `created_at`, `updated_at`) VALUES (55, 4, 23, 1, 'per_pembelian', NULL, '2026-04-28', 'aktif', '2025-04-28 05:47:26', '2025-04-28 05:47:26');
INSERT INTO `pr_detail_extra`(`id`, `detail_transaksi_id`, `pr_produk_extra_id`, `jumlah`, `harga`, `subtotal`, `sku`, `satuan`, `hpp`, `created_at`, `updated_at`, `status`) VALUES (1, 2, 1, 1, 1500, 1500, 'PPBWL', 'PCS', 800, '2025-04-21 21:37:31', '2025-04-21 21:37:31', 'BERHASIL');
INSERT INTO `pr_detail_extra`(`id`, `detail_transaksi_id`, `pr_produk_extra_id`, `jumlah`, `harga`, `subtotal`, `sku`, `satuan`, `hpp`, `created_at`, `updated_at`, `status`) VALUES (2, 2, 2, 1, 1500, 1500, 'PPBX', 'PCS', 800, '2025-04-21 21:37:31', '2025-04-21 21:37:31', 'BERHASIL');
INSERT INTO `pr_detail_extra`(`id`, `detail_transaksi_id`, `pr_produk_extra_id`, `jumlah`, `harga`, `subtotal`, `sku`, `satuan`, `hpp`, `created_at`, `updated_at`, `status`) VALUES (3, 3, 1, 1, 1500, 1500, 'PPBWL', 'PCS', 800, '2025-04-21 21:37:31', '2025-04-21 21:37:31', 'BERHASIL');
INSERT INTO `pr_detail_extra`(`id`, `detail_transaksi_id`, `pr_produk_extra_id`, `jumlah`, `harga`, `subtotal`, `sku`, `satuan`, `hpp`, `created_at`, `updated_at`, `status`) VALUES (4, 3, 2, 1, 1500, 1500, 'PPBX', 'PCS', 800, '2025-04-21 21:37:31', '2025-04-21 21:37:31', 'BERHASIL');
INSERT INTO `pr_detail_extra`(`id`, `detail_transaksi_id`, `pr_produk_extra_id`, `jumlah`, `harga`, `subtotal`, `sku`, `satuan`, `hpp`, `created_at`, `updated_at`, `status`) VALUES (5, 4, 2, 2, 1500, 3000, 'PPBX', 'PCS', 800, '2025-04-21 21:37:31', '2025-04-21 21:37:31', 'REFUND');
INSERT INTO `pr_detail_extra`(`id`, `detail_transaksi_id`, `pr_produk_extra_id`, `jumlah`, `harga`, `subtotal`, `sku`, `satuan`, `hpp`, `created_at`, `updated_at`, `status`) VALUES (6, 5, 2, 2, 1500, 3000, 'PPBX', 'PCS', 800, '2025-04-21 21:37:31', '2025-04-21 21:37:31', 'REFUND');
INSERT INTO `pr_detail_extra`(`id`, `detail_transaksi_id`, `pr_produk_extra_id`, `jumlah`, `harga`, `subtotal`, `sku`, `satuan`, `hpp`, `created_at`, `updated_at`, `status`) VALUES (7, 6, 2, 2, 1500, 3000, 'PPBX', 'PCS', 800, '2025-04-21 21:38:24', '2025-04-21 21:38:24', 'REFUND');
INSERT INTO `pr_detail_extra`(`id`, `detail_transaksi_id`, `pr_produk_extra_id`, `jumlah`, `harga`, `subtotal`, `sku`, `satuan`, `hpp`, `created_at`, `updated_at`, `status`) VALUES (8, 7, 2, 2, 1500, 3000, 'PPBX', 'PCS', 800, '2025-04-21 21:38:24', '2025-04-21 21:38:24', 'REFUND');
INSERT INTO `pr_detail_extra`(`id`, `detail_transaksi_id`, `pr_produk_extra_id`, `jumlah`, `harga`, `subtotal`, `sku`, `satuan`, `hpp`, `created_at`, `updated_at`, `status`) VALUES (9, 10, 1, 2, 1500, 3000, 'PPBWL', 'PCS', 800, '2025-04-21 21:43:52', '2025-04-21 21:43:52', 'REFUND');
INSERT INTO `pr_detail_extra`(`id`, `detail_transaksi_id`, `pr_produk_extra_id`, `jumlah`, `harga`, `subtotal`, `sku`, `satuan`, `hpp`, `created_at`, `updated_at`, `status`) VALUES (10, 10, 2, 2, 1500, 3000, 'PPBX', 'PCS', 800, '2025-04-21 21:43:52', '2025-04-21 21:43:52', 'REFUND');
INSERT INTO `pr_detail_extra`(`id`, `detail_transaksi_id`, `pr_produk_extra_id`, `jumlah`, `harga`, `subtotal`, `sku`, `satuan`, `hpp`, `created_at`, `updated_at`, `status`) VALUES (11, 11, 1, 2, 1500, 3000, 'PPBWL', 'PCS', 800, '2025-04-21 21:43:52', '2025-04-21 21:43:52', 'REFUND');
INSERT INTO `pr_detail_extra`(`id`, `detail_transaksi_id`, `pr_produk_extra_id`, `jumlah`, `harga`, `subtotal`, `sku`, `satuan`, `hpp`, `created_at`, `updated_at`, `status`) VALUES (12, 11, 2, 2, 1500, 3000, 'PPBX', 'PCS', 800, '2025-04-21 21:43:52', '2025-04-21 21:43:52', 'REFUND');
INSERT INTO `pr_detail_extra`(`id`, `detail_transaksi_id`, `pr_produk_extra_id`, `jumlah`, `harga`, `subtotal`, `sku`, `satuan`, `hpp`, `created_at`, `updated_at`, `status`) VALUES (13, 24, 2, 2, 1500, 3000, 'PPBX', 'PCS', 800, '2025-04-22 20:01:38', '2025-04-22 20:01:38', 'BATAL');
INSERT INTO `pr_detail_extra`(`id`, `detail_transaksi_id`, `pr_produk_extra_id`, `jumlah`, `harga`, `subtotal`, `sku`, `satuan`, `hpp`, `created_at`, `updated_at`, `status`) VALUES (14, 25, 2, 2, 1500, 3000, 'PPBX', 'PCS', 800, '2025-04-22 20:01:38', '2025-04-22 20:01:38', 'BATAL');
INSERT INTO `pr_detail_extra`(`id`, `detail_transaksi_id`, `pr_produk_extra_id`, `jumlah`, `harga`, `subtotal`, `sku`, `satuan`, `hpp`, `created_at`, `updated_at`, `status`) VALUES (15, 29, 2, 3, 1500, 4500, 'PPBX', 'PCS', 800, '2025-04-22 20:03:03', '2025-04-22 20:03:03', 'BERHASIL');
INSERT INTO `pr_detail_extra`(`id`, `detail_transaksi_id`, `pr_produk_extra_id`, `jumlah`, `harga`, `subtotal`, `sku`, `satuan`, `hpp`, `created_at`, `updated_at`, `status`) VALUES (16, 30, 2, 3, 1500, 4500, 'PPBX', 'PCS', 800, '2025-04-22 20:03:03', '2025-04-22 20:03:03', 'REFUND');
INSERT INTO `pr_detail_extra`(`id`, `detail_transaksi_id`, `pr_produk_extra_id`, `jumlah`, `harga`, `subtotal`, `sku`, `satuan`, `hpp`, `created_at`, `updated_at`, `status`) VALUES (17, 31, 2, 3, 1500, 4500, 'PPBX', 'PCS', 800, '2025-04-22 20:03:03', '2025-04-22 20:03:03', 'REFUND');
INSERT INTO `pr_detail_extra`(`id`, `detail_transaksi_id`, `pr_produk_extra_id`, `jumlah`, `harga`, `subtotal`, `sku`, `satuan`, `hpp`, `created_at`, `updated_at`, `status`) VALUES (18, 36, 2, 1, 1500, 1500, 'PPBX', 'PCS', 800, '2025-04-23 21:58:21', '2025-04-23 21:58:21', 'REFUND');
INSERT INTO `pr_detail_extra`(`id`, `detail_transaksi_id`, `pr_produk_extra_id`, `jumlah`, `harga`, `subtotal`, `sku`, `satuan`, `hpp`, `created_at`, `updated_at`, `status`) VALUES (19, 37, 1, 1, 1500, 1500, 'PPBWL', 'PCS', 800, '2025-04-23 21:58:21', '2025-04-23 21:58:21', 'REFUND');
INSERT INTO `pr_detail_extra`(`id`, `detail_transaksi_id`, `pr_produk_extra_id`, `jumlah`, `harga`, `subtotal`, `sku`, `satuan`, `hpp`, `created_at`, `updated_at`, `status`) VALUES (20, 37, 2, 1, 1500, 1500, 'PPBX', 'PCS', 800, '2025-04-23 21:58:21', '2025-04-23 21:58:21', 'REFUND');
INSERT INTO `pr_detail_extra`(`id`, `detail_transaksi_id`, `pr_produk_extra_id`, `jumlah`, `harga`, `subtotal`, `sku`, `satuan`, `hpp`, `created_at`, `updated_at`, `status`) VALUES (21, 38, 1, 3, 1500, 4500, 'PPBWL', 'PCS', 800, '2025-04-23 22:04:39', '2025-04-23 22:04:39', 'REFUND');
INSERT INTO `pr_detail_extra`(`id`, `detail_transaksi_id`, `pr_produk_extra_id`, `jumlah`, `harga`, `subtotal`, `sku`, `satuan`, `hpp`, `created_at`, `updated_at`, `status`) VALUES (22, 38, 2, 3, 1500, 4500, 'PPBX', 'PCS', 800, '2025-04-23 22:04:39', '2025-04-23 22:04:39', 'REFUND');
INSERT INTO `pr_detail_extra`(`id`, `detail_transaksi_id`, `pr_produk_extra_id`, `jumlah`, `harga`, `subtotal`, `sku`, `satuan`, `hpp`, `created_at`, `updated_at`, `status`) VALUES (23, 39, 1, 3, 1500, 4500, 'PPBWL', 'PCS', 800, '2025-04-23 22:04:39', '2025-04-23 22:04:39', 'REFUND');
INSERT INTO `pr_detail_extra`(`id`, `detail_transaksi_id`, `pr_produk_extra_id`, `jumlah`, `harga`, `subtotal`, `sku`, `satuan`, `hpp`, `created_at`, `updated_at`, `status`) VALUES (24, 39, 2, 3, 1500, 4500, 'PPBX', 'PCS', 800, '2025-04-23 22:04:39', '2025-04-23 22:04:39', 'REFUND');
INSERT INTO `pr_detail_extra`(`id`, `detail_transaksi_id`, `pr_produk_extra_id`, `jumlah`, `harga`, `subtotal`, `sku`, `satuan`, `hpp`, `created_at`, `updated_at`, `status`) VALUES (25, 40, 1, 3, 1500, 4500, 'PPBWL', 'PCS', 800, '2025-04-23 22:04:39', '2025-04-23 22:04:39', 'REFUND');
INSERT INTO `pr_detail_extra`(`id`, `detail_transaksi_id`, `pr_produk_extra_id`, `jumlah`, `harga`, `subtotal`, `sku`, `satuan`, `hpp`, `created_at`, `updated_at`, `status`) VALUES (26, 40, 2, 3, 1500, 4500, 'PPBX', 'PCS', 800, '2025-04-23 22:04:39', '2025-04-23 22:04:39', 'REFUND');
INSERT INTO `pr_detail_extra`(`id`, `detail_transaksi_id`, `pr_produk_extra_id`, `jumlah`, `harga`, `subtotal`, `sku`, `satuan`, `hpp`, `created_at`, `updated_at`, `status`) VALUES (27, 41, 1, 1, 1500, 1500, 'PPBWL', 'PCS', 800, '2025-04-23 22:09:44', '2025-04-23 22:09:44', 'REFUND');
INSERT INTO `pr_detail_extra`(`id`, `detail_transaksi_id`, `pr_produk_extra_id`, `jumlah`, `harga`, `subtotal`, `sku`, `satuan`, `hpp`, `created_at`, `updated_at`, `status`) VALUES (28, 41, 2, 1, 1500, 1500, 'PPBX', 'PCS', 800, '2025-04-23 22:09:44', '2025-04-23 22:09:44', 'REFUND');
INSERT INTO `pr_detail_extra`(`id`, `detail_transaksi_id`, `pr_produk_extra_id`, `jumlah`, `harga`, `subtotal`, `sku`, `satuan`, `hpp`, `created_at`, `updated_at`, `status`) VALUES (29, 44, 2, 1, 1500, 1500, 'PPBX', 'PCS', 800, '2025-04-24 12:10:11', '2025-04-24 12:10:11', 'REFUND');
INSERT INTO `pr_detail_extra`(`id`, `detail_transaksi_id`, `pr_produk_extra_id`, `jumlah`, `harga`, `subtotal`, `sku`, `satuan`, `hpp`, `created_at`, `updated_at`, `status`) VALUES (30, 52, 1, 1, 1500, 1500, 'PPBWL', 'PCS', 800, '2025-04-27 05:40:34', '2025-04-27 05:40:34', 'BERHASIL');
INSERT INTO `pr_detail_extra`(`id`, `detail_transaksi_id`, `pr_produk_extra_id`, `jumlah`, `harga`, `subtotal`, `sku`, `satuan`, `hpp`, `created_at`, `updated_at`, `status`) VALUES (31, 55, 1, 1, 1500, 1500, 'PPBWL', 'PCS', 800, '2025-04-27 06:02:33', '2025-04-27 06:02:33', 'BERHASIL');
INSERT INTO `pr_detail_extra`(`id`, `detail_transaksi_id`, `pr_produk_extra_id`, `jumlah`, `harga`, `subtotal`, `sku`, `satuan`, `hpp`, `created_at`, `updated_at`, `status`) VALUES (32, 68, 1, 1, 1500, 1500, 'PPBWL', 'PCS', 800, '2025-04-27 20:07:30', '2025-04-27 20:07:30', 'BERHASIL');
INSERT INTO `pr_detail_extra`(`id`, `detail_transaksi_id`, `pr_produk_extra_id`, `jumlah`, `harga`, `subtotal`, `sku`, `satuan`, `hpp`, `created_at`, `updated_at`, `status`) VALUES (33, 68, 2, 1, 1500, 1500, 'PPBX', 'PCS', 800, '2025-04-27 20:07:30', '2025-04-27 20:07:30', 'BERHASIL');
INSERT INTO `pr_detail_extra`(`id`, `detail_transaksi_id`, `pr_produk_extra_id`, `jumlah`, `harga`, `subtotal`, `sku`, `satuan`, `hpp`, `created_at`, `updated_at`, `status`) VALUES (34, 71, 2, 1, 1500, 1500, 'PPBX', 'PCS', 800, '2025-04-28 05:08:56', '2025-04-28 05:08:56', NULL);
INSERT INTO `pr_detail_transaksi`(`id`, `pr_transaksi_id`, `pr_produk_id`, `detail_unit_id`, `jumlah`, `harga`, `catatan`, `is_printed`, `status`, `created_at`, `updated_at`, `is_checked`) VALUES (1, 1, 21, '6806582b8c81b', 1, 18000.00, 'ass', 1, 'REFUND', '2025-04-21 21:37:31', '2025-04-21 22:28:45', 0);
INSERT INTO `pr_detail_transaksi`(`id`, `pr_transaksi_id`, `pr_produk_id`, `detail_unit_id`, `jumlah`, `harga`, `catatan`, `is_printed`, `status`, `created_at`, `updated_at`, `is_checked`) VALUES (2, 1, 6, '6806582b8ca0d', 1, 16000.00, '', 1, 'REFUND', '2025-04-21 21:37:31', '2025-04-23 06:54:41', 0);
INSERT INTO `pr_detail_transaksi`(`id`, `pr_transaksi_id`, `pr_produk_id`, `detail_unit_id`, `jumlah`, `harga`, `catatan`, `is_printed`, `status`, `created_at`, `updated_at`, `is_checked`) VALUES (3, 1, 6, '6806582b8ca0d', 1, 16000.00, '', 1, 'REFUND', '2025-04-21 21:37:31', '2025-04-23 07:04:17', 0);
INSERT INTO `pr_detail_transaksi`(`id`, `pr_transaksi_id`, `pr_produk_id`, `detail_unit_id`, `jumlah`, `harga`, `catatan`, `is_printed`, `status`, `created_at`, `updated_at`, `is_checked`) VALUES (4, 1, 6, '6806582b8ec9a', 1, 16000.00, '', 1, 'REFUND', '2025-04-21 21:37:31', '2025-04-23 07:17:41', 0);
INSERT INTO `pr_detail_transaksi`(`id`, `pr_transaksi_id`, `pr_produk_id`, `detail_unit_id`, `jumlah`, `harga`, `catatan`, `is_printed`, `status`, `created_at`, `updated_at`, `is_checked`) VALUES (5, 1, 6, '6806582b8ec9a', 1, 16000.00, '', 1, 'REFUND', '2025-04-21 21:37:31', '2025-04-23 21:49:29', 0);
INSERT INTO `pr_detail_transaksi`(`id`, `pr_transaksi_id`, `pr_produk_id`, `detail_unit_id`, `jumlah`, `harga`, `catatan`, `is_printed`, `status`, `created_at`, `updated_at`, `is_checked`) VALUES (6, 1, 21, '68065860dc7b9', 1, 18000.00, '', 1, 'REFUND', '2025-04-21 21:38:24', '2025-04-23 21:49:29', 0);
INSERT INTO `pr_detail_transaksi`(`id`, `pr_transaksi_id`, `pr_produk_id`, `detail_unit_id`, `jumlah`, `harga`, `catatan`, `is_printed`, `status`, `created_at`, `updated_at`, `is_checked`) VALUES (7, 1, 21, '68065860dc7b9', 1, 18000.00, '', 1, 'REFUND', '2025-04-21 21:38:24', '2025-04-23 21:49:29', 0);
INSERT INTO `pr_detail_transaksi`(`id`, `pr_transaksi_id`, `pr_produk_id`, `detail_unit_id`, `jumlah`, `harga`, `catatan`, `is_printed`, `status`, `created_at`, `updated_at`, `is_checked`) VALUES (8, 1, 6, '6806597db41b3', 1, 16000.00, '', 1, 'REFUND', '2025-04-21 21:43:09', '2025-04-23 21:49:29', 0);
INSERT INTO `pr_detail_transaksi`(`id`, `pr_transaksi_id`, `pr_produk_id`, `detail_unit_id`, `jumlah`, `harga`, `catatan`, `is_printed`, `status`, `created_at`, `updated_at`, `is_checked`) VALUES (9, 2, 51, '680659a85252c', 1, 20000.00, '', 1, 'REFUND', '2025-04-21 21:43:52', '2025-04-23 21:46:50', 0);
INSERT INTO `pr_detail_transaksi`(`id`, `pr_transaksi_id`, `pr_produk_id`, `detail_unit_id`, `jumlah`, `harga`, `catatan`, `is_printed`, `status`, `created_at`, `updated_at`, `is_checked`) VALUES (10, 2, 6, '680659a853686', 1, 16000.00, '', 1, 'REFUND', '2025-04-21 21:43:52', '2025-04-23 21:46:50', 0);
INSERT INTO `pr_detail_transaksi`(`id`, `pr_transaksi_id`, `pr_produk_id`, `detail_unit_id`, `jumlah`, `harga`, `catatan`, `is_printed`, `status`, `created_at`, `updated_at`, `is_checked`) VALUES (11, 2, 6, '680659a853686', 1, 16000.00, '', 1, 'REFUND', '2025-04-21 21:43:52', '2025-04-23 21:46:50', 0);
INSERT INTO `pr_detail_transaksi`(`id`, `pr_transaksi_id`, `pr_produk_id`, `detail_unit_id`, `jumlah`, `harga`, `catatan`, `is_printed`, `status`, `created_at`, `updated_at`, `is_checked`) VALUES (12, 2, 69, '680659f7c32c2', 1, 21000.00, '', 1, 'REFUND', '2025-04-21 21:45:11', '2025-04-23 21:46:50', 0);
INSERT INTO `pr_detail_transaksi`(`id`, `pr_transaksi_id`, `pr_produk_id`, `detail_unit_id`, `jumlah`, `harga`, `catatan`, `is_printed`, `status`, `created_at`, `updated_at`, `is_checked`) VALUES (13, 3, 50, '68065a0fcc47a', 1, 19000.00, '', 1, 'REFUND', '2025-04-21 21:45:35', '2025-04-23 21:54:30', 0);
INSERT INTO `pr_detail_transaksi`(`id`, `pr_transaksi_id`, `pr_produk_id`, `detail_unit_id`, `jumlah`, `harga`, `catatan`, `is_printed`, `status`, `created_at`, `updated_at`, `is_checked`) VALUES (14, 3, 7, '68065a0fcd208', 1, 17000.00, '', 1, 'REFUND', '2025-04-21 21:45:35', '2025-04-23 21:54:41', 0);
INSERT INTO `pr_detail_transaksi`(`id`, `pr_transaksi_id`, `pr_produk_id`, `detail_unit_id`, `jumlah`, `harga`, `catatan`, `is_printed`, `status`, `created_at`, `updated_at`, `is_checked`) VALUES (15, 3, 6, '68065a0fcd302', 1, 16000.00, '', 1, 'REFUND', '2025-04-21 21:45:35', '2025-04-23 21:54:41', 0);
INSERT INTO `pr_detail_transaksi`(`id`, `pr_transaksi_id`, `pr_produk_id`, `detail_unit_id`, `jumlah`, `harga`, `catatan`, `is_printed`, `status`, `created_at`, `updated_at`, `is_checked`) VALUES (16, 2, 6, '68065a8f4bb3d', 1, 16000.00, '', 1, 'REFUND', '2025-04-21 21:47:43', '2025-04-23 21:46:50', 0);
INSERT INTO `pr_detail_transaksi`(`id`, `pr_transaksi_id`, `pr_produk_id`, `detail_unit_id`, `jumlah`, `harga`, `catatan`, `is_printed`, `status`, `created_at`, `updated_at`, `is_checked`) VALUES (17, 2, 6, '68065a8f4bc54', 1, 16000.00, '', 1, 'REFUND', '2025-04-21 21:47:43', '2025-04-23 21:46:50', 0);
INSERT INTO `pr_detail_transaksi`(`id`, `pr_transaksi_id`, `pr_produk_id`, `detail_unit_id`, `jumlah`, `harga`, `catatan`, `is_printed`, `status`, `created_at`, `updated_at`, `is_checked`) VALUES (18, 4, 50, '68065acacb155', 1, 19000.00, '', 1, 'REFUND', '2025-04-21 21:48:42', '2025-04-24 06:09:13', 0);
INSERT INTO `pr_detail_transaksi`(`id`, `pr_transaksi_id`, `pr_produk_id`, `detail_unit_id`, `jumlah`, `harga`, `catatan`, `is_printed`, `status`, `created_at`, `updated_at`, `is_checked`) VALUES (19, 4, 7, '68065acacd224', 1, 17000.00, '', 1, 'REFUND', '2025-04-21 21:48:42', '2025-04-24 06:09:13', 0);
INSERT INTO `pr_detail_transaksi`(`id`, `pr_transaksi_id`, `pr_produk_id`, `detail_unit_id`, `jumlah`, `harga`, `catatan`, `is_printed`, `status`, `created_at`, `updated_at`, `is_checked`) VALUES (20, 4, 6, '68065acacdcc4', 1, 16000.00, '', 1, 'REFUND', '2025-04-21 21:48:42', '2025-04-24 06:09:13', 0);
INSERT INTO `pr_detail_transaksi`(`id`, `pr_transaksi_id`, `pr_produk_id`, `detail_unit_id`, `jumlah`, `harga`, `catatan`, `is_printed`, `status`, `created_at`, `updated_at`, `is_checked`) VALUES (21, 5, 6, '68065db207f33', 1, 16000.00, '', 1, 'REFUND', '2025-04-21 22:01:06', '2025-04-23 21:46:04', 0);
INSERT INTO `pr_detail_transaksi`(`id`, `pr_transaksi_id`, `pr_produk_id`, `detail_unit_id`, `jumlah`, `harga`, `catatan`, `is_printed`, `status`, `created_at`, `updated_at`, `is_checked`) VALUES (22, 6, 81, '6807933275dc9', 1, 25000.00, '', 1, 'REFUND', '2025-04-22 20:01:38', '2025-04-23 22:00:51', 0);
INSERT INTO `pr_detail_transaksi`(`id`, `pr_transaksi_id`, `pr_produk_id`, `detail_unit_id`, `jumlah`, `harga`, `catatan`, `is_printed`, `status`, `created_at`, `updated_at`, `is_checked`) VALUES (23, 6, 9, '6807933276950', 1, 68000.00, '', 1, 'REFUND', '2025-04-22 20:01:38', '2025-04-23 22:02:47', 0);
INSERT INTO `pr_detail_transaksi`(`id`, `pr_transaksi_id`, `pr_produk_id`, `detail_unit_id`, `jumlah`, `harga`, `catatan`, `is_printed`, `status`, `created_at`, `updated_at`, `is_checked`) VALUES (24, 6, 7, '6807933276a84', 1, 17000.00, '', 1, 'BATAL', '2025-04-22 20:01:38', '2025-04-23 06:57:51', 0);
INSERT INTO `pr_detail_transaksi`(`id`, `pr_transaksi_id`, `pr_produk_id`, `detail_unit_id`, `jumlah`, `harga`, `catatan`, `is_printed`, `status`, `created_at`, `updated_at`, `is_checked`) VALUES (25, 6, 7, '6807933276a84', 1, 17000.00, '', 1, 'BATAL', '2025-04-22 20:01:38', '2025-04-23 06:57:51', 0);
INSERT INTO `pr_detail_transaksi`(`id`, `pr_transaksi_id`, `pr_produk_id`, `detail_unit_id`, `jumlah`, `harga`, `catatan`, `is_printed`, `status`, `created_at`, `updated_at`, `is_checked`) VALUES (26, 6, 6, '68079332793fd', 1, 16000.00, '', 1, 'REFUND', '2025-04-22 20:01:38', '2025-04-23 21:59:13', 0);
INSERT INTO `pr_detail_transaksi`(`id`, `pr_transaksi_id`, `pr_produk_id`, `detail_unit_id`, `jumlah`, `harga`, `catatan`, `is_printed`, `status`, `created_at`, `updated_at`, `is_checked`) VALUES (27, 7, 14, '680793870ace1', 1, 28000.00, '', 1, 'REFUND', '2025-04-22 20:03:03', '2025-04-23 21:51:11', 0);
INSERT INTO `pr_detail_transaksi`(`id`, `pr_transaksi_id`, `pr_produk_id`, `detail_unit_id`, `jumlah`, `harga`, `catatan`, `is_printed`, `status`, `created_at`, `updated_at`, `is_checked`) VALUES (28, 7, 13, '680793870c55a', 1, 25000.00, '', 1, 'REFUND', '2025-04-22 20:03:03', '2025-04-23 21:51:11', 0);
INSERT INTO `pr_detail_transaksi`(`id`, `pr_transaksi_id`, `pr_produk_id`, `detail_unit_id`, `jumlah`, `harga`, `catatan`, `is_printed`, `status`, `created_at`, `updated_at`, `is_checked`) VALUES (29, 7, 7, '680793870d947', 1, 17000.00, '', 1, 'REFUND', '2025-04-22 20:03:03', '2025-04-22 20:38:40', 0);
INSERT INTO `pr_detail_transaksi`(`id`, `pr_transaksi_id`, `pr_produk_id`, `detail_unit_id`, `jumlah`, `harga`, `catatan`, `is_printed`, `status`, `created_at`, `updated_at`, `is_checked`) VALUES (30, 7, 7, '680793870d947', 1, 17000.00, '', 1, 'REFUND', '2025-04-22 20:03:03', '2025-04-23 21:51:11', 0);
INSERT INTO `pr_detail_transaksi`(`id`, `pr_transaksi_id`, `pr_produk_id`, `detail_unit_id`, `jumlah`, `harga`, `catatan`, `is_printed`, `status`, `created_at`, `updated_at`, `is_checked`) VALUES (31, 7, 7, '680793870d947', 1, 17000.00, '', 1, 'REFUND', '2025-04-22 20:03:03', '2025-04-23 21:51:11', 0);
INSERT INTO `pr_detail_transaksi`(`id`, `pr_transaksi_id`, `pr_produk_id`, `detail_unit_id`, `jumlah`, `harga`, `catatan`, `is_printed`, `status`, `created_at`, `updated_at`, `is_checked`) VALUES (32, 7, 6, '680793870f938', 1, 16000.00, '', 1, 'REFUND', '2025-04-22 20:03:03', '2025-04-23 21:51:11', 0);
INSERT INTO `pr_detail_transaksi`(`id`, `pr_transaksi_id`, `pr_produk_id`, `detail_unit_id`, `jumlah`, `harga`, `catatan`, `is_printed`, `status`, `created_at`, `updated_at`, `is_checked`) VALUES (33, 8, 7, '68079421dfd3a', 1, 17000.00, '', 1, 'REFUND', '2025-04-22 20:05:37', '2025-04-23 22:06:40', 0);
INSERT INTO `pr_detail_transaksi`(`id`, `pr_transaksi_id`, `pr_produk_id`, `detail_unit_id`, `jumlah`, `harga`, `catatan`, `is_printed`, `status`, `created_at`, `updated_at`, `is_checked`) VALUES (34, 8, 14, '68079421e288e', 1, 28000.00, '', 1, 'BATAL', '2025-04-22 20:05:37', '2025-04-23 22:04:15', 0);
INSERT INTO `pr_detail_transaksi`(`id`, `pr_transaksi_id`, `pr_produk_id`, `detail_unit_id`, `jumlah`, `harga`, `catatan`, `is_printed`, `status`, `created_at`, `updated_at`, `is_checked`) VALUES (35, 8, 13, '68079421e39ba', 1, 25000.00, '', 1, 'REFUND', '2025-04-22 20:05:37', '2025-04-24 06:27:23', 0);
INSERT INTO `pr_detail_transaksi`(`id`, `pr_transaksi_id`, `pr_produk_id`, `detail_unit_id`, `jumlah`, `harga`, `catatan`, `is_printed`, `status`, `created_at`, `updated_at`, `is_checked`) VALUES (36, 6, 9, '6809000dc9593', 1, 68000.00, '', 1, 'REFUND', '2025-04-23 21:58:21', '2025-04-24 06:08:30', 0);
INSERT INTO `pr_detail_transaksi`(`id`, `pr_transaksi_id`, `pr_produk_id`, `detail_unit_id`, `jumlah`, `harga`, `catatan`, `is_printed`, `status`, `created_at`, `updated_at`, `is_checked`) VALUES (37, 6, 6, '6809000dc9d5f', 1, 16000.00, '', 1, 'REFUND', '2025-04-23 21:58:21', '2025-04-24 05:57:04', 0);
INSERT INTO `pr_detail_transaksi`(`id`, `pr_transaksi_id`, `pr_produk_id`, `detail_unit_id`, `jumlah`, `harga`, `catatan`, `is_printed`, `status`, `created_at`, `updated_at`, `is_checked`) VALUES (38, 8, 50, '68090187742e6', 1, 19000.00, '', 1, 'REFUND', '2025-04-23 22:04:39', '2025-04-24 06:32:32', 0);
INSERT INTO `pr_detail_transaksi`(`id`, `pr_transaksi_id`, `pr_produk_id`, `detail_unit_id`, `jumlah`, `harga`, `catatan`, `is_printed`, `status`, `created_at`, `updated_at`, `is_checked`) VALUES (39, 8, 50, '68090187742e6', 1, 19000.00, '', 1, 'REFUND', '2025-04-23 22:04:39', '2025-04-24 11:23:46', 0);
INSERT INTO `pr_detail_transaksi`(`id`, `pr_transaksi_id`, `pr_produk_id`, `detail_unit_id`, `jumlah`, `harga`, `catatan`, `is_printed`, `status`, `created_at`, `updated_at`, `is_checked`) VALUES (40, 8, 50, '68090187742e6', 1, 19000.00, '', 1, 'REFUND', '2025-04-23 22:04:39', '2025-04-24 12:02:35', 0);
INSERT INTO `pr_detail_transaksi`(`id`, `pr_transaksi_id`, `pr_produk_id`, `detail_unit_id`, `jumlah`, `harga`, `catatan`, `is_printed`, `status`, `created_at`, `updated_at`, `is_checked`) VALUES (41, 9, 50, '680902b88bdc4', 1, 19000.00, '', 1, 'REFUND', '2025-04-23 22:09:44', '2025-04-24 05:42:25', 0);
INSERT INTO `pr_detail_transaksi`(`id`, `pr_transaksi_id`, `pr_produk_id`, `detail_unit_id`, `jumlah`, `harga`, `catatan`, `is_printed`, `status`, `created_at`, `updated_at`, `is_checked`) VALUES (42, 9, 7, '680902b88dc76', 1, 17000.00, '', 1, 'REFUND', '2025-04-23 22:09:44', '2025-04-24 05:41:53', 0);
INSERT INTO `pr_detail_transaksi`(`id`, `pr_transaksi_id`, `pr_produk_id`, `detail_unit_id`, `jumlah`, `harga`, `catatan`, `is_printed`, `status`, `created_at`, `updated_at`, `is_checked`) VALUES (43, 9, 6, '680902b88de84', 1, 16000.00, '', 1, 'BATAL', '2025-04-23 22:09:44', '2025-04-23 22:10:07', 0);
INSERT INTO `pr_detail_transaksi`(`id`, `pr_transaksi_id`, `pr_produk_id`, `detail_unit_id`, `jumlah`, `harga`, `catatan`, `is_printed`, `status`, `created_at`, `updated_at`, `is_checked`) VALUES (44, 10, 15, '6809c7b3311bc', 1, 22000.00, '', 1, 'REFUND', '2025-04-24 12:10:11', '2025-04-24 20:39:17', 0);
INSERT INTO `pr_detail_transaksi`(`id`, `pr_transaksi_id`, `pr_produk_id`, `detail_unit_id`, `jumlah`, `harga`, `catatan`, `is_printed`, `status`, `created_at`, `updated_at`, `is_checked`) VALUES (45, 10, 14, '6809c7b3316a5', 1, 28000.00, '', 1, 'REFUND', '2025-04-24 12:10:11', '2025-04-24 20:39:17', 0);
INSERT INTO `pr_detail_transaksi`(`id`, `pr_transaksi_id`, `pr_produk_id`, `detail_unit_id`, `jumlah`, `harga`, `catatan`, `is_printed`, `status`, `created_at`, `updated_at`, `is_checked`) VALUES (46, 10, 6, '6809c7b33177f', 1, 16000.00, '', 1, 'REFUND', '2025-04-24 12:10:11', '2025-04-24 20:39:17', 0);
INSERT INTO `pr_detail_transaksi`(`id`, `pr_transaksi_id`, `pr_produk_id`, `detail_unit_id`, `jumlah`, `harga`, `catatan`, `is_printed`, `status`, `created_at`, `updated_at`, `is_checked`) VALUES (47, 11, 218, '6809dd5b74f96', 1, 22000.00, '', 1, 'BATAL', '2025-04-24 13:42:35', '2025-04-24 14:11:05', 0);
INSERT INTO `pr_detail_transaksi`(`id`, `pr_transaksi_id`, `pr_produk_id`, `detail_unit_id`, `jumlah`, `harga`, `catatan`, `is_printed`, `status`, `created_at`, `updated_at`, `is_checked`) VALUES (48, 11, 217, '6809dd5b76511', 1, 20000.00, '', 1, 'REFUND', '2025-04-24 13:42:35', '2025-04-26 16:15:05', 0);
INSERT INTO `pr_detail_transaksi`(`id`, `pr_transaksi_id`, `pr_produk_id`, `detail_unit_id`, `jumlah`, `harga`, `catatan`, `is_printed`, `status`, `created_at`, `updated_at`, `is_checked`) VALUES (49, 11, 6, '6809dd5b76743', 1, 16000.00, '', 1, 'REFUND', '2025-04-24 13:42:35', '2025-04-26 16:15:05', 0);
INSERT INTO `pr_detail_transaksi`(`id`, `pr_transaksi_id`, `pr_produk_id`, `detail_unit_id`, `jumlah`, `harga`, `catatan`, `is_printed`, `status`, `created_at`, `updated_at`, `is_checked`) VALUES (50, 12, 9, '680d60e2c7c95', 1, 68000.00, '', 1, 'BERHASIL', '2025-04-27 05:40:34', '2025-04-27 21:19:31', 0);
INSERT INTO `pr_detail_transaksi`(`id`, `pr_transaksi_id`, `pr_produk_id`, `detail_unit_id`, `jumlah`, `harga`, `catatan`, `is_printed`, `status`, `created_at`, `updated_at`, `is_checked`) VALUES (51, 12, 81, '680d60e2c8ad6', 1, 25000.00, '', 1, 'BERHASIL', '2025-04-27 05:40:34', '2025-04-27 21:19:31', 0);
INSERT INTO `pr_detail_transaksi`(`id`, `pr_transaksi_id`, `pr_produk_id`, `detail_unit_id`, `jumlah`, `harga`, `catatan`, `is_printed`, `status`, `created_at`, `updated_at`, `is_checked`) VALUES (52, 12, 7, '680d60e2c8cdd', 1, 17000.00, '', 1, 'BERHASIL', '2025-04-27 05:40:34', '2025-04-27 21:19:31', 0);
INSERT INTO `pr_detail_transaksi`(`id`, `pr_transaksi_id`, `pr_produk_id`, `detail_unit_id`, `jumlah`, `harga`, `catatan`, `is_printed`, `status`, `created_at`, `updated_at`, `is_checked`) VALUES (53, 12, 6, '680d60e2c9315', 1, 16000.00, '', 1, 'BERHASIL', '2025-04-27 05:40:34', '2025-04-27 21:19:31', 0);
INSERT INTO `pr_detail_transaksi`(`id`, `pr_transaksi_id`, `pr_produk_id`, `detail_unit_id`, `jumlah`, `harga`, `catatan`, `is_printed`, `status`, `created_at`, `updated_at`, `is_checked`) VALUES (54, 13, 12, '680d660953268', 1, 20000.00, '', 1, 'BERHASIL', '2025-04-27 06:02:33', '2025-04-27 21:19:21', 0);
INSERT INTO `pr_detail_transaksi`(`id`, `pr_transaksi_id`, `pr_produk_id`, `detail_unit_id`, `jumlah`, `harga`, `catatan`, `is_printed`, `status`, `created_at`, `updated_at`, `is_checked`) VALUES (55, 13, 14, '680d6609533da', 1, 28000.00, '', 1, 'BERHASIL', '2025-04-27 06:02:33', '2025-04-27 21:19:21', 0);
INSERT INTO `pr_detail_transaksi`(`id`, `pr_transaksi_id`, `pr_produk_id`, `detail_unit_id`, `jumlah`, `harga`, `catatan`, `is_printed`, `status`, `created_at`, `updated_at`, `is_checked`) VALUES (56, 13, 13, '680d6609537a4', 1, 25000.00, '', 1, 'BERHASIL', '2025-04-27 06:02:33', '2025-04-27 21:19:21', 0);
INSERT INTO `pr_detail_transaksi`(`id`, `pr_transaksi_id`, `pr_produk_id`, `detail_unit_id`, `jumlah`, `harga`, `catatan`, `is_printed`, `status`, `created_at`, `updated_at`, `is_checked`) VALUES (57, 14, 6, '680e24a5f136a', 1, 16000.00, '', 1, 'BERHASIL', '2025-04-27 19:35:49', '2025-04-27 21:19:12', 0);
INSERT INTO `pr_detail_transaksi`(`id`, `pr_transaksi_id`, `pr_produk_id`, `detail_unit_id`, `jumlah`, `harga`, `catatan`, `is_printed`, `status`, `created_at`, `updated_at`, `is_checked`) VALUES (58, 15, 7, '680e25a71dddc', 1, 17000.00, '', 1, 'BERHASIL', '2025-04-27 19:40:07', '2025-04-27 21:19:41', 0);
INSERT INTO `pr_detail_transaksi`(`id`, `pr_transaksi_id`, `pr_produk_id`, `detail_unit_id`, `jumlah`, `harga`, `catatan`, `is_printed`, `status`, `created_at`, `updated_at`, `is_checked`) VALUES (59, 16, 14, '680e25be6823f', 1, 28000.00, '', 1, 'BERHASIL', '2025-04-27 19:40:30', '2025-04-27 21:18:52', 0);
INSERT INTO `pr_detail_transaksi`(`id`, `pr_transaksi_id`, `pr_produk_id`, `detail_unit_id`, `jumlah`, `harga`, `catatan`, `is_printed`, `status`, `created_at`, `updated_at`, `is_checked`) VALUES (60, 16, 50, '680e25be69375', 1, 19000.00, '', 1, 'BERHASIL', '2025-04-27 19:40:30', '2025-04-27 21:18:52', 0);
INSERT INTO `pr_detail_transaksi`(`id`, `pr_transaksi_id`, `pr_produk_id`, `detail_unit_id`, `jumlah`, `harga`, `catatan`, `is_printed`, `status`, `created_at`, `updated_at`, `is_checked`) VALUES (61, 17, 14, '680e25d030f41', 1, 28000.00, '', 1, 'BERHASIL', '2025-04-27 19:40:48', '2025-04-27 21:19:02', 0);
INSERT INTO `pr_detail_transaksi`(`id`, `pr_transaksi_id`, `pr_produk_id`, `detail_unit_id`, `jumlah`, `harga`, `catatan`, `is_printed`, `status`, `created_at`, `updated_at`, `is_checked`) VALUES (62, 17, 13, '680e25d0310cc', 1, 25000.00, '', 1, 'BERHASIL', '2025-04-27 19:40:48', '2025-04-27 21:19:02', 0);
INSERT INTO `pr_detail_transaksi`(`id`, `pr_transaksi_id`, `pr_produk_id`, `detail_unit_id`, `jumlah`, `harga`, `catatan`, `is_printed`, `status`, `created_at`, `updated_at`, `is_checked`) VALUES (66, 20, 6, '680e2c125f974', 1, 16000.00, '', 1, 'BERHASIL', '2025-04-27 20:07:30', '2025-04-27 21:18:40', 0);
INSERT INTO `pr_detail_transaksi`(`id`, `pr_transaksi_id`, `pr_produk_id`, `detail_unit_id`, `jumlah`, `harga`, `catatan`, `is_printed`, `status`, `created_at`, `updated_at`, `is_checked`) VALUES (67, 20, 7, '680e2c125fafb', 1, 17000.00, '', 1, 'BERHASIL', '2025-04-27 20:07:30', '2025-04-27 21:18:40', 0);
INSERT INTO `pr_detail_transaksi`(`id`, `pr_transaksi_id`, `pr_produk_id`, `detail_unit_id`, `jumlah`, `harga`, `catatan`, `is_printed`, `status`, `created_at`, `updated_at`, `is_checked`) VALUES (68, 20, 6, '680e2c1260a13', 1, 16000.00, '', 1, 'BERHASIL', '2025-04-27 20:07:30', '2025-04-27 21:18:40', 0);
INSERT INTO `pr_detail_transaksi`(`id`, `pr_transaksi_id`, `pr_produk_id`, `detail_unit_id`, `jumlah`, `harga`, `catatan`, `is_printed`, `status`, `created_at`, `updated_at`, `is_checked`) VALUES (69, 20, 51, '680e2c1260d59', 1, 20000.00, '', 1, 'BERHASIL', '2025-04-27 20:07:30', '2025-04-27 21:18:40', 0);
INSERT INTO `pr_detail_transaksi`(`id`, `pr_transaksi_id`, `pr_produk_id`, `detail_unit_id`, `jumlah`, `harga`, `catatan`, `is_printed`, `status`, `created_at`, `updated_at`, `is_checked`) VALUES (70, 21, 14, '680eaaf842af4', 1, 28000.00, '', 1, NULL, '2025-04-28 05:08:56', '2025-04-28 05:09:02', 0);
INSERT INTO `pr_detail_transaksi`(`id`, `pr_transaksi_id`, `pr_produk_id`, `detail_unit_id`, `jumlah`, `harga`, `catatan`, `is_printed`, `status`, `created_at`, `updated_at`, `is_checked`) VALUES (71, 21, 6, '680eaaf842d4e', 1, 16000.00, '', 1, NULL, '2025-04-28 05:08:56', '2025-04-28 05:09:02', 0);
INSERT INTO `pr_detail_transaksi`(`id`, `pr_transaksi_id`, `pr_produk_id`, `detail_unit_id`, `jumlah`, `harga`, `catatan`, `is_printed`, `status`, `created_at`, `updated_at`, `is_checked`) VALUES (72, 22, 39, '680eab1f495a4', 1, 17000.00, '', 1, NULL, '2025-04-28 05:09:35', '2025-04-28 05:09:41', 0);
INSERT INTO `pr_detail_transaksi`(`id`, `pr_transaksi_id`, `pr_produk_id`, `detail_unit_id`, `jumlah`, `harga`, `catatan`, `is_printed`, `status`, `created_at`, `updated_at`, `is_checked`) VALUES (73, 22, 14, '680eab1f497cc', 1, 28000.00, '', 1, NULL, '2025-04-28 05:09:35', '2025-04-28 05:09:41', 0);
INSERT INTO `pr_detail_transaksi`(`id`, `pr_transaksi_id`, `pr_produk_id`, `detail_unit_id`, `jumlah`, `harga`, `catatan`, `is_printed`, `status`, `created_at`, `updated_at`, `is_checked`) VALUES (74, 23, 9, '680eab778919c', 1, 68000.00, '', 1, 'BERHASIL', '2025-04-28 05:11:03', '2025-04-28 05:47:26', 0);
INSERT INTO `pr_detail_transaksi`(`id`, `pr_transaksi_id`, `pr_produk_id`, `detail_unit_id`, `jumlah`, `harga`, `catatan`, `is_printed`, `status`, `created_at`, `updated_at`, `is_checked`) VALUES (75, 23, 81, '680eab7789323', 1, 25000.00, '', 1, 'BERHASIL', '2025-04-28 05:11:03', '2025-04-28 05:47:26', 0);
INSERT INTO `pr_detail_transaksi`(`id`, `pr_transaksi_id`, `pr_produk_id`, `detail_unit_id`, `jumlah`, `harga`, `catatan`, `is_printed`, `status`, `created_at`, `updated_at`, `is_checked`) VALUES (76, 23, 6, '680eab778a4af', 1, 16000.00, '', 1, 'BERHASIL', '2025-04-28 05:11:03', '2025-04-28 05:47:26', 0);
INSERT INTO `pr_detail_transaksi`(`id`, `pr_transaksi_id`, `pr_produk_id`, `detail_unit_id`, `jumlah`, `harga`, `catatan`, `is_printed`, `status`, `created_at`, `updated_at`, `is_checked`) VALUES (77, 24, 14, '680eab8b75e67', 1, 28000.00, '', 1, 'BERHASIL', '2025-04-28 05:11:23', '2025-04-28 05:11:40', 0);
INSERT INTO `pr_detail_transaksi`(`id`, `pr_transaksi_id`, `pr_produk_id`, `detail_unit_id`, `jumlah`, `harga`, `catatan`, `is_printed`, `status`, `created_at`, `updated_at`, `is_checked`) VALUES (78, 24, 16, '680eab8b7700d', 1, 25000.00, '', 1, 'BERHASIL', '2025-04-28 05:11:23', '2025-04-28 05:11:40', 0);
INSERT INTO `pr_detail_transaksi`(`id`, `pr_transaksi_id`, `pr_produk_id`, `detail_unit_id`, `jumlah`, `harga`, `catatan`, `is_printed`, `status`, `created_at`, `updated_at`, `is_checked`) VALUES (79, 24, 13, '680eab8b771bb', 1, 25000.00, '', 1, 'BERHASIL', '2025-04-28 05:11:23', '2025-04-28 05:11:40', 0);
INSERT INTO `pr_detail_transaksi`(`id`, `pr_transaksi_id`, `pr_produk_id`, `detail_unit_id`, `jumlah`, `harga`, `catatan`, `is_printed`, `status`, `created_at`, `updated_at`, `is_checked`) VALUES (80, 25, 45, '680eb39753531', 1, 26000.00, '', 1, NULL, '2025-04-28 05:45:43', '2025-04-28 05:45:49', 0);
INSERT INTO `pr_detail_transaksi`(`id`, `pr_transaksi_id`, `pr_produk_id`, `detail_unit_id`, `jumlah`, `harga`, `catatan`, `is_printed`, `status`, `created_at`, `updated_at`, `is_checked`) VALUES (81, 25, 7, '680eb3975380d', 1, 17000.00, '', 1, NULL, '2025-04-28 05:45:43', '2025-04-28 05:45:49', 0);
INSERT INTO `pr_detail_transaksi`(`id`, `pr_transaksi_id`, `pr_produk_id`, `detail_unit_id`, `jumlah`, `harga`, `catatan`, `is_printed`, `status`, `created_at`, `updated_at`, `is_checked`) VALUES (82, 26, 15, '680eb701c8884', 1, 22000.00, '', 1, NULL, '2025-04-28 06:00:17', '2025-04-28 06:00:24', 0);
INSERT INTO `pr_detail_transaksi`(`id`, `pr_transaksi_id`, `pr_produk_id`, `detail_unit_id`, `jumlah`, `harga`, `catatan`, `is_printed`, `status`, `created_at`, `updated_at`, `is_checked`) VALUES (83, 26, 14, '680eb701c9d56', 1, 28000.00, '', 1, NULL, '2025-04-28 06:00:17', '2025-04-28 06:00:24', 0);
INSERT INTO `pr_detail_transaksi`(`id`, `pr_transaksi_id`, `pr_produk_id`, `detail_unit_id`, `jumlah`, `harga`, `catatan`, `is_printed`, `status`, `created_at`, `updated_at`, `is_checked`) VALUES (84, 26, 6, '680eb701ca3d9', 1, 16000.00, '', 1, NULL, '2025-04-28 06:00:17', '2025-04-28 06:00:24', 0);
INSERT INTO `pr_divisi`(`id`, `nama_divisi`, `urutan_tampilan`, `created_at`, `updated_at`) VALUES (1, 'BEVERAGE', 1, '2025-03-24 06:18:03', '2025-03-24 06:18:03');
INSERT INTO `pr_divisi`(`id`, `nama_divisi`, `urutan_tampilan`, `created_at`, `updated_at`) VALUES (2, 'FOOD', 2, '2025-03-24 06:18:03', '2025-03-24 06:18:03');
INSERT INTO `pr_divisi`(`id`, `nama_divisi`, `urutan_tampilan`, `created_at`, `updated_at`) VALUES (3, 'EVENT', 3, '2025-03-24 06:18:03', '2025-03-24 06:18:03');
INSERT INTO `pr_extra`(`id`, `nama_extra`, `sku`, `satuan`, `hpp`, `harga_jual`, `created_at`, `updated_at`) VALUES (1, 'PAPER BOWL', 'PPBWL', 'PACK', 800.00, 1500.00, '2025-03-24 06:18:03', '2025-03-24 06:18:03');
INSERT INTO `pr_extra`(`id`, `nama_extra`, `sku`, `satuan`, `hpp`, `harga_jual`, `created_at`, `updated_at`) VALUES (2, 'PAPPER BOX', 'PPRBX', 'PACK', 1000.00, 1500.00, '2025-03-24 06:18:03', '2025-03-24 06:18:03');
INSERT INTO `pr_extra`(`id`, `nama_extra`, `sku`, `satuan`, `hpp`, `harga_jual`, `created_at`, `updated_at`) VALUES (5, 'qq', 'qq', 'PACK', 800.00, 1500.00, '2025-03-24 06:18:03', '2025-03-24 06:18:03');
INSERT INTO `pr_extra`(`id`, `nama_extra`, `sku`, `satuan`, `hpp`, `harga_jual`, `created_at`, `updated_at`) VALUES (6, 'ww', 'qqq', 'PACK', 1000.00, 1500.00, '2025-03-24 06:18:03', '2025-03-24 06:18:03');
INSERT INTO `pr_extra`(`id`, `nama_extra`, `sku`, `satuan`, `hpp`, `harga_jual`, `created_at`, `updated_at`) VALUES (7, 'ee', 'ssa', 'PACK', 800.00, 1500.00, '2025-03-24 06:18:03', '2025-03-24 06:18:03');
INSERT INTO `pr_extra`(`id`, `nama_extra`, `sku`, `satuan`, `hpp`, `harga_jual`, `created_at`, `updated_at`) VALUES (8, 'rr', 'aas', 'PACK', 1000.00, 1500.00, '2025-03-24 06:18:03', '2025-03-24 06:18:03');
INSERT INTO `pr_extra`(`id`, `nama_extra`, `sku`, `satuan`, `hpp`, `harga_jual`, `created_at`, `updated_at`) VALUES (9, 'aa', 'as', 'PACK', 800.00, 1500.00, '2025-03-24 06:18:03', '2025-03-24 06:18:03');
INSERT INTO `pr_extra`(`id`, `nama_extra`, `sku`, `satuan`, `hpp`, `harga_jual`, `created_at`, `updated_at`) VALUES (10, 'xx', 'vfds', 'PACK', 1000.00, 1500.00, '2025-03-24 06:18:03', '2025-03-24 06:18:03');
INSERT INTO `pr_extra`(`id`, `nama_extra`, `sku`, `satuan`, `hpp`, `harga_jual`, `created_at`, `updated_at`) VALUES (11, 'tt', 'atrq', 'PACK', 800.00, 1500.00, '2025-03-24 06:18:03', '2025-03-24 06:18:03');
INSERT INTO `pr_extra`(`id`, `nama_extra`, `sku`, `satuan`, `hpp`, `harga_jual`, `created_at`, `updated_at`) VALUES (12, '4', 'yd', 'PACK', 1000.00, 1500.00, '2025-03-24 06:18:03', '2025-03-24 06:18:03');
INSERT INTO `pr_extra`(`id`, `nama_extra`, `sku`, `satuan`, `hpp`, `harga_jual`, `created_at`, `updated_at`) VALUES (13, 'asa', 'asa', 'PACK', 1000.00, 1500.00, '2025-03-24 06:18:03', '2025-03-24 06:18:03');
INSERT INTO `pr_extra`(`id`, `nama_extra`, `sku`, `satuan`, `hpp`, `harga_jual`, `created_at`, `updated_at`) VALUES (14, 'fsd', 'fsd', 'PACK', 800.00, 1500.00, '2025-03-24 06:18:03', '2025-03-24 06:18:03');
INSERT INTO `pr_extra`(`id`, `nama_extra`, `sku`, `satuan`, `hpp`, `harga_jual`, `created_at`, `updated_at`) VALUES (15, '2Q', '2Q', 'PACK', 1000.00, 1500.00, '2025-03-24 06:18:03', '2025-03-24 06:18:03');
INSERT INTO `pr_extra`(`id`, `nama_extra`, `sku`, `satuan`, `hpp`, `harga_jual`, `created_at`, `updated_at`) VALUES (16, 'SDDS', 'SDDS', 'PACK', 800.00, 1500.00, '2025-03-24 06:18:03', '2025-03-24 06:18:03');
INSERT INTO `pr_extra`(`id`, `nama_extra`, `sku`, `satuan`, `hpp`, `harga_jual`, `created_at`, `updated_at`) VALUES (17, 'ASSA', 'ASSA', 'PACK', 1000.00, 1500.00, '2025-03-24 06:18:03', '2025-03-24 06:18:03');
INSERT INTO `pr_jenis_order`(`id`, `jenis_order`, `created_at`, `updated_at`) VALUES (1, 'Dine in', '2025-03-24 06:18:04', '2025-03-24 06:18:04');
INSERT INTO `pr_jenis_order`(`id`, `jenis_order`, `created_at`, `updated_at`) VALUES (2, 'Take Away', '2025-03-24 06:18:04', '2025-03-24 06:18:04');
INSERT INTO `pr_jenis_order`(`id`, `jenis_order`, `created_at`, `updated_at`) VALUES (3, 'Grab Food', '2025-03-24 06:18:04', '2025-03-24 06:18:04');
INSERT INTO `pr_jenis_order`(`id`, `jenis_order`, `created_at`, `updated_at`) VALUES (4, 'Shoope Food', '2025-03-24 06:18:04', '2025-03-24 06:18:04');
INSERT INTO `pr_jenis_order`(`id`, `jenis_order`, `created_at`, `updated_at`) VALUES (5, 'Lainnya', '2025-03-24 06:18:04', '2025-03-24 06:18:04');
INSERT INTO `pr_kategori`(`id`, `nama_kategori`, `pr_divisi_id`, `urutan`, `status`, `created_at`, `updated_at`) VALUES (1, 'CLASSIC COFFEE', 1, 1, 1, '2025-03-24 06:18:04', '2025-03-24 06:18:04');
INSERT INTO `pr_kategori`(`id`, `nama_kategori`, `pr_divisi_id`, `urutan`, `status`, `created_at`, `updated_at`) VALUES (2, 'LATTEE SERIES', 1, 2, 1, '2025-03-24 06:18:04', '2025-03-24 06:18:04');
INSERT INTO `pr_kategori`(`id`, `nama_kategori`, `pr_divisi_id`, `urutan`, `status`, `created_at`, `updated_at`) VALUES (3, 'MOCKTAIL', 1, 3, 1, '2025-03-24 06:18:04', '2025-03-24 06:18:04');
INSERT INTO `pr_kategori`(`id`, `nama_kategori`, `pr_divisi_id`, `urutan`, `status`, `created_at`, `updated_at`) VALUES (4, 'REFRESHING', 1, 4, 1, '2025-03-24 06:18:04', '2025-03-24 06:18:04');
INSERT INTO `pr_kategori`(`id`, `nama_kategori`, `pr_divisi_id`, `urutan`, `status`, `created_at`, `updated_at`) VALUES (5, 'SWEET SERIES', 1, 5, 1, '2025-03-24 06:18:04', '2025-03-24 06:18:04');
INSERT INTO `pr_kategori`(`id`, `nama_kategori`, `pr_divisi_id`, `urutan`, `status`, `created_at`, `updated_at`) VALUES (6, 'BLEND SERIES', 1, 6, 1, '2025-03-24 06:18:04', '2025-03-24 06:18:04');
INSERT INTO `pr_kategori`(`id`, `nama_kategori`, `pr_divisi_id`, `urutan`, `status`, `created_at`, `updated_at`) VALUES (7, 'TEA SERIES', 1, 7, 1, '2025-03-24 06:18:04', '2025-03-24 06:18:04');
INSERT INTO `pr_kategori`(`id`, `nama_kategori`, `pr_divisi_id`, `urutan`, `status`, `created_at`, `updated_at`) VALUES (8, 'WEDANGAN', 1, 8, 1, '2025-03-24 06:18:04', '2025-03-24 06:18:04');
INSERT INTO `pr_kategori`(`id`, `nama_kategori`, `pr_divisi_id`, `urutan`, `status`, `created_at`, `updated_at`) VALUES (9, 'ICE CREAM', 1, 9, 1, '2025-03-24 06:18:04', '2025-03-24 06:18:04');
INSERT INTO `pr_kategori`(`id`, `nama_kategori`, `pr_divisi_id`, `urutan`, `status`, `created_at`, `updated_at`) VALUES (10, 'ADD BAR', 1, 10, 1, '2025-03-24 06:18:04', '2025-03-24 06:18:04');
INSERT INTO `pr_kategori`(`id`, `nama_kategori`, `pr_divisi_id`, `urutan`, `status`, `created_at`, `updated_at`) VALUES (11, 'INDONESIAN HERITAGE', 2, 11, 1, '2025-03-24 06:18:04', '2025-03-24 06:18:04');
INSERT INTO `pr_kategori`(`id`, `nama_kategori`, `pr_divisi_id`, `urutan`, `status`, `created_at`, `updated_at`) VALUES (12, 'ASIAN COURSE', 2, 12, 1, '2025-03-24 06:18:04', '2025-03-24 06:18:04');
INSERT INTO `pr_kategori`(`id`, `nama_kategori`, `pr_divisi_id`, `urutan`, `status`, `created_at`, `updated_at`) VALUES (13, 'JAPANESE FUSION', 2, 13, 1, '2025-03-24 06:18:04', '2025-03-24 06:18:04');
INSERT INTO `pr_kategori`(`id`, `nama_kategori`, `pr_divisi_id`, `urutan`, `status`, `created_at`, `updated_at`) VALUES (14, 'CLASSIC WESTERN', 2, 14, 1, '2025-03-24 06:18:04', '2025-03-24 06:18:04');
INSERT INTO `pr_kategori`(`id`, `nama_kategori`, `pr_divisi_id`, `urutan`, `status`, `created_at`, `updated_at`) VALUES (15, 'SNACK & BITES', 2, 15, 1, '2025-03-24 06:18:04', '2025-03-24 06:18:04');
INSERT INTO `pr_kategori`(`id`, `nama_kategori`, `pr_divisi_id`, `urutan`, `status`, `created_at`, `updated_at`) VALUES (16, 'SPICY', 2, 16, 1, '2025-03-24 06:18:04', '2025-03-24 06:18:04');
INSERT INTO `pr_kategori`(`id`, `nama_kategori`, `pr_divisi_id`, `urutan`, `status`, `created_at`, `updated_at`) VALUES (17, 'RICE BOWL', 2, 17, 1, '2025-03-24 06:18:04', '2025-03-24 06:18:04');
INSERT INTO `pr_kategori`(`id`, `nama_kategori`, `pr_divisi_id`, `urutan`, `status`, `created_at`, `updated_at`) VALUES (18, 'INDOMIE SERIES', 2, 18, 1, '2025-03-24 06:18:04', '2025-03-24 06:18:04');
INSERT INTO `pr_kategori`(`id`, `nama_kategori`, `pr_divisi_id`, `urutan`, `status`, `created_at`, `updated_at`) VALUES (19, 'SALAD', 2, 19, 1, '2025-03-24 06:18:04', '2025-03-24 06:18:04');
INSERT INTO `pr_kategori`(`id`, `nama_kategori`, `pr_divisi_id`, `urutan`, `status`, `created_at`, `updated_at`) VALUES (20, 'DESSERT', 2, 20, 1, '2025-03-24 06:18:04', '2025-03-24 06:18:04');
INSERT INTO `pr_kategori`(`id`, `nama_kategori`, `pr_divisi_id`, `urutan`, `status`, `created_at`, `updated_at`) VALUES (21, 'CARBO', 2, 21, 1, '2025-03-24 06:18:04', '2025-03-24 06:18:04');
INSERT INTO `pr_kategori`(`id`, `nama_kategori`, `pr_divisi_id`, `urutan`, `status`, `created_at`, `updated_at`) VALUES (22, 'SAUCE,SAMBAL & MAYO', 2, 22, 1, '2025-03-24 06:18:04', '2025-03-24 06:18:04');
INSERT INTO `pr_kategori`(`id`, `nama_kategori`, `pr_divisi_id`, `urutan`, `status`, `created_at`, `updated_at`) VALUES (23, 'OTHER CONDIMENT', 2, 23, 1, '2025-03-24 06:18:04', '2025-03-24 06:18:04');
INSERT INTO `pr_kategori`(`id`, `nama_kategori`, `pr_divisi_id`, `urutan`, `status`, `created_at`, `updated_at`) VALUES (24, 'EVENT BEVERAGE', 3, 24, 1, '2025-03-24 06:18:04', '2025-03-24 06:18:04');
INSERT INTO `pr_kategori`(`id`, `nama_kategori`, `pr_divisi_id`, `urutan`, `status`, `created_at`, `updated_at`) VALUES (25, 'EVENT FOOD CATERING', 3, 25, 1, '2025-03-24 06:18:04', '2025-03-24 06:18:04');
INSERT INTO `pr_kategori`(`id`, `nama_kategori`, `pr_divisi_id`, `urutan`, `status`, `created_at`, `updated_at`) VALUES (26, 'EVENT', 3, 26, 1, '2025-03-24 06:18:04', '2025-03-24 06:18:04');
INSERT INTO `pr_kategori`(`id`, `nama_kategori`, `pr_divisi_id`, `urutan`, `status`, `created_at`, `updated_at`) VALUES (27, 'EVENT RAMADHAN', 3, 27, 1, '2025-03-24 06:18:04', '2025-03-24 06:18:04');
INSERT INTO `pr_kategori`(`id`, `nama_kategori`, `pr_divisi_id`, `urutan`, `status`, `created_at`, `updated_at`) VALUES (28, 'SEASONAL RAMADHAN', 3, 28, 1, '2025-03-24 06:18:04', '2025-03-24 06:18:04');
INSERT INTO `pr_log_stok_bahan_baku`(`id`, `bahan_id`, `divisi_id`, `jenis_transaksi`, `jumlah`, `hpp`, `tanggal`, `keterangan`, `created_at`, `updated_at`) VALUES (4, 66, 2, 'purchase', 1.00, 110.00, '2025-04-07', 'Otomatis dari purchase', '2025-04-07 01:41:14', '2025-04-12 13:36:41');
INSERT INTO `pr_log_stok_bahan_baku`(`id`, `bahan_id`, `divisi_id`, `jenis_transaksi`, `jumlah`, `hpp`, `tanggal`, `keterangan`, `created_at`, `updated_at`) VALUES (5, 66, 2, 'purchase', -1.00, 0.00, '2025-04-07', 'Hapus Purchase ID #3038', '2025-04-07 01:41:23', '2025-04-12 13:36:41');
INSERT INTO `pr_log_stok_bahan_baku`(`id`, `bahan_id`, `divisi_id`, `jenis_transaksi`, `jumlah`, `hpp`, `tanggal`, `keterangan`, `created_at`, `updated_at`) VALUES (6, 147, 1, 'purchase', -5.00, 0.00, '2025-04-03', 'Hapus Purchase ID #2859', '2025-04-07 07:59:59', '2025-04-12 13:36:41');
INSERT INTO `pr_log_stok_bahan_baku`(`id`, `bahan_id`, `divisi_id`, `jenis_transaksi`, `jumlah`, `hpp`, `tanggal`, `keterangan`, `created_at`, `updated_at`) VALUES (7, 147, 2, 'purchase', 5.00, 1588.24, '2025-04-03', 'Otomatis dari purchase', '2025-04-07 15:22:06', '2025-04-12 13:36:41');
INSERT INTO `pr_log_stok_bahan_baku`(`id`, `bahan_id`, `divisi_id`, `jenis_transaksi`, `jumlah`, `hpp`, `tanggal`, `keterangan`, `created_at`, `updated_at`) VALUES (8, 111, 2, 'purchase', 1.00, 1100.00, '2025-04-07', 'Otomatis dari purchase', '2025-04-07 15:25:59', '2025-04-12 13:36:41');
INSERT INTO `pr_log_stok_bahan_baku`(`id`, `bahan_id`, `divisi_id`, `jenis_transaksi`, `jumlah`, `hpp`, `tanggal`, `keterangan`, `created_at`, `updated_at`) VALUES (9, 102, 2, 'purchase', 1.00, 428.00, '2025-04-07', 'Otomatis dari purchase', '2025-04-07 15:27:06', '2025-04-12 13:36:41');
INSERT INTO `pr_log_stok_bahan_baku`(`id`, `bahan_id`, `divisi_id`, `jenis_transaksi`, `jumlah`, `hpp`, `tanggal`, `keterangan`, `created_at`, `updated_at`) VALUES (10, 406, 2, 'purchase', 1.00, 38.00, '2025-04-07', 'Otomatis dari purchase', '2025-04-07 15:28:22', '2025-04-12 13:36:41');
INSERT INTO `pr_log_stok_bahan_baku`(`id`, `bahan_id`, `divisi_id`, `jenis_transaksi`, `jumlah`, `hpp`, `tanggal`, `keterangan`, `created_at`, `updated_at`) VALUES (11, 190, 2, 'purchase', 1.00, 24.70, '2025-04-07', 'Otomatis dari purchase', '2025-04-07 15:30:07', '2025-04-12 13:36:41');
INSERT INTO `pr_log_stok_bahan_baku`(`id`, `bahan_id`, `divisi_id`, `jenis_transaksi`, `jumlah`, `hpp`, `tanggal`, `keterangan`, `created_at`, `updated_at`) VALUES (12, 226, 2, 'purchase', 5.00, 150.00, '2025-04-07', 'Otomatis dari purchase', '2025-04-07 15:33:55', '2025-04-12 13:36:41');
INSERT INTO `pr_log_stok_bahan_baku`(`id`, `bahan_id`, `divisi_id`, `jenis_transaksi`, `jumlah`, `hpp`, `tanggal`, `keterangan`, `created_at`, `updated_at`) VALUES (13, 328, 2, 'purchase', 1.00, 33.33, '2025-04-07', 'Otomatis dari purchase', '2025-04-07 15:35:12', '2025-04-12 13:36:41');
INSERT INTO `pr_log_stok_bahan_baku`(`id`, `bahan_id`, `divisi_id`, `jenis_transaksi`, `jumlah`, `hpp`, `tanggal`, `keterangan`, `created_at`, `updated_at`) VALUES (14, 348, 2, 'purchase', 1.00, 36.00, '2025-04-07', 'Otomatis dari purchase', '2025-04-07 15:35:54', '2025-04-12 13:36:41');
INSERT INTO `pr_log_stok_bahan_baku`(`id`, `bahan_id`, `divisi_id`, `jenis_transaksi`, `jumlah`, `hpp`, `tanggal`, `keterangan`, `created_at`, `updated_at`) VALUES (15, 57, 2, 'purchase', 1.00, 10.00, '2025-04-07', 'Otomatis dari purchase', '2025-04-07 15:36:40', '2025-04-12 13:36:41');
INSERT INTO `pr_log_stok_bahan_baku`(`id`, `bahan_id`, `divisi_id`, `jenis_transaksi`, `jumlah`, `hpp`, `tanggal`, `keterangan`, `created_at`, `updated_at`) VALUES (16, 292, 1, 'purchase', 1.00, 85.00, '2025-04-07', 'Otomatis dari purchase', '2025-04-07 15:37:28', '2025-04-12 13:36:41');
INSERT INTO `pr_log_stok_bahan_baku`(`id`, `bahan_id`, `divisi_id`, `jenis_transaksi`, `jumlah`, `hpp`, `tanggal`, `keterangan`, `created_at`, `updated_at`) VALUES (17, 293, 1, 'purchase', 1.00, 85.00, '2025-04-07', 'Otomatis dari purchase', '2025-04-07 15:38:17', '2025-04-12 13:36:41');
INSERT INTO `pr_log_stok_bahan_baku`(`id`, `bahan_id`, `divisi_id`, `jenis_transaksi`, `jumlah`, `hpp`, `tanggal`, `keterangan`, `created_at`, `updated_at`) VALUES (18, 348, 2, 'purchase', 1.00, 60.00, '2025-04-07', 'Otomatis dari purchase', '2025-04-07 15:39:22', '2025-04-12 13:36:41');
INSERT INTO `pr_log_stok_bahan_baku`(`id`, `bahan_id`, `divisi_id`, `jenis_transaksi`, `jumlah`, `hpp`, `tanggal`, `keterangan`, `created_at`, `updated_at`) VALUES (19, 147, 2, 'purchase', 2.00, 1617.65, '2025-04-07', 'Otomatis dari purchase', '2025-04-07 15:40:11', '2025-04-12 13:36:41');
INSERT INTO `pr_log_stok_bahan_baku`(`id`, `bahan_id`, `divisi_id`, `jenis_transaksi`, `jumlah`, `hpp`, `tanggal`, `keterangan`, `created_at`, `updated_at`) VALUES (20, 57, 2, 'purchase', 1.00, 10.00, '2025-04-07', 'Otomatis dari purchase', '2025-04-07 15:41:08', '2025-04-12 13:36:41');
INSERT INTO `pr_log_stok_bahan_baku`(`id`, `bahan_id`, `divisi_id`, `jenis_transaksi`, `jumlah`, `hpp`, `tanggal`, `keterangan`, `created_at`, `updated_at`) VALUES (21, 215, 1, 'purchase', 3.00, 1.38, '2025-04-07', 'Otomatis dari purchase', '2025-04-07 15:47:36', '2025-04-12 13:36:41');
INSERT INTO `pr_log_stok_bahan_baku`(`id`, `bahan_id`, `divisi_id`, `jenis_transaksi`, `jumlah`, `hpp`, `tanggal`, `keterangan`, `created_at`, `updated_at`) VALUES (22, 313, 2, 'purchase', 1.00, 96.00, '2025-04-07', 'Otomatis dari purchase', '2025-04-07 15:58:30', '2025-04-12 13:36:41');
INSERT INTO `pr_log_stok_bahan_baku`(`id`, `bahan_id`, `divisi_id`, `jenis_transaksi`, `jumlah`, `hpp`, `tanggal`, `keterangan`, `created_at`, `updated_at`) VALUES (23, 264, 2, 'purchase', 1.00, 44.00, '2025-04-07', 'Otomatis dari purchase', '2025-04-07 17:06:44', '2025-04-12 13:36:41');
INSERT INTO `pr_log_stok_bahan_baku`(`id`, `bahan_id`, `divisi_id`, `jenis_transaksi`, `jumlah`, `hpp`, `tanggal`, `keterangan`, `created_at`, `updated_at`) VALUES (24, 369, 2, 'purchase', 1.00, 44.00, '2025-04-07', 'Otomatis dari purchase', '2025-04-07 17:09:20', '2025-04-12 13:36:41');
INSERT INTO `pr_log_stok_bahan_baku`(`id`, `bahan_id`, `divisi_id`, `jenis_transaksi`, `jumlah`, `hpp`, `tanggal`, `keterangan`, `created_at`, `updated_at`) VALUES (25, 264, 2, 'purchase', -1.00, 0.00, '2025-04-07', 'Hapus Purchase ID #3062', '2025-04-07 17:09:45', '2025-04-12 13:36:41');
INSERT INTO `pr_log_stok_bahan_baku`(`id`, `bahan_id`, `divisi_id`, `jenis_transaksi`, `jumlah`, `hpp`, `tanggal`, `keterangan`, `created_at`, `updated_at`) VALUES (26, 264, 2, 'purchase', 1.00, 44.00, '2025-04-07', 'Otomatis dari purchase', '2025-04-07 17:10:35', '2025-04-12 13:36:41');
INSERT INTO `pr_log_stok_bahan_baku`(`id`, `bahan_id`, `divisi_id`, `jenis_transaksi`, `jumlah`, `hpp`, `tanggal`, `keterangan`, `created_at`, `updated_at`) VALUES (27, 268, 2, 'purchase', 1.00, 29.00, '2025-04-07', 'Otomatis dari purchase', '2025-04-07 17:12:04', '2025-04-12 13:36:41');
INSERT INTO `pr_log_stok_bahan_baku`(`id`, `bahan_id`, `divisi_id`, `jenis_transaksi`, `jumlah`, `hpp`, `tanggal`, `keterangan`, `created_at`, `updated_at`) VALUES (28, 266, 2, 'purchase', 10.00, 30000.00, '2025-04-07', 'Otomatis dari purchase', '2025-04-07 17:14:45', '2025-04-12 13:36:41');
INSERT INTO `pr_log_stok_bahan_baku`(`id`, `bahan_id`, `divisi_id`, `jenis_transaksi`, `jumlah`, `hpp`, `tanggal`, `keterangan`, `created_at`, `updated_at`) VALUES (29, 267, 2, 'purchase', 5.00, 67000.00, '2025-04-08', 'Otomatis dari purchase', '2025-04-08 12:40:19', '2025-04-12 13:36:41');
INSERT INTO `pr_log_stok_bahan_baku`(`id`, `bahan_id`, `divisi_id`, `jenis_transaksi`, `jumlah`, `hpp`, `tanggal`, `keterangan`, `created_at`, `updated_at`) VALUES (30, 147, 2, 'purchase', 5.00, 1588.24, '2025-04-08', 'Otomatis dari purchase', '2025-04-08 12:49:44', '2025-04-12 13:36:41');
INSERT INTO `pr_log_stok_bahan_baku`(`id`, `bahan_id`, `divisi_id`, `jenis_transaksi`, `jumlah`, `hpp`, `tanggal`, `keterangan`, `created_at`, `updated_at`) VALUES (31, 47, 2, 'purchase', 1.00, 120.00, '2025-04-08', 'Otomatis dari purchase', '2025-04-08 12:56:41', '2025-04-12 13:36:41');
INSERT INTO `pr_log_stok_bahan_baku`(`id`, `bahan_id`, `divisi_id`, `jenis_transaksi`, `jumlah`, `hpp`, `tanggal`, `keterangan`, `created_at`, `updated_at`) VALUES (32, 334, 2, 'purchase', 2.00, 4000.00, '2025-04-08', 'Otomatis dari purchase', '2025-04-08 13:00:01', '2025-04-12 13:36:41');
INSERT INTO `pr_log_stok_bahan_baku`(`id`, `bahan_id`, `divisi_id`, `jenis_transaksi`, `jumlah`, `hpp`, `tanggal`, `keterangan`, `created_at`, `updated_at`) VALUES (33, 190, 1, 'purchase', 12.00, 17.08, '2025-04-08', 'Otomatis dari purchase', '2025-04-08 13:11:01', '2025-04-12 13:36:41');
INSERT INTO `pr_log_stok_bahan_baku`(`id`, `bahan_id`, `divisi_id`, `jenis_transaksi`, `jumlah`, `hpp`, `tanggal`, `keterangan`, `created_at`, `updated_at`) VALUES (34, 194, 1, 'purchase', 2.00, 31.25, '2025-04-08', 'Otomatis dari purchase', '2025-04-08 14:23:59', '2025-04-12 13:36:41');
INSERT INTO `pr_log_stok_bahan_baku`(`id`, `bahan_id`, `divisi_id`, `jenis_transaksi`, `jumlah`, `hpp`, `tanggal`, `keterangan`, `created_at`, `updated_at`) VALUES (35, 94, 2, 'purchase', 7.00, 3400.00, '2025-04-08', 'Otomatis dari purchase', '2025-04-08 15:16:22', '2025-04-12 13:36:41');
INSERT INTO `pr_log_stok_bahan_baku`(`id`, `bahan_id`, `divisi_id`, `jenis_transaksi`, `jumlah`, `hpp`, `tanggal`, `keterangan`, `created_at`, `updated_at`) VALUES (36, 95, 2, 'purchase', 8.00, 3200.00, '2025-04-08', 'Otomatis dari purchase', '2025-04-08 15:24:14', '2025-04-12 13:36:41');
INSERT INTO `pr_log_stok_bahan_baku`(`id`, `bahan_id`, `divisi_id`, `jenis_transaksi`, `jumlah`, `hpp`, `tanggal`, `keterangan`, `created_at`, `updated_at`) VALUES (37, 142, 2, 'purchase', 1.00, 19.30, '2025-04-08', 'Otomatis dari purchase', '2025-04-08 15:25:59', '2025-04-12 13:36:41');
INSERT INTO `pr_log_stok_bahan_baku`(`id`, `bahan_id`, `divisi_id`, `jenis_transaksi`, `jumlah`, `hpp`, `tanggal`, `keterangan`, `created_at`, `updated_at`) VALUES (38, 188, 2, 'purchase', 1.00, 35.71, '2025-04-08', 'Otomatis dari purchase', '2025-04-08 15:26:54', '2025-04-12 13:36:41');
INSERT INTO `pr_log_stok_bahan_baku`(`id`, `bahan_id`, `divisi_id`, `jenis_transaksi`, `jumlah`, `hpp`, `tanggal`, `keterangan`, `created_at`, `updated_at`) VALUES (39, 105, 2, 'purchase', 1.00, 117.50, '2025-04-08', 'Otomatis dari purchase', '2025-04-08 15:28:48', '2025-04-12 13:36:41');
INSERT INTO `pr_log_stok_bahan_baku`(`id`, `bahan_id`, `divisi_id`, `jenis_transaksi`, `jumlah`, `hpp`, `tanggal`, `keterangan`, `created_at`, `updated_at`) VALUES (40, 44, 2, 'purchase', 2.00, 35.00, '2025-04-08', 'Otomatis dari purchase', '2025-04-08 15:29:13', '2025-04-12 13:36:41');
INSERT INTO `pr_log_stok_bahan_baku`(`id`, `bahan_id`, `divisi_id`, `jenis_transaksi`, `jumlah`, `hpp`, `tanggal`, `keterangan`, `created_at`, `updated_at`) VALUES (41, 85, 2, 'purchase', 2.00, 27.00, '2025-04-08', 'Otomatis dari purchase', '2025-04-08 15:29:42', '2025-04-12 13:36:41');
INSERT INTO `pr_log_stok_bahan_baku`(`id`, `bahan_id`, `divisi_id`, `jenis_transaksi`, `jumlah`, `hpp`, `tanggal`, `keterangan`, `created_at`, `updated_at`) VALUES (42, 204, 2, 'purchase', 3.00, 350.00, '2025-04-08', 'Otomatis dari purchase', '2025-04-08 15:30:17', '2025-04-12 13:36:41');
INSERT INTO `pr_log_stok_bahan_baku`(`id`, `bahan_id`, `divisi_id`, `jenis_transaksi`, `jumlah`, `hpp`, `tanggal`, `keterangan`, `created_at`, `updated_at`) VALUES (43, 225, 2, 'purchase', 2.00, 180.00, '2025-04-08', 'Otomatis dari purchase', '2025-04-08 15:31:22', '2025-04-12 13:36:41');
INSERT INTO `pr_log_stok_bahan_baku`(`id`, `bahan_id`, `divisi_id`, `jenis_transaksi`, `jumlah`, `hpp`, `tanggal`, `keterangan`, `created_at`, `updated_at`) VALUES (44, 109, 2, 'purchase', 1.00, 142.00, '2025-04-08', 'Otomatis dari purchase', '2025-04-08 15:32:21', '2025-04-12 13:36:41');
INSERT INTO `pr_log_stok_bahan_baku`(`id`, `bahan_id`, `divisi_id`, `jenis_transaksi`, `jumlah`, `hpp`, `tanggal`, `keterangan`, `created_at`, `updated_at`) VALUES (45, 491, 2, 'purchase', 1.00, 48.50, '2025-04-08', 'Otomatis dari purchase', '2025-04-08 15:34:53', '2025-04-12 13:36:41');
INSERT INTO `pr_log_stok_bahan_baku`(`id`, `bahan_id`, `divisi_id`, `jenis_transaksi`, `jumlah`, `hpp`, `tanggal`, `keterangan`, `created_at`, `updated_at`) VALUES (46, 81, 2, 'purchase', 1.00, 74.00, '2025-04-08', 'Otomatis dari purchase', '2025-04-08 15:35:34', '2025-04-12 13:36:41');
INSERT INTO `pr_log_stok_bahan_baku`(`id`, `bahan_id`, `divisi_id`, `jenis_transaksi`, `jumlah`, `hpp`, `tanggal`, `keterangan`, `created_at`, `updated_at`) VALUES (47, 72, 2, 'purchase', 1.00, 15.00, '2025-04-08', 'Otomatis dari purchase', '2025-04-08 15:36:34', '2025-04-12 13:36:41');
INSERT INTO `pr_log_stok_bahan_baku`(`id`, `bahan_id`, `divisi_id`, `jenis_transaksi`, `jumlah`, `hpp`, `tanggal`, `keterangan`, `created_at`, `updated_at`) VALUES (48, 134, 1, 'purchase', 1.00, 76.00, '2025-04-08', 'Otomatis dari purchase', '2025-04-08 15:37:12', '2025-04-12 13:36:41');
INSERT INTO `pr_log_stok_bahan_baku`(`id`, `bahan_id`, `divisi_id`, `jenis_transaksi`, `jumlah`, `hpp`, `tanggal`, `keterangan`, `created_at`, `updated_at`) VALUES (49, 52, 1, 'purchase', 2.00, 1425.00, '2025-04-08', 'Otomatis dari purchase', '2025-04-08 15:38:21', '2025-04-12 13:36:41');
INSERT INTO `pr_log_stok_bahan_baku`(`id`, `bahan_id`, `divisi_id`, `jenis_transaksi`, `jumlah`, `hpp`, `tanggal`, `keterangan`, `created_at`, `updated_at`) VALUES (50, 313, 2, 'purchase', 1.00, 95.33, '2025-04-08', 'Otomatis dari purchase', '2025-04-08 15:39:32', '2025-04-12 13:36:41');
INSERT INTO `pr_log_stok_bahan_baku`(`id`, `bahan_id`, `divisi_id`, `jenis_transaksi`, `jumlah`, `hpp`, `tanggal`, `keterangan`, `created_at`, `updated_at`) VALUES (51, 148, 2, 'purchase', 2.00, 20.00, '2025-04-08', 'Otomatis dari purchase', '2025-04-08 15:40:30', '2025-04-12 13:36:41');
INSERT INTO `pr_log_stok_bahan_baku`(`id`, `bahan_id`, `divisi_id`, `jenis_transaksi`, `jumlah`, `hpp`, `tanggal`, `keterangan`, `created_at`, `updated_at`) VALUES (52, 365, 2, 'purchase', 1.00, 16.47, '2025-04-08', 'Otomatis dari purchase', '2025-04-08 15:41:54', '2025-04-12 13:36:41');
INSERT INTO `pr_log_stok_bahan_baku`(`id`, `bahan_id`, `divisi_id`, `jenis_transaksi`, `jumlah`, `hpp`, `tanggal`, `keterangan`, `created_at`, `updated_at`) VALUES (53, 57, 2, 'purchase', 1.00, 10.00, '2025-04-08', 'Otomatis dari purchase', '2025-04-08 15:42:59', '2025-04-12 13:36:41');
INSERT INTO `pr_log_stok_bahan_baku`(`id`, `bahan_id`, `divisi_id`, `jenis_transaksi`, `jumlah`, `hpp`, `tanggal`, `keterangan`, `created_at`, `updated_at`) VALUES (54, 348, 2, 'purchase', 1.00, 34.67, '2025-04-08', 'Otomatis dari purchase', '2025-04-08 15:44:01', '2025-04-12 13:36:41');
INSERT INTO `pr_log_stok_bahan_baku`(`id`, `bahan_id`, `divisi_id`, `jenis_transaksi`, `jumlah`, `hpp`, `tanggal`, `keterangan`, `created_at`, `updated_at`) VALUES (55, 296, 2, 'purchase', 1.00, 43.00, '2025-04-08', 'Otomatis dari purchase', '2025-04-08 15:44:53', '2025-04-12 13:36:41');
INSERT INTO `pr_log_stok_bahan_baku`(`id`, `bahan_id`, `divisi_id`, `jenis_transaksi`, `jumlah`, `hpp`, `tanggal`, `keterangan`, `created_at`, `updated_at`) VALUES (56, 316, 2, 'purchase', 1.00, 14.00, '2025-04-08', 'Otomatis dari purchase', '2025-04-08 15:45:22', '2025-04-12 13:36:41');
INSERT INTO `pr_log_stok_bahan_baku`(`id`, `bahan_id`, `divisi_id`, `jenis_transaksi`, `jumlah`, `hpp`, `tanggal`, `keterangan`, `created_at`, `updated_at`) VALUES (57, 344, 2, 'purchase', 1.00, 8.00, '2025-04-08', 'Otomatis dari purchase', '2025-04-08 15:46:50', '2025-04-12 13:36:41');
INSERT INTO `pr_log_stok_bahan_baku`(`id`, `bahan_id`, `divisi_id`, `jenis_transaksi`, `jumlah`, `hpp`, `tanggal`, `keterangan`, `created_at`, `updated_at`) VALUES (58, 353, 2, 'purchase', 1.00, 18.00, '2025-04-08', 'Otomatis dari purchase', '2025-04-08 15:48:01', '2025-04-12 13:36:41');
INSERT INTO `pr_log_stok_bahan_baku`(`id`, `bahan_id`, `divisi_id`, `jenis_transaksi`, `jumlah`, `hpp`, `tanggal`, `keterangan`, `created_at`, `updated_at`) VALUES (59, 357, 2, 'purchase', 1.00, 12.00, '2025-04-08', 'Otomatis dari purchase', '2025-04-08 15:49:06', '2025-04-12 13:36:41');
INSERT INTO `pr_log_stok_bahan_baku`(`id`, `bahan_id`, `divisi_id`, `jenis_transaksi`, `jumlah`, `hpp`, `tanggal`, `keterangan`, `created_at`, `updated_at`) VALUES (60, 357, 2, 'purchase', -1.00, 0.00, '2025-04-08', 'Hapus Purchase ID #3102', '2025-04-08 15:49:33', '2025-04-12 13:36:41');
INSERT INTO `pr_log_stok_bahan_baku`(`id`, `bahan_id`, `divisi_id`, `jenis_transaksi`, `jumlah`, `hpp`, `tanggal`, `keterangan`, `created_at`, `updated_at`) VALUES (61, 357, 1, 'purchase', 1.00, 12.00, '2025-04-08', 'Otomatis dari purchase', '2025-04-08 15:50:18', '2025-04-12 13:36:41');
INSERT INTO `pr_log_stok_bahan_baku`(`id`, `bahan_id`, `divisi_id`, `jenis_transaksi`, `jumlah`, `hpp`, `tanggal`, `keterangan`, `created_at`, `updated_at`) VALUES (62, 125, 2, 'purchase', 1.00, 19.88, '2025-04-08', 'Otomatis dari purchase', '2025-04-08 16:04:06', '2025-04-12 13:36:41');
INSERT INTO `pr_log_stok_bahan_baku`(`id`, `bahan_id`, `divisi_id`, `jenis_transaksi`, `jumlah`, `hpp`, `tanggal`, `keterangan`, `created_at`, `updated_at`) VALUES (63, 125, 2, 'purchase', -1.00, 0.00, '2025-04-08', 'Hapus Purchase ID #3104', '2025-04-08 16:16:58', '2025-04-12 13:36:41');
INSERT INTO `pr_log_stok_bahan_baku`(`id`, `bahan_id`, `divisi_id`, `jenis_transaksi`, `jumlah`, `hpp`, `tanggal`, `keterangan`, `created_at`, `updated_at`) VALUES (64, 125, 2, 'purchase', 2.00, 19.88, '2025-04-08', 'Otomatis dari purchase', '2025-04-08 16:19:39', '2025-04-12 13:36:41');
INSERT INTO `pr_log_stok_bahan_baku`(`id`, `bahan_id`, `divisi_id`, `jenis_transaksi`, `jumlah`, `hpp`, `tanggal`, `keterangan`, `created_at`, `updated_at`) VALUES (65, 97, 1, 'purchase', 1.00, 183.33, '2025-04-08', 'Otomatis dari purchase', '2025-04-08 16:23:39', '2025-04-12 13:36:41');
INSERT INTO `pr_log_stok_bahan_baku`(`id`, `bahan_id`, `divisi_id`, `jenis_transaksi`, `jumlah`, `hpp`, `tanggal`, `keterangan`, `created_at`, `updated_at`) VALUES (66, 297, 2, 'purchase', 1.00, 40.00, '2025-04-08', 'Otomatis dari purchase', '2025-04-08 16:31:39', '2025-04-12 13:36:41');
INSERT INTO `pr_log_stok_bahan_baku`(`id`, `bahan_id`, `divisi_id`, `jenis_transaksi`, `jumlah`, `hpp`, `tanggal`, `keterangan`, `created_at`, `updated_at`) VALUES (67, 299, 2, 'purchase', 1.00, 40.00, '2025-04-08', 'Otomatis dari purchase', '2025-04-08 16:32:35', '2025-04-12 13:36:41');
INSERT INTO `pr_log_stok_bahan_baku`(`id`, `bahan_id`, `divisi_id`, `jenis_transaksi`, `jumlah`, `hpp`, `tanggal`, `keterangan`, `created_at`, `updated_at`) VALUES (68, 150, 2, 'purchase', 3.00, 10.00, '2025-04-08', 'Otomatis dari purchase', '2025-04-08 16:33:39', '2025-04-12 13:36:41');
INSERT INTO `pr_log_stok_bahan_baku`(`id`, `bahan_id`, `divisi_id`, `jenis_transaksi`, `jumlah`, `hpp`, `tanggal`, `keterangan`, `created_at`, `updated_at`) VALUES (69, 50, 1, 'purchase', 1.00, 1200.00, '2025-04-08', 'Otomatis dari purchase', '2025-04-08 16:34:08', '2025-04-12 13:36:41');
INSERT INTO `pr_log_stok_bahan_baku`(`id`, `bahan_id`, `divisi_id`, `jenis_transaksi`, `jumlah`, `hpp`, `tanggal`, `keterangan`, `created_at`, `updated_at`) VALUES (70, 184, 2, 'purchase', 1.00, 100.00, '2025-04-10', 'Otomatis dari purchase', '2025-04-10 08:05:02', '2025-04-12 13:36:41');
INSERT INTO `pr_log_stok_bahan_baku`(`id`, `bahan_id`, `divisi_id`, `jenis_transaksi`, `jumlah`, `hpp`, `tanggal`, `keterangan`, `created_at`, `updated_at`) VALUES (71, 185, 2, 'purchase', 1.00, 95.00, '2025-04-10', 'Otomatis dari purchase', '2025-04-10 08:08:05', '2025-04-12 13:36:41');
INSERT INTO `pr_log_stok_bahan_baku`(`id`, `bahan_id`, `divisi_id`, `jenis_transaksi`, `jumlah`, `hpp`, `tanggal`, `keterangan`, `created_at`, `updated_at`) VALUES (72, 186, 2, 'purchase', 1.00, 211.09, '2025-04-10', 'Otomatis dari purchase', '2025-04-10 08:09:39', '2025-04-12 13:36:41');
INSERT INTO `pr_log_stok_bahan_baku`(`id`, `bahan_id`, `divisi_id`, `jenis_transaksi`, `jumlah`, `hpp`, `tanggal`, `keterangan`, `created_at`, `updated_at`) VALUES (73, 215, 1, 'purchase', 2.00, 1.38, '2025-04-09', 'Otomatis dari purchase', '2025-04-10 08:18:20', '2025-04-12 13:36:41');
INSERT INTO `pr_log_stok_bahan_baku`(`id`, `bahan_id`, `divisi_id`, `jenis_transaksi`, `jumlah`, `hpp`, `tanggal`, `keterangan`, `created_at`, `updated_at`) VALUES (74, 215, 1, 'purchase', 2.00, 1.38, '2025-04-08', 'Otomatis dari purchase', '2025-04-10 08:23:29', '2025-04-12 13:36:41');
INSERT INTO `pr_log_stok_bahan_baku`(`id`, `bahan_id`, `divisi_id`, `jenis_transaksi`, `jumlah`, `hpp`, `tanggal`, `keterangan`, `created_at`, `updated_at`) VALUES (75, 350, 2, 'purchase', 1.00, 1000.00, '2025-04-10', 'Otomatis dari purchase', '2025-04-10 12:57:49', '2025-04-12 13:36:41');
INSERT INTO `pr_log_stok_bahan_baku`(`id`, `bahan_id`, `divisi_id`, `jenis_transaksi`, `jumlah`, `hpp`, `tanggal`, `keterangan`, `created_at`, `updated_at`) VALUES (76, 352, 2, 'purchase', 2.00, 5000.00, '2025-04-10', 'Otomatis dari purchase', '2025-04-10 13:00:35', '2025-04-12 13:36:41');
INSERT INTO `pr_log_stok_bahan_baku`(`id`, `bahan_id`, `divisi_id`, `jenis_transaksi`, `jumlah`, `hpp`, `tanggal`, `keterangan`, `created_at`, `updated_at`) VALUES (77, 56, 1, 'purchase', 1.00, 833.33, '2025-04-10', 'Otomatis dari purchase', '2025-04-10 13:03:29', '2025-04-12 13:36:41');
INSERT INTO `pr_log_stok_bahan_baku`(`id`, `bahan_id`, `divisi_id`, `jenis_transaksi`, `jumlah`, `hpp`, `tanggal`, `keterangan`, `created_at`, `updated_at`) VALUES (78, 328, 2, 'purchase', 4.00, 40.00, '2025-04-10', 'Otomatis dari purchase', '2025-04-10 14:57:19', '2025-04-12 13:36:41');
INSERT INTO `pr_log_stok_bahan_baku`(`id`, `bahan_id`, `divisi_id`, `jenis_transaksi`, `jumlah`, `hpp`, `tanggal`, `keterangan`, `created_at`, `updated_at`) VALUES (79, 328, 2, 'purchase', -4.00, 0.00, '2025-04-10', 'Hapus Purchase ID #3131', '2025-04-10 14:57:36', '2025-04-12 13:36:41');
INSERT INTO `pr_log_stok_bahan_baku`(`id`, `bahan_id`, `divisi_id`, `jenis_transaksi`, `jumlah`, `hpp`, `tanggal`, `keterangan`, `created_at`, `updated_at`) VALUES (80, 328, 2, 'purchase', 3.00, 40.00, '2025-04-10', 'Otomatis dari purchase', '2025-04-10 15:13:57', '2025-04-12 13:36:41');
INSERT INTO `pr_log_stok_bahan_baku`(`id`, `bahan_id`, `divisi_id`, `jenis_transaksi`, `jumlah`, `hpp`, `tanggal`, `keterangan`, `created_at`, `updated_at`) VALUES (81, 125, 2, 'purchase', 2.00, 21.25, '2025-04-10', 'Otomatis dari purchase', '2025-04-10 15:15:13', '2025-04-12 13:36:41');
INSERT INTO `pr_log_stok_bahan_baku`(`id`, `bahan_id`, `divisi_id`, `jenis_transaksi`, `jumlah`, `hpp`, `tanggal`, `keterangan`, `created_at`, `updated_at`) VALUES (82, 304, 2, 'purchase', 1.00, 16.00, '2025-04-10', 'Otomatis dari purchase', '2025-04-10 15:34:05', '2025-04-12 13:36:41');
INSERT INTO `pr_log_stok_bahan_baku`(`id`, `bahan_id`, `divisi_id`, `jenis_transaksi`, `jumlah`, `hpp`, `tanggal`, `keterangan`, `created_at`, `updated_at`) VALUES (83, 333, 2, 'purchase', 1.00, 16.00, '2025-04-10', 'Otomatis dari purchase', '2025-04-10 15:34:55', '2025-04-12 13:36:41');
INSERT INTO `pr_log_stok_bahan_baku`(`id`, `bahan_id`, `divisi_id`, `jenis_transaksi`, `jumlah`, `hpp`, `tanggal`, `keterangan`, `created_at`, `updated_at`) VALUES (84, 338, 2, 'purchase', 1.00, 18.00, '2025-04-10', 'Otomatis dari purchase', '2025-04-10 15:36:16', '2025-04-12 13:36:41');
INSERT INTO `pr_log_stok_bahan_baku`(`id`, `bahan_id`, `divisi_id`, `jenis_transaksi`, `jumlah`, `hpp`, `tanggal`, `keterangan`, `created_at`, `updated_at`) VALUES (85, 319, 2, 'purchase', 1.00, 10.00, '2025-04-10', 'Otomatis dari purchase', '2025-04-10 15:36:40', '2025-04-12 13:36:41');
INSERT INTO `pr_log_stok_bahan_baku`(`id`, `bahan_id`, `divisi_id`, `jenis_transaksi`, `jumlah`, `hpp`, `tanggal`, `keterangan`, `created_at`, `updated_at`) VALUES (86, 209, 2, 'purchase', 1.00, 100.00, '2025-04-10', 'Otomatis dari purchase', '2025-04-10 15:38:32', '2025-04-12 13:36:41');
INSERT INTO `pr_log_stok_bahan_baku`(`id`, `bahan_id`, `divisi_id`, `jenis_transaksi`, `jumlah`, `hpp`, `tanggal`, `keterangan`, `created_at`, `updated_at`) VALUES (87, 352, 2, 'purchase', -2.00, 0.00, '2025-04-10', 'Hapus Purchase ID #3124', '2025-04-10 15:39:02', '2025-04-12 13:36:41');
INSERT INTO `pr_log_stok_bahan_baku`(`id`, `bahan_id`, `divisi_id`, `jenis_transaksi`, `jumlah`, `hpp`, `tanggal`, `keterangan`, `created_at`, `updated_at`) VALUES (88, 352, 2, 'purchase', 2.00, 10000.00, '2025-04-10', 'Otomatis dari purchase', '2025-04-10 15:40:01', '2025-04-12 13:36:41');
INSERT INTO `pr_log_stok_bahan_baku`(`id`, `bahan_id`, `divisi_id`, `jenis_transaksi`, `jumlah`, `hpp`, `tanggal`, `keterangan`, `created_at`, `updated_at`) VALUES (89, 353, 2, 'purchase', 1.00, 11.00, '2025-04-10', 'Otomatis dari purchase', '2025-04-10 16:23:31', '2025-04-12 13:36:41');
INSERT INTO `pr_log_stok_bahan_baku`(`id`, `bahan_id`, `divisi_id`, `jenis_transaksi`, `jumlah`, `hpp`, `tanggal`, `keterangan`, `created_at`, `updated_at`) VALUES (90, 215, 1, 'purchase', 2.00, 1.38, '2025-04-10', 'Otomatis dari purchase', '2025-04-10 16:46:01', '2025-04-12 13:36:41');
INSERT INTO `pr_log_stok_bahan_baku`(`id`, `bahan_id`, `divisi_id`, `jenis_transaksi`, `jumlah`, `hpp`, `tanggal`, `keterangan`, `created_at`, `updated_at`) VALUES (91, 297, 2, 'purchase', 1.00, 40.00, '2025-04-11', 'Otomatis dari purchase', '2025-04-11 12:14:27', '2025-04-12 13:36:41');
INSERT INTO `pr_log_stok_bahan_baku`(`id`, `bahan_id`, `divisi_id`, `jenis_transaksi`, `jumlah`, `hpp`, `tanggal`, `keterangan`, `created_at`, `updated_at`) VALUES (92, 150, 2, 'purchase', 3.00, 10.00, '2025-04-11', 'Otomatis dari purchase', '2025-04-11 12:16:53', '2025-04-12 13:36:41');
INSERT INTO `pr_log_stok_bahan_baku`(`id`, `bahan_id`, `divisi_id`, `jenis_transaksi`, `jumlah`, `hpp`, `tanggal`, `keterangan`, `created_at`, `updated_at`) VALUES (93, 56, 1, 'purchase', 1.00, 833.33, '2025-04-11', 'Otomatis dari purchase', '2025-04-11 12:26:34', '2025-04-12 13:36:41');
INSERT INTO `pr_log_stok_bahan_baku`(`id`, `bahan_id`, `divisi_id`, `jenis_transaksi`, `jumlah`, `hpp`, `tanggal`, `keterangan`, `created_at`, `updated_at`) VALUES (94, 334, 2, 'purchase', 2.00, 4000.00, '2025-04-11', 'Otomatis dari purchase', '2025-04-11 12:29:27', '2025-04-12 13:36:41');
INSERT INTO `pr_log_stok_bahan_baku`(`id`, `bahan_id`, `divisi_id`, `jenis_transaksi`, `jumlah`, `hpp`, `tanggal`, `keterangan`, `created_at`, `updated_at`) VALUES (95, 352, 2, 'purchase', 2.00, 10000.00, '2025-04-11', 'Otomatis dari purchase', '2025-04-11 12:36:43', '2025-04-12 13:36:41');
INSERT INTO `pr_log_stok_bahan_baku`(`id`, `bahan_id`, `divisi_id`, `jenis_transaksi`, `jumlah`, `hpp`, `tanggal`, `keterangan`, `created_at`, `updated_at`) VALUES (96, 350, 2, 'purchase', 1.00, 1000.00, '2025-04-11', 'Otomatis dari purchase', '2025-04-11 12:40:33', '2025-04-12 13:36:41');
INSERT INTO `pr_log_stok_bahan_baku`(`id`, `bahan_id`, `divisi_id`, `jenis_transaksi`, `jumlah`, `hpp`, `tanggal`, `keterangan`, `created_at`, `updated_at`) VALUES (97, 204, 2, 'purchase', 2.00, 350.00, '2025-04-11', 'Otomatis dari purchase', '2025-04-11 13:14:52', '2025-04-12 13:36:41');
INSERT INTO `pr_log_stok_bahan_baku`(`id`, `bahan_id`, `divisi_id`, `jenis_transaksi`, `jumlah`, `hpp`, `tanggal`, `keterangan`, `created_at`, `updated_at`) VALUES (98, 204, 2, 'purchase', 2.00, 350.00, '2025-04-11', 'Otomatis dari purchase', '2025-04-11 13:15:03', '2025-04-12 13:36:41');
INSERT INTO `pr_log_stok_bahan_baku`(`id`, `bahan_id`, `divisi_id`, `jenis_transaksi`, `jumlah`, `hpp`, `tanggal`, `keterangan`, `created_at`, `updated_at`) VALUES (99, 226, 2, 'purchase', 4.00, 150.00, '2025-04-11', 'Otomatis dari purchase', '2025-04-11 13:36:15', '2025-04-12 13:36:41');
INSERT INTO `pr_log_stok_bahan_baku`(`id`, `bahan_id`, `divisi_id`, `jenis_transaksi`, `jumlah`, `hpp`, `tanggal`, `keterangan`, `created_at`, `updated_at`) VALUES (100, 328, 2, 'purchase', 3.00, 40.00, '2025-04-11', 'Otomatis dari purchase', '2025-04-11 13:41:59', '2025-04-12 13:36:41');
INSERT INTO `pr_log_stok_bahan_baku`(`id`, `bahan_id`, `divisi_id`, `jenis_transaksi`, `jumlah`, `hpp`, `tanggal`, `keterangan`, `created_at`, `updated_at`) VALUES (101, 150, 2, 'purchase', -3.00, 0.00, '2025-04-11', 'Hapus Purchase ID #3157', '2025-04-11 14:59:22', '2025-04-12 13:36:41');
INSERT INTO `pr_log_stok_bahan_baku`(`id`, `bahan_id`, `divisi_id`, `jenis_transaksi`, `jumlah`, `hpp`, `tanggal`, `keterangan`, `created_at`, `updated_at`) VALUES (102, 150, 2, 'purchase', 5.00, 10.00, '2025-04-11', 'Otomatis dari purchase', '2025-04-11 15:04:57', '2025-04-12 13:36:41');
INSERT INTO `pr_log_stok_bahan_baku`(`id`, `bahan_id`, `divisi_id`, `jenis_transaksi`, `jumlah`, `hpp`, `tanggal`, `keterangan`, `created_at`, `updated_at`) VALUES (103, 313, 2, 'purchase', 1.00, 98.00, '2025-04-11', 'Otomatis dari purchase', '2025-04-11 15:05:38', '2025-04-12 13:36:41');
INSERT INTO `pr_log_stok_bahan_baku`(`id`, `bahan_id`, `divisi_id`, `jenis_transaksi`, `jumlah`, `hpp`, `tanggal`, `keterangan`, `created_at`, `updated_at`) VALUES (104, 148, 2, 'purchase', 4.00, 20.00, '2025-04-11', 'Otomatis dari purchase', '2025-04-11 15:06:39', '2025-04-12 13:36:41');
INSERT INTO `pr_log_stok_bahan_baku`(`id`, `bahan_id`, `divisi_id`, `jenis_transaksi`, `jumlah`, `hpp`, `tanggal`, `keterangan`, `created_at`, `updated_at`) VALUES (105, 346, 2, 'purchase', 1.00, 15.00, '2025-04-11', 'Otomatis dari purchase', '2025-04-11 15:07:33', '2025-04-12 13:36:41');
INSERT INTO `pr_log_stok_bahan_baku`(`id`, `bahan_id`, `divisi_id`, `jenis_transaksi`, `jumlah`, `hpp`, `tanggal`, `keterangan`, `created_at`, `updated_at`) VALUES (106, 357, 2, 'purchase', 1.00, 12.00, '2025-04-11', 'Otomatis dari purchase', '2025-04-11 15:08:16', '2025-04-12 13:36:41');
INSERT INTO `pr_log_stok_bahan_baku`(`id`, `bahan_id`, `divisi_id`, `jenis_transaksi`, `jumlah`, `hpp`, `tanggal`, `keterangan`, `created_at`, `updated_at`) VALUES (107, 348, 2, 'purchase', 1.00, 34.00, '2025-04-11', 'Otomatis dari purchase', '2025-04-11 15:09:01', '2025-04-12 13:36:41');
INSERT INTO `pr_log_stok_bahan_baku`(`id`, `bahan_id`, `divisi_id`, `jenis_transaksi`, `jumlah`, `hpp`, `tanggal`, `keterangan`, `created_at`, `updated_at`) VALUES (108, 57, 2, 'purchase', 1.00, 10.00, '2025-04-11', 'Otomatis dari purchase', '2025-04-11 15:11:52', '2025-04-12 13:36:41');
INSERT INTO `pr_log_stok_bahan_baku`(`id`, `bahan_id`, `divisi_id`, `jenis_transaksi`, `jumlah`, `hpp`, `tanggal`, `keterangan`, `created_at`, `updated_at`) VALUES (109, 296, 2, 'purchase', 1.00, 46.00, '2025-04-11', 'Otomatis dari purchase', '2025-04-11 15:12:27', '2025-04-12 13:36:41');
INSERT INTO `pr_log_stok_bahan_baku`(`id`, `bahan_id`, `divisi_id`, `jenis_transaksi`, `jumlah`, `hpp`, `tanggal`, `keterangan`, `created_at`, `updated_at`) VALUES (110, 97, 1, 'purchase', 3.00, 183.33, '2025-04-11', 'Otomatis dari purchase', '2025-04-11 15:14:47', '2025-04-12 13:36:41');
INSERT INTO `pr_log_stok_bahan_baku`(`id`, `bahan_id`, `divisi_id`, `jenis_transaksi`, `jumlah`, `hpp`, `tanggal`, `keterangan`, `created_at`, `updated_at`) VALUES (111, 93, 1, 'purchase', 4.00, 18.50, '2025-04-11', 'Otomatis dari purchase', '2025-04-11 15:15:29', '2025-04-12 13:36:41');
INSERT INTO `pr_log_stok_bahan_baku`(`id`, `bahan_id`, `divisi_id`, `jenis_transaksi`, `jumlah`, `hpp`, `tanggal`, `keterangan`, `created_at`, `updated_at`) VALUES (112, 147, 2, 'purchase', 1.00, 1558.82, '2025-04-11', 'Otomatis dari purchase', '2025-04-11 15:16:38', '2025-04-12 13:36:41');
INSERT INTO `pr_log_stok_bahan_baku`(`id`, `bahan_id`, `divisi_id`, `jenis_transaksi`, `jumlah`, `hpp`, `tanggal`, `keterangan`, `created_at`, `updated_at`) VALUES (113, 147, 2, 'purchase', -1.00, 0.00, '2025-04-11', 'Hapus Purchase ID #3184', '2025-04-11 15:16:48', '2025-04-12 13:36:41');
INSERT INTO `pr_log_stok_bahan_baku`(`id`, `bahan_id`, `divisi_id`, `jenis_transaksi`, `jumlah`, `hpp`, `tanggal`, `keterangan`, `created_at`, `updated_at`) VALUES (114, 147, 2, 'purchase', 5.00, 1558.82, '2025-04-11', 'Otomatis dari purchase', '2025-04-11 15:17:41', '2025-04-12 13:36:41');
INSERT INTO `pr_log_stok_bahan_baku`(`id`, `bahan_id`, `divisi_id`, `jenis_transaksi`, `jumlah`, `hpp`, `tanggal`, `keterangan`, `created_at`, `updated_at`) VALUES (115, 10, 1, 'purchase', 1.00, 130.00, '2025-04-11', 'Otomatis dari purchase', '2025-04-11 15:22:23', '2025-04-12 13:36:41');
INSERT INTO `pr_log_stok_bahan_baku`(`id`, `bahan_id`, `divisi_id`, `jenis_transaksi`, `jumlah`, `hpp`, `tanggal`, `keterangan`, `created_at`, `updated_at`) VALUES (116, 91, 2, 'purchase', 2.00, 17.00, '2025-04-11', 'Otomatis dari purchase', '2025-04-12 13:15:14', '2025-04-12 13:36:41');
INSERT INTO `pr_log_voucher`(`id`, `voucher_id`, `transaksi_id`, `detail_transaksi_id`, `customer_id`, `kode_voucher`, `jumlah_diskon`, `sisa_voucher`, `created_at`) VALUES (1, 5, 5, NULL, 8, 'BEBEK10', 0, 100, '2025-04-17 01:09:33');
INSERT INTO `pr_log_voucher`(`id`, `voucher_id`, `transaksi_id`, `detail_transaksi_id`, `customer_id`, `kode_voucher`, `jumlah_diskon`, `sisa_voucher`, `created_at`) VALUES (2, 5, 5, NULL, 8, 'BEBEK10', 6000, 0, '2025-04-17 01:17:42');
INSERT INTO `pr_log_voucher`(`id`, `voucher_id`, `transaksi_id`, `detail_transaksi_id`, `customer_id`, `kode_voucher`, `jumlah_diskon`, `sisa_voucher`, `created_at`) VALUES (3, 5, 7, NULL, 10, 'BEBEK10', 6000, 99, '2025-04-17 01:30:41');
INSERT INTO `pr_log_voucher`(`id`, `voucher_id`, `transaksi_id`, `detail_transaksi_id`, `customer_id`, `kode_voucher`, `jumlah_diskon`, `sisa_voucher`, `created_at`) VALUES (4, 4, 4, NULL, NULL, 'tes01', 17925, 99, '2025-04-18 16:54:23');
INSERT INTO `pr_log_voucher`(`id`, `voucher_id`, `transaksi_id`, `detail_transaksi_id`, `customer_id`, `kode_voucher`, `jumlah_diskon`, `sisa_voucher`, `created_at`) VALUES (5, 5, 3, NULL, 1, 'bebek10', 12000, 98, '2025-04-18 16:59:24');
INSERT INTO `pr_log_voucher`(`id`, `voucher_id`, `transaksi_id`, `detail_transaksi_id`, `customer_id`, `kode_voucher`, `jumlah_diskon`, `sisa_voucher`, `created_at`) VALUES (6, 5, 6, NULL, 1, 'bebek10', 18000, 97, '2025-04-18 20:05:05');
INSERT INTO `pr_log_voucher`(`id`, `voucher_id`, `transaksi_id`, `detail_transaksi_id`, `customer_id`, `kode_voucher`, `jumlah_diskon`, `sisa_voucher`, `created_at`) VALUES (7, 5, 11, NULL, 35, 'bebek10', 6000, 96, '2025-04-19 03:58:14');
INSERT INTO `pr_log_voucher`(`id`, `voucher_id`, `transaksi_id`, `detail_transaksi_id`, `customer_id`, `kode_voucher`, `jumlah_diskon`, `sisa_voucher`, `created_at`) VALUES (8, 5, 1, NULL, 1, 'bebek10', 6000, 95, '2025-04-19 04:08:40');
INSERT INTO `pr_log_voucher`(`id`, `voucher_id`, `transaksi_id`, `detail_transaksi_id`, `customer_id`, `kode_voucher`, `jumlah_diskon`, `sisa_voucher`, `created_at`) VALUES (9, 5, 1, NULL, 1, 'bebek10', 6000, 94, '2025-04-19 04:22:36');
INSERT INTO `pr_log_voucher`(`id`, `voucher_id`, `transaksi_id`, `detail_transaksi_id`, `customer_id`, `kode_voucher`, `jumlah_diskon`, `sisa_voucher`, `created_at`) VALUES (10, 5, 1, NULL, NULL, 'bebek10', 12000, 93, '2025-04-20 07:24:44');
INSERT INTO `pr_log_voucher`(`id`, `voucher_id`, `transaksi_id`, `detail_transaksi_id`, `customer_id`, `kode_voucher`, `jumlah_diskon`, `sisa_voucher`, `created_at`) VALUES (11, 4, 5, NULL, 3, 'tes01', 27450, 98, '2025-04-20 07:56:31');
INSERT INTO `pr_log_voucher`(`id`, `voucher_id`, `transaksi_id`, `detail_transaksi_id`, `customer_id`, `kode_voucher`, `jumlah_diskon`, `sisa_voucher`, `created_at`) VALUES (12, 4, 6, NULL, 19, 'tes01', 8550, 97, '2025-04-20 09:38:56');
INSERT INTO `pr_log_voucher`(`id`, `voucher_id`, `transaksi_id`, `detail_transaksi_id`, `customer_id`, `kode_voucher`, `jumlah_diskon`, `sisa_voucher`, `created_at`) VALUES (13, 6, 2, NULL, 1, 'TES 20', 10000, 99, '2025-04-20 09:50:58');
INSERT INTO `pr_log_voucher`(`id`, `voucher_id`, `transaksi_id`, `detail_transaksi_id`, `customer_id`, `kode_voucher`, `jumlah_diskon`, `sisa_voucher`, `created_at`) VALUES (14, 6, 12, NULL, 1, 'Tes 20', 10000, 98, '2025-04-20 10:38:01');
INSERT INTO `pr_log_voucher`(`id`, `voucher_id`, `transaksi_id`, `detail_transaksi_id`, `customer_id`, `kode_voucher`, `jumlah_diskon`, `sisa_voucher`, `created_at`) VALUES (15, 6, 1, NULL, NULL, 'tes 20', 10000, 97, '2025-04-21 22:00:33');
INSERT INTO `pr_log_voucher`(`id`, `voucher_id`, `transaksi_id`, `detail_transaksi_id`, `customer_id`, `kode_voucher`, `jumlah_diskon`, `sisa_voucher`, `created_at`) VALUES (16, 6, 7, NULL, 2, 'TES 20', 10000, 96, '2025-04-22 20:05:13');
INSERT INTO `pr_meja`(`id`, `nama_meja`, `posisi_x`, `posisi_y`, `kapasitas`, `zona`, `bentuk`, `created_at`, `updated_at`) VALUES (1, 'M01', 20, 20, 4, 'indoor', 'panjang', '2025-03-24 06:18:04', '2025-03-25 10:15:11');
INSERT INTO `pr_meja`(`id`, `nama_meja`, `posisi_x`, `posisi_y`, `kapasitas`, `zona`, `bentuk`, `created_at`, `updated_at`) VALUES (2, 'M02', 120, 20, 4, 'indoor', 'panjang', '2025-03-24 06:18:04', '2025-03-25 10:15:11');
INSERT INTO `pr_meja`(`id`, `nama_meja`, `posisi_x`, `posisi_y`, `kapasitas`, `zona`, `bentuk`, `created_at`, `updated_at`) VALUES (3, 'M03', 220, 20, 4, 'indoor', 'panjang', '2025-03-24 06:18:04', '2025-03-25 10:15:11');
INSERT INTO `pr_meja`(`id`, `nama_meja`, `posisi_x`, `posisi_y`, `kapasitas`, `zona`, `bentuk`, `created_at`, `updated_at`) VALUES (4, 'M04', 20, 200, 4, 'indoor', 'panjang2', '2025-03-24 06:18:04', '2025-03-25 10:35:07');
INSERT INTO `pr_meja`(`id`, `nama_meja`, `posisi_x`, `posisi_y`, `kapasitas`, `zona`, `bentuk`, `created_at`, `updated_at`) VALUES (5, 'M05', 100, 200, 4, 'indoor', 'panjang2', '2025-03-24 06:18:04', '2025-03-25 10:35:07');
INSERT INTO `pr_meja`(`id`, `nama_meja`, `posisi_x`, `posisi_y`, `kapasitas`, `zona`, `bentuk`, `created_at`, `updated_at`) VALUES (6, 'M06', 180, 200, 4, 'indoor', 'panjang2', '2025-03-24 06:18:04', '2025-03-25 10:35:07');
INSERT INTO `pr_meja`(`id`, `nama_meja`, `posisi_x`, `posisi_y`, `kapasitas`, `zona`, `bentuk`, `created_at`, `updated_at`) VALUES (7, 'M07', 320, 200, 4, 'indoor', 'panjang2', '2025-03-24 06:18:04', '2025-03-25 09:12:24');
INSERT INTO `pr_meja`(`id`, `nama_meja`, `posisi_x`, `posisi_y`, `kapasitas`, `zona`, `bentuk`, `created_at`, `updated_at`) VALUES (8, 'M08', 320, 20, 4, 'teras', 'panjang2', '2025-03-24 06:18:04', '2025-03-24 06:18:04');
INSERT INTO `pr_meja`(`id`, `nama_meja`, `posisi_x`, `posisi_y`, `kapasitas`, `zona`, `bentuk`, `created_at`, `updated_at`) VALUES (9, 'M09', 320, 200, 4, 'teras', 'panjang2', '2025-03-24 06:18:04', '2025-03-24 06:18:04');
INSERT INTO `pr_meja`(`id`, `nama_meja`, `posisi_x`, `posisi_y`, `kapasitas`, `zona`, `bentuk`, `created_at`, `updated_at`) VALUES (10, 'M10', 198, 42, 2, 'teras', 'persegi', '2025-03-24 06:18:04', '2025-03-25 20:26:36');
INSERT INTO `pr_meja`(`id`, `nama_meja`, `posisi_x`, `posisi_y`, `kapasitas`, `zona`, `bentuk`, `created_at`, `updated_at`) VALUES (11, 'M11', 77, 43, 2, 'teras', 'persegi', '2025-03-24 06:18:04', '2025-03-25 20:26:36');
INSERT INTO `pr_meja`(`id`, `nama_meja`, `posisi_x`, `posisi_y`, `kapasitas`, `zona`, `bentuk`, `created_at`, `updated_at`) VALUES (12, 'M12', 200, 200, 4, 'teras', 'panjang', '2025-03-24 06:18:04', '2025-03-24 06:18:04');
INSERT INTO `pr_meja`(`id`, `nama_meja`, `posisi_x`, `posisi_y`, `kapasitas`, `zona`, `bentuk`, `created_at`, `updated_at`) VALUES (13, 'M13', 100, 200, 4, 'teras', 'panjang', '2025-03-24 06:18:04', '2025-03-24 06:18:04');
INSERT INTO `pr_meja`(`id`, `nama_meja`, `posisi_x`, `posisi_y`, `kapasitas`, `zona`, `bentuk`, `created_at`, `updated_at`) VALUES (14, 'M14', 0, 200, 4, 'teras', 'panjang', '2025-03-24 06:18:04', '2025-03-24 06:18:04');
INSERT INTO `pr_meja`(`id`, `nama_meja`, `posisi_x`, `posisi_y`, `kapasitas`, `zona`, `bentuk`, `created_at`, `updated_at`) VALUES (16, 'M15', 320, 0, 4, 'semi_indoor', 'panjang2', '2025-03-24 06:18:04', '2025-03-25 08:17:31');
INSERT INTO `pr_meja`(`id`, `nama_meja`, `posisi_x`, `posisi_y`, `kapasitas`, `zona`, `bentuk`, `created_at`, `updated_at`) VALUES (17, 'M16', 320, 100, 4, 'semi_indoor', 'panjang2', '2025-03-24 06:18:04', '2025-03-24 06:18:04');
INSERT INTO `pr_meja`(`id`, `nama_meja`, `posisi_x`, `posisi_y`, `kapasitas`, `zona`, `bentuk`, `created_at`, `updated_at`) VALUES (18, 'M17', 320, 200, 4, 'semi_indoor', 'panjang2', '2025-03-24 06:18:04', '2025-03-24 06:18:04');
INSERT INTO `pr_meja`(`id`, `nama_meja`, `posisi_x`, `posisi_y`, `kapasitas`, `zona`, `bentuk`, `created_at`, `updated_at`) VALUES (19, 'M18', 320, 300, 4, 'semi_indoor', 'panjang2', '2025-03-24 06:18:04', '2025-03-24 06:18:04');
INSERT INTO `pr_meja`(`id`, `nama_meja`, `posisi_x`, `posisi_y`, `kapasitas`, `zona`, `bentuk`, `created_at`, `updated_at`) VALUES (20, 'M19', 250, 0, 4, 'semi_indoor', 'panjang2', '2025-03-24 06:18:04', '2025-03-24 06:18:04');
INSERT INTO `pr_meja`(`id`, `nama_meja`, `posisi_x`, `posisi_y`, `kapasitas`, `zona`, `bentuk`, `created_at`, `updated_at`) VALUES (21, 'M20', 250, 100, 4, 'semi_indoor', 'panjang2', '2025-03-24 06:18:04', '2025-03-24 06:18:04');
INSERT INTO `pr_meja`(`id`, `nama_meja`, `posisi_x`, `posisi_y`, `kapasitas`, `zona`, `bentuk`, `created_at`, `updated_at`) VALUES (22, 'M21', 250, 200, 4, 'semi_indoor', 'panjang2', '2025-03-24 06:18:04', '2025-03-24 06:18:04');
INSERT INTO `pr_meja`(`id`, `nama_meja`, `posisi_x`, `posisi_y`, `kapasitas`, `zona`, `bentuk`, `created_at`, `updated_at`) VALUES (23, 'M22', 180, 0, 4, 'semi_indoor', 'panjang2', '2025-03-24 06:18:04', '2025-03-24 06:18:04');
INSERT INTO `pr_meja`(`id`, `nama_meja`, `posisi_x`, `posisi_y`, `kapasitas`, `zona`, `bentuk`, `created_at`, `updated_at`) VALUES (24, 'M23', 180, 100, 4, 'semi_indoor', 'panjang2', '2025-03-24 06:18:04', '2025-03-24 06:18:04');
INSERT INTO `pr_meja`(`id`, `nama_meja`, `posisi_x`, `posisi_y`, `kapasitas`, `zona`, `bentuk`, `created_at`, `updated_at`) VALUES (25, 'M24', 180, 200, 4, 'semi_indoor', 'panjang2', '2025-03-24 06:18:04', '2025-03-24 06:18:04');
INSERT INTO `pr_meja`(`id`, `nama_meja`, `posisi_x`, `posisi_y`, `kapasitas`, `zona`, `bentuk`, `created_at`, `updated_at`) VALUES (26, 'M25', 100, 0, 4, 'semi_indoor', 'persegi', '2025-03-24 06:18:04', '2025-03-24 06:18:04');
INSERT INTO `pr_meja`(`id`, `nama_meja`, `posisi_x`, `posisi_y`, `kapasitas`, `zona`, `bentuk`, `created_at`, `updated_at`) VALUES (27, 'M26', 100, 100, 4, 'semi_indoor', 'persegi', '2025-03-24 06:18:04', '2025-03-24 06:18:04');
INSERT INTO `pr_meja`(`id`, `nama_meja`, `posisi_x`, `posisi_y`, `kapasitas`, `zona`, `bentuk`, `created_at`, `updated_at`) VALUES (28, 'M27', 100, 200, 4, 'semi_indoor', 'persegi', '2025-03-24 06:18:04', '2025-03-24 06:18:04');
INSERT INTO `pr_meja`(`id`, `nama_meja`, `posisi_x`, `posisi_y`, `kapasitas`, `zona`, `bentuk`, `created_at`, `updated_at`) VALUES (29, 'M28', 0, 100, 4, 'semi_indoor', 'persegi', '2025-03-24 06:18:04', '2025-03-24 06:18:04');
INSERT INTO `pr_meja`(`id`, `nama_meja`, `posisi_x`, `posisi_y`, `kapasitas`, `zona`, `bentuk`, `created_at`, `updated_at`) VALUES (30, 'M29', 0, 200, 4, 'semi_indoor', 'persegi', '2025-03-24 06:18:04', '2025-03-24 06:18:04');
INSERT INTO `pr_meja`(`id`, `nama_meja`, `posisi_x`, `posisi_y`, `kapasitas`, `zona`, `bentuk`, `created_at`, `updated_at`) VALUES (31, 'M30', 83, 190, 4, 'outdoor', 'bulat', '2025-03-24 06:18:04', '2025-03-25 20:25:35');
INSERT INTO `pr_meja_pembatas`(`id`, `zona`, `posisi_x`, `posisi_y`, `lebar`, `tinggi`, `orientasi`, `created_at`, `updated_at`) VALUES (3, 'semi_indoor', 50, 50, 100, 10, 'horizontal', '2025-03-25 06:58:17', '2025-03-25 06:58:17');
INSERT INTO `pr_metode_pembayaran`(`id`, `metode_pembayaran`, `bl_rekening_id`, `created_at`, `updated_at`) VALUES (1, 'TUNAI', 1, '2025-03-24 06:18:05', '2025-03-24 06:18:05');
INSERT INTO `pr_metode_pembayaran`(`id`, `metode_pembayaran`, `bl_rekening_id`, `created_at`, `updated_at`) VALUES (2, 'QRIS MANDIRI', 2, '2025-03-24 06:18:05', '2025-03-24 06:18:05');
INSERT INTO `pr_metode_pembayaran`(`id`, `metode_pembayaran`, `bl_rekening_id`, `created_at`, `updated_at`) VALUES (3, 'QRIS BCA', 3, '2025-03-24 06:18:05', '2025-03-24 06:18:05');
INSERT INTO `pr_metode_pembayaran`(`id`, `metode_pembayaran`, `bl_rekening_id`, `created_at`, `updated_at`) VALUES (4, 'QRIS BRI', 4, '2025-03-24 06:18:05', '2025-03-24 06:18:05');
INSERT INTO `pr_metode_pembayaran`(`id`, `metode_pembayaran`, `bl_rekening_id`, `created_at`, `updated_at`) VALUES (5, 'TRANSFER MANDIRI', 2, '2025-03-24 06:18:05', '2025-03-24 06:18:05');
INSERT INTO `pr_metode_pembayaran`(`id`, `metode_pembayaran`, `bl_rekening_id`, `created_at`, `updated_at`) VALUES (6, 'TRANSFER BRI', 4, '2025-03-24 06:18:05', '2025-03-24 06:18:05');
INSERT INTO `pr_metode_pembayaran`(`id`, `metode_pembayaran`, `bl_rekening_id`, `created_at`, `updated_at`) VALUES (7, 'TRANSFER BCA', 3, '2025-03-24 06:18:05', '2025-03-24 06:18:05');
INSERT INTO `pr_metode_pembayaran`(`id`, `metode_pembayaran`, `bl_rekening_id`, `created_at`, `updated_at`) VALUES (8, 'TRANSFER BPD JATENG', 5, '2025-03-24 06:18:05', '2025-03-24 06:18:05');
INSERT INTO `pr_metode_pembayaran`(`id`, `metode_pembayaran`, `bl_rekening_id`, `created_at`, `updated_at`) VALUES (9, 'EDC MANDIRI', 2, '2025-03-24 06:18:05', '2025-03-24 06:18:05');
INSERT INTO `pr_metode_pembayaran`(`id`, `metode_pembayaran`, `bl_rekening_id`, `created_at`, `updated_at`) VALUES (10, 'EDC BRI', 4, '2025-03-24 06:18:05', '2025-03-24 06:18:05');
INSERT INTO `pr_metode_pembayaran`(`id`, `metode_pembayaran`, `bl_rekening_id`, `created_at`, `updated_at`) VALUES (11, 'GRAB FOOD', 2, '2025-03-24 06:18:05', '2025-03-24 06:18:05');
INSERT INTO `pr_metode_pembayaran`(`id`, `metode_pembayaran`, `bl_rekening_id`, `created_at`, `updated_at`) VALUES (12, 'SHOPEE FOOD', 3, '2025-03-24 06:18:05', '2025-03-24 06:18:05');
INSERT INTO `pr_metode_pembayaran`(`id`, `metode_pembayaran`, `bl_rekening_id`, `created_at`, `updated_at`) VALUES (13, 'MAXIM', 1, '2025-03-24 06:18:05', '2025-03-24 06:18:05');
INSERT INTO `pr_pembayaran`(`id`, `transaksi_id`, `metode_id`, `jumlah`, `waktu_bayar`, `keterangan`, `kasir_id`, `created_at`, `updated_at`) VALUES (1, 3, 1, 52000, '2025-04-21 23:52:22', '', 98, '2025-04-21 21:59:37', '2025-04-21 21:59:37');
INSERT INTO `pr_pembayaran`(`id`, `transaksi_id`, `metode_id`, `jumlah`, `waktu_bayar`, `keterangan`, `kasir_id`, `created_at`, `updated_at`) VALUES (2, 4, 1, 52000, '2025-04-21 21:59:50', '', 98, '2025-04-21 21:59:50', '2025-04-21 21:59:50');
INSERT INTO `pr_pembayaran`(`id`, `transaksi_id`, `metode_id`, `jumlah`, `waktu_bayar`, `keterangan`, `kasir_id`, `created_at`, `updated_at`) VALUES (3, 2, 1, 117000, '2025-04-21 22:00:01', '', 98, '2025-04-21 22:00:01', '2025-04-21 22:00:01');
INSERT INTO `pr_pembayaran`(`id`, `transaksi_id`, `metode_id`, `jumlah`, `waktu_bayar`, `keterangan`, `kasir_id`, `created_at`, `updated_at`) VALUES (4, 1, 1, 50000, '2025-04-21 22:00:33', '', 98, '2025-04-21 22:00:33', '2025-04-21 22:00:33');
INSERT INTO `pr_pembayaran`(`id`, `transaksi_id`, `metode_id`, `jumlah`, `waktu_bayar`, `keterangan`, `kasir_id`, `created_at`, `updated_at`) VALUES (5, 1, 2, 50000, '2025-04-21 22:00:33', '', 98, '2025-04-21 22:00:33', '2025-04-21 22:00:33');
INSERT INTO `pr_pembayaran`(`id`, `transaksi_id`, `metode_id`, `jumlah`, `waktu_bayar`, `keterangan`, `kasir_id`, `created_at`, `updated_at`) VALUES (6, 1, 3, 42000, '2025-04-21 22:00:33', '', 98, '2025-04-21 22:00:33', '2025-04-21 22:00:33');
INSERT INTO `pr_pembayaran`(`id`, `transaksi_id`, `metode_id`, `jumlah`, `waktu_bayar`, `keterangan`, `kasir_id`, `created_at`, `updated_at`) VALUES (7, 5, 1, 16000, '2025-04-21 22:01:23', '', 98, '2025-04-21 22:01:23', '2025-04-21 22:01:23');
INSERT INTO `pr_pembayaran`(`id`, `transaksi_id`, `metode_id`, `jumlah`, `waktu_bayar`, `keterangan`, `kasir_id`, `created_at`, `updated_at`) VALUES (8, 7, 1, 114500, '2025-04-22 20:05:13', '', 98, '2025-04-22 20:05:13', '2025-04-22 20:05:13');
INSERT INTO `pr_pembayaran`(`id`, `transaksi_id`, `metode_id`, `jumlah`, `waktu_bayar`, `keterangan`, `kasir_id`, `created_at`, `updated_at`) VALUES (9, 6, 1, 197500, '2025-04-23 21:58:43', '', 98, '2025-04-23 21:58:43', '2025-04-23 21:58:43');
INSERT INTO `pr_pembayaran`(`id`, `transaksi_id`, `metode_id`, `jumlah`, `waktu_bayar`, `keterangan`, `kasir_id`, `created_at`, `updated_at`) VALUES (10, 8, 1, 126000, '2025-04-23 22:05:07', '', 98, '2025-04-23 22:05:07', '2025-04-23 22:05:07');
INSERT INTO `pr_pembayaran`(`id`, `transaksi_id`, `metode_id`, `jumlah`, `waktu_bayar`, `keterangan`, `kasir_id`, `created_at`, `updated_at`) VALUES (11, 9, 1, 39000, '2025-04-23 22:10:53', '', 98, '2025-04-23 22:10:53', '2025-04-23 22:10:53');
INSERT INTO `pr_pembayaran`(`id`, `transaksi_id`, `metode_id`, `jumlah`, `waktu_bayar`, `keterangan`, `kasir_id`, `created_at`, `updated_at`) VALUES (12, 10, 1, 67500, '2025-04-24 12:10:43', '', 98, '2025-04-24 12:10:43', '2025-04-24 12:10:43');
INSERT INTO `pr_pembayaran`(`id`, `transaksi_id`, `metode_id`, `jumlah`, `waktu_bayar`, `keterangan`, `kasir_id`, `created_at`, `updated_at`) VALUES (13, 11, 1, 36000, '2025-04-25 10:35:40', '', 98, '2025-04-25 10:35:40', '2025-04-25 10:35:40');
INSERT INTO `pr_pembayaran`(`id`, `transaksi_id`, `metode_id`, `jumlah`, `waktu_bayar`, `keterangan`, `kasir_id`, `created_at`, `updated_at`) VALUES (14, 13, 1, 1000064500, '2025-04-27 21:19:21', '', 98, '2025-04-27 07:48:04', '2025-04-27 07:48:04');
INSERT INTO `pr_pembayaran`(`id`, `transaksi_id`, `metode_id`, `jumlah`, `waktu_bayar`, `keterangan`, `kasir_id`, `created_at`, `updated_at`) VALUES (15, 20, 1, 72000, '2025-04-27 21:18:40', '', 98, '2025-04-27 21:18:40', '2025-04-27 21:18:40');
INSERT INTO `pr_pembayaran`(`id`, `transaksi_id`, `metode_id`, `jumlah`, `waktu_bayar`, `keterangan`, `kasir_id`, `created_at`, `updated_at`) VALUES (16, 16, 1, 47000, '2025-04-27 21:18:52', '', 98, '2025-04-27 21:18:52', '2025-04-27 21:18:52');
INSERT INTO `pr_pembayaran`(`id`, `transaksi_id`, `metode_id`, `jumlah`, `waktu_bayar`, `keterangan`, `kasir_id`, `created_at`, `updated_at`) VALUES (17, 17, 1, 53000, '2025-04-27 21:19:02', '', 98, '2025-04-27 21:19:02', '2025-04-27 21:19:02');
INSERT INTO `pr_pembayaran`(`id`, `transaksi_id`, `metode_id`, `jumlah`, `waktu_bayar`, `keterangan`, `kasir_id`, `created_at`, `updated_at`) VALUES (18, 14, 1, 16000, '2025-04-27 21:19:12', '', 98, '2025-04-27 21:19:12', '2025-04-27 21:19:12');
INSERT INTO `pr_pembayaran`(`id`, `transaksi_id`, `metode_id`, `jumlah`, `waktu_bayar`, `keterangan`, `kasir_id`, `created_at`, `updated_at`) VALUES (19, 12, 1, 127500, '2025-04-27 21:19:31', '', 98, '2025-04-27 21:19:31', '2025-04-27 21:19:31');
INSERT INTO `pr_pembayaran`(`id`, `transaksi_id`, `metode_id`, `jumlah`, `waktu_bayar`, `keterangan`, `kasir_id`, `created_at`, `updated_at`) VALUES (20, 15, 1, 17000, '2025-04-27 21:19:41', '', 98, '2025-04-27 21:19:41', '2025-04-27 21:19:41');
INSERT INTO `pr_pembayaran`(`id`, `transaksi_id`, `metode_id`, `jumlah`, `waktu_bayar`, `keterangan`, `kasir_id`, `created_at`, `updated_at`) VALUES (21, 24, 1, 78000, '2025-04-28 05:11:40', '', 98, '2025-04-28 05:11:40', '2025-04-28 05:11:40');
INSERT INTO `pr_pembayaran`(`id`, `transaksi_id`, `metode_id`, `jumlah`, `waktu_bayar`, `keterangan`, `kasir_id`, `created_at`, `updated_at`) VALUES (22, 23, 1, 20000, '2025-04-28 05:47:26', '', 98, '2025-04-28 05:47:26', '2025-04-28 05:47:26');
INSERT INTO `pr_pembayaran`(`id`, `transaksi_id`, `metode_id`, `jumlah`, `waktu_bayar`, `keterangan`, `kasir_id`, `created_at`, `updated_at`) VALUES (23, 23, 2, 89000, '2025-04-28 05:47:26', '', 98, '2025-04-28 05:47:26', '2025-04-28 05:47:26');
INSERT INTO `pr_pengaturan`(`id`, `nama_outlet`, `alamat`, `email`, `no_telepon`, `logo`, `text_header`, `text_footer`, `show_header_text`, `show_footer_text`, `show_logo`, `show_outlet`, `show_address`, `show_email`, `show_phone`, `show_invoice`, `show_cashier_order`, `show_order_time`, `show_payment_time`, `show_cashier_payment`, `show_customer`, `show_order_type`, `show_table_number`, `printer_name`, `printer_type`, `created_at`, `updated_at`) VALUES (1, 'Namua Coffee & Eatery', 'Jl. Magnolia, Kabongan Kidul, Rembang', 'namuacoffee@gmail.com', '085150737377', 'LogoNamua_MaroonxCream1.png', '', '', 1, 1, 1, 1, 1, 1, 1, 1, 0, 0, 1, 1, 1, 1, 1, '', 'bluetooth', '2025-03-24 06:18:05', '2025-03-24 06:18:05');
INSERT INTO `pr_poin`(`id`, `jenis_point`, `produk_id`, `min_pembelian`, `nilai_point`, `kedaluwarsa_hari`, `created_at`, `updated_at`) VALUES (3, 'per_produk', 242, 0.00, 2, 365, '2025-03-24 06:18:05', '2025-04-16 20:50:32');
INSERT INTO `pr_poin`(`id`, `jenis_point`, `produk_id`, `min_pembelian`, `nilai_point`, `kedaluwarsa_hari`, `created_at`, `updated_at`) VALUES (4, 'per_pembelian', NULL, 100000.00, 1, 365, '2025-03-24 06:18:05', '2025-04-16 20:50:37');
INSERT INTO `pr_poin`(`id`, `jenis_point`, `produk_id`, `min_pembelian`, `nilai_point`, `kedaluwarsa_hari`, `created_at`, `updated_at`) VALUES (7, 'per_produk', 235, 0.00, 5, 365, '2025-03-24 06:18:05', '2025-04-16 20:50:37');
INSERT INTO `pr_poin`(`id`, `jenis_point`, `produk_id`, `min_pembelian`, `nilai_point`, `kedaluwarsa_hari`, `created_at`, `updated_at`) VALUES (10, 'per_produk', 23, 0.00, 2, 365, '2025-03-24 06:18:05', '2025-04-16 20:50:37');
INSERT INTO `pr_poin`(`id`, `jenis_point`, `produk_id`, `min_pembelian`, `nilai_point`, `kedaluwarsa_hari`, `created_at`, `updated_at`) VALUES (11, 'per_produk', 25, 0.00, 3, 365, '2025-03-24 06:18:05', '2025-04-16 20:50:37');
INSERT INTO `pr_poin`(`id`, `jenis_point`, `produk_id`, `min_pembelian`, `nilai_point`, `kedaluwarsa_hari`, `created_at`, `updated_at`) VALUES (12, 'per_produk', 13, 0.00, 2, 365, '2025-03-24 06:18:05', '2025-04-16 20:50:37');
INSERT INTO `pr_printer`(`id`, `lokasi_printer`, `divisi`, `printer_name`, `port`, `created_at`, `updated_at`, `python_port`) VALUES (1, 'KASIR', 0, 'RPP210A', 'COM7', '2025-04-12 12:28:12', '2025-04-22 19:51:35', 3000);
INSERT INTO `pr_printer`(`id`, `lokasi_printer`, `divisi`, `printer_name`, `port`, `created_at`, `updated_at`, `python_port`) VALUES (2, 'BAR', 1, 'RPP02', 'COM3', '2025-04-12 12:30:30', '2025-04-22 20:04:23', 3001);
INSERT INTO `pr_printer`(`id`, `lokasi_printer`, `divisi`, `printer_name`, `port`, `created_at`, `updated_at`, `python_port`) VALUES (3, 'KITCHEN', 2, 'RPP02N', 'COM10', '2025-04-12 12:30:48', '2025-04-22 20:00:41', 3002);
INSERT INTO `pr_printer`(`id`, `lokasi_printer`, `divisi`, `printer_name`, `port`, `created_at`, `updated_at`, `python_port`) VALUES (4, 'CHECKER', 0, 'RPP210A', 'COM6', '2025-04-12 13:56:43', '2025-04-26 17:51:55', 3003);
INSERT INTO `pr_produk`(`id`, `nama_produk`, `sku`, `deskripsi`, `kategori_id`, `satuan`, `hpp`, `harga_jual`, `monitor_persediaan`, `tampil`, `foto`, `created_at`, `updated_at`) VALUES (1, 'ABANG MANIS', 'ABNGMNS', '-', 26, 'PORSI', 0.00, 16000.00, 1, 2, NULL, '2025-03-24 06:18:06', '2025-03-24 06:18:06');
INSERT INTO `pr_produk`(`id`, `nama_produk`, `sku`, `deskripsi`, `kategori_id`, `satuan`, `hpp`, `harga_jual`, `monitor_persediaan`, `tampil`, `foto`, `created_at`, `updated_at`) VALUES (2, 'ADD ICE CREAM CHOCOLATE ', 'HADGKHB', '-', 10, 'PORSI', 0.00, 9000.00, 1, 1, NULL, '2025-03-24 06:18:06', '2025-03-24 06:18:06');
INSERT INTO `pr_produk`(`id`, `nama_produk`, `sku`, `deskripsi`, `kategori_id`, `satuan`, `hpp`, `harga_jual`, `monitor_persediaan`, `tampil`, `foto`, `created_at`, `updated_at`) VALUES (3, 'ADD ICE CREAM VANILLA', 'ICCRMAD01', '-', 10, 'GELAS', 0.00, 9000.00, 1, 1, NULL, '2025-03-24 06:18:06', '2025-03-24 06:18:06');
INSERT INTO `pr_produk`(`id`, `nama_produk`, `sku`, `deskripsi`, `kategori_id`, `satuan`, `hpp`, `harga_jual`, `monitor_persediaan`, `tampil`, `foto`, `created_at`, `updated_at`) VALUES (4, 'ADDITIONAL FRIED WONTON', 'FRDWNTN02', '-', 23, 'PORSI', 0.00, 5000.00, 1, 1, NULL, '2025-03-24 06:18:06', '2025-03-24 06:18:06');
INSERT INTO `pr_produk`(`id`, `nama_produk`, `sku`, `deskripsi`, `kategori_id`, `satuan`, `hpp`, `harga_jual`, `monitor_persediaan`, `tampil`, `foto`, `created_at`, `updated_at`) VALUES (5, 'ADU RAMU', 'ADRMU1', '-', 8, 'PORSI', 0.00, 18000.00, 1, 1, NULL, '2025-03-24 06:18:06', '2025-03-24 06:18:06');
INSERT INTO `pr_produk`(`id`, `nama_produk`, `sku`, `deskripsi`, `kategori_id`, `satuan`, `hpp`, `harga_jual`, `monitor_persediaan`, `tampil`, `foto`, `created_at`, `updated_at`) VALUES (6, 'AMERICANO HOT', 'AM01', 'ESPRESSO, HOT WATTER', 1, 'GELAS', 0.00, 16000.00, 1, 1, NULL, '2025-03-24 06:18:06', '2025-03-24 06:18:06');
INSERT INTO `pr_produk`(`id`, `nama_produk`, `sku`, `deskripsi`, `kategori_id`, `satuan`, `hpp`, `harga_jual`, `monitor_persediaan`, `tampil`, `foto`, `created_at`, `updated_at`) VALUES (7, 'AMERICANO ICE', 'AM02', '-', 1, 'GELAS', 0.00, 17000.00, 1, 1, NULL, '2025-03-24 06:18:06', '2025-03-24 06:18:06');
INSERT INTO `pr_produk`(`id`, `nama_produk`, `sku`, `deskripsi`, `kategori_id`, `satuan`, `hpp`, `harga_jual`, `monitor_persediaan`, `tampil`, `foto`, `created_at`, `updated_at`) VALUES (8, 'ARABELLA', 'ARBLLA01', '-', 28, 'GELAS', 0.00, 12000.00, 1, 2, NULL, '2025-03-24 06:18:06', '2025-03-24 06:18:06');
INSERT INTO `pr_produk`(`id`, `nama_produk`, `sku`, `deskripsi`, `kategori_id`, `satuan`, `hpp`, `harga_jual`, `monitor_persediaan`, `tampil`, `foto`, `created_at`, `updated_at`) VALUES (9, 'ARABIAN GRILL LAMB CHOP', 'ARBN01', 'MIDDLE EAST CUISIN PAN GRILL LAMB CHOP, FRESH SALAD', 12, 'PORSI', 0.00, 68000.00, 1, 1, NULL, '2025-03-24 06:18:06', '2025-03-24 06:18:06');
INSERT INTO `pr_produk`(`id`, `nama_produk`, `sku`, `deskripsi`, `kategori_id`, `satuan`, `hpp`, `harga_jual`, `monitor_persediaan`, `tampil`, `foto`, `created_at`, `updated_at`) VALUES (10, 'ARABIAN RICE', 'AR005', '-', 21, 'PORSI', 0.00, 15000.00, 1, 1, NULL, '2025-03-24 06:18:06', '2025-03-24 06:18:06');
INSERT INTO `pr_produk`(`id`, `nama_produk`, `sku`, `deskripsi`, `kategori_id`, `satuan`, `hpp`, `harga_jual`, `monitor_persediaan`, `tampil`, `foto`, `created_at`, `updated_at`) VALUES (11, 'AURORA', 'ARR01', 'CUCUMBER,ROSE,STRAWBERRY,BLUE BEA TEA', 3, 'GELAS', 0.00, 20000.00, 1, 2, NULL, '2025-03-24 06:18:06', '2025-03-24 06:18:06');
INSERT INTO `pr_produk`(`id`, `nama_produk`, `sku`, `deskripsi`, `kategori_id`, `satuan`, `hpp`, `harga_jual`, `monitor_persediaan`, `tampil`, `foto`, `created_at`, `updated_at`) VALUES (12, 'AVOGATO', 'AVGT01', 'ESPRESSO WITH VANILLA ICE CREAM', 2, 'GELAS', 0.00, 20000.00, 1, 1, NULL, '2025-03-24 06:18:06', '2025-03-24 06:18:06');
INSERT INTO `pr_produk`(`id`, `nama_produk`, `sku`, `deskripsi`, `kategori_id`, `satuan`, `hpp`, `harga_jual`, `monitor_persediaan`, `tampil`, `foto`, `created_at`, `updated_at`) VALUES (13, 'AYAM BAKAR SAMBAL DABU DABU', 'BKR99', 'TANPA NASI', 11, 'PORSI', 0.00, 25000.00, 1, 1, NULL, '2025-03-24 06:18:06', '2025-03-24 06:18:06');
INSERT INTO `pr_produk`(`id`, `nama_produk`, `sku`, `deskripsi`, `kategori_id`, `satuan`, `hpp`, `harga_jual`, `monitor_persediaan`, `tampil`, `foto`, `created_at`, `updated_at`) VALUES (14, 'AYAM BAKAR SAMBAL DABU-DABU + NASI', 'ABSDD009', 'half cut chicken 250gr marinated, sambal dabu-dabu, fresh lalapan', 11, 'PORSI', 0.00, 28000.00, 1, 1, NULL, '2025-03-24 06:18:06', '2025-03-24 06:18:06');
INSERT INTO `pr_produk`(`id`, `nama_produk`, `sku`, `deskripsi`, `kategori_id`, `satuan`, `hpp`, `harga_jual`, `monitor_persediaan`, `tampil`, `foto`, `created_at`, `updated_at`) VALUES (15, 'AYAM GORENG REMPAH KREMES', 'AYM11', 'TANPA NASI', 11, 'PORSI', 0.00, 22000.00, 1, 1, NULL, '2025-03-24 06:18:06', '2025-03-24 06:18:06');
INSERT INTO `pr_produk`(`id`, `nama_produk`, `sku`, `deskripsi`, `kategori_id`, `satuan`, `hpp`, `harga_jual`, `monitor_persediaan`, `tampil`, `foto`, `created_at`, `updated_at`) VALUES (16, 'AYAM GORENG REMPAH KREMES + NASI', 'AGRK008', 'half cut chicken 250gr marinated, sambal bawang, fresh lalapan ', 11, 'PORSI', 0.00, 25000.00, 1, 1, NULL, '2025-03-24 06:18:06', '2025-03-24 06:18:06');
INSERT INTO `pr_produk`(`id`, `nama_produk`, `sku`, `deskripsi`, `kategori_id`, `satuan`, `hpp`, `harga_jual`, `monitor_persediaan`, `tampil`, `foto`, `created_at`, `updated_at`) VALUES (17, 'AYAM SONGKEM', 'AYMSNGKM99', 'TANPA NASI', 11, 'PORSI', 0.00, 29000.00, 1, 1, NULL, '2025-03-24 06:18:06', '2025-03-24 06:18:06');
INSERT INTO `pr_produk`(`id`, `nama_produk`, `sku`, `deskripsi`, `kategori_id`, `satuan`, `hpp`, `harga_jual`, `monitor_persediaan`, `tampil`, `foto`, `created_at`, `updated_at`) VALUES (18, 'AYAM SONGKEM + NASI', 'AYMSNKM5', '-', 11, 'PORSI', 0.00, 32000.00, 1, 1, NULL, '2025-03-24 06:18:06', '2025-03-24 06:18:06');
INSERT INTO `pr_produk`(`id`, `nama_produk`, `sku`, `deskripsi`, `kategori_id`, `satuan`, `hpp`, `harga_jual`, `monitor_persediaan`, `tampil`, `foto`, `created_at`, `updated_at`) VALUES (19, 'BANANA CREME BRULE', 'BNCRM01', 'BANANA FRUIT,CARAMEL,BROWNSUGAR,FRESHMILK', 6, 'GELAS', 0.00, 23000.00, 1, 1, NULL, '2025-03-24 06:18:06', '2025-03-24 06:18:06');
INSERT INTO `pr_produk`(`id`, `nama_produk`, `sku`, `deskripsi`, `kategori_id`, `satuan`, `hpp`, `harga_jual`, `monitor_persediaan`, `tampil`, `foto`, `created_at`, `updated_at`) VALUES (20, 'BANANA KING', 'BNKNG01', 'BANANA FRUIT,FRESHMILK,CARAMEL,ESPRESSO,WHIPPING CREAM', 6, 'GELAS', 0.00, 23000.00, 1, 1, NULL, '2025-03-24 06:18:06', '2025-03-24 06:18:06');
INSERT INTO `pr_produk`(`id`, `nama_produk`, `sku`, `deskripsi`, `kategori_id`, `satuan`, `hpp`, `harga_jual`, `monitor_persediaan`, `tampil`, `foto`, `created_at`, `updated_at`) VALUES (21, 'BANANA NUGGET OVALTINE', 'BNNGTOV', '-', 15, 'PORSI', 0.00, 18000.00, 1, 1, NULL, '2025-03-24 06:18:06', '2025-03-24 06:18:06');
INSERT INTO `pr_produk`(`id`, `nama_produk`, `sku`, `deskripsi`, `kategori_id`, `satuan`, `hpp`, `harga_jual`, `monitor_persediaan`, `tampil`, `foto`, `created_at`, `updated_at`) VALUES (22, 'BANANA OVOMALTINE', 'BNNOV01', '-', 15, 'PORSI', 0.00, 15000.00, 1, 2, NULL, '2025-03-24 06:18:06', '2025-03-24 06:18:06');
INSERT INTO `pr_produk`(`id`, `nama_produk`, `sku`, `deskripsi`, `kategori_id`, `satuan`, `hpp`, `harga_jual`, `monitor_persediaan`, `tampil`, `foto`, `created_at`, `updated_at`) VALUES (23, 'BARBEQUE SAUCE', 'BBQSC01', '-', 22, 'PORSI', 0.00, 7000.00, 1, 1, NULL, '2025-03-24 06:18:06', '2025-03-24 06:18:06');
INSERT INTO `pr_produk`(`id`, `nama_produk`, `sku`, `deskripsi`, `kategori_id`, `satuan`, `hpp`, `harga_jual`, `monitor_persediaan`, `tampil`, `foto`, `created_at`, `updated_at`) VALUES (24, 'BASE GEDE RICE', 'BGR02', '-', 21, 'PORSI', 0.00, 11000.00, 1, 1, NULL, '2025-03-24 06:18:06', '2025-03-24 06:18:06');
INSERT INTO `pr_produk`(`id`, `nama_produk`, `sku`, `deskripsi`, `kategori_id`, `satuan`, `hpp`, `harga_jual`, `monitor_persediaan`, `tampil`, `foto`, `created_at`, `updated_at`) VALUES (25, 'BEBEK BUMBU IRENG MADURA (JUMBO) + NASI', 'BBIM007', 'slow cook 6 hour duck boneless, bumbu ireng paste madura, sambal matah', 11, 'PORSI', 0.00, 60000.00, 1, 1, NULL, '2025-03-24 06:18:06', '2025-03-24 06:18:06');
INSERT INTO `pr_produk`(`id`, `nama_produk`, `sku`, `deskripsi`, `kategori_id`, `satuan`, `hpp`, `harga_jual`, `monitor_persediaan`, `tampil`, `foto`, `created_at`, `updated_at`) VALUES (26, 'BEBEK BUMBU IRENG MADURA (SMALL)', 'BBK55', 'TANPA NASI', 11, 'PORSI', 0.00, 40000.00, 1, 1, NULL, '2025-03-24 06:18:06', '2025-03-24 06:18:06');
INSERT INTO `pr_produk`(`id`, `nama_produk`, `sku`, `deskripsi`, `kategori_id`, `satuan`, `hpp`, `harga_jual`, `monitor_persediaan`, `tampil`, `foto`, `created_at`, `updated_at`) VALUES (27, 'BEBEK BUMBU IRENG MADURA + NASI', 'SMALLBEBEK', '-', 11, 'PORSI', 0.00, 43000.00, 1, 1, NULL, '2025-03-24 06:18:06', '2025-03-24 06:18:06');
INSERT INTO `pr_produk`(`id`, `nama_produk`, `sku`, `deskripsi`, `kategori_id`, `satuan`, `hpp`, `harga_jual`, `monitor_persediaan`, `tampil`, `foto`, `created_at`, `updated_at`) VALUES (28, 'BEBEK BUMBU IRENG MADURA JUMBO', 'JMB', '-', 11, 'PORSI', 0.00, 57000.00, 1, 1, NULL, '2025-03-24 06:18:06', '2025-03-24 06:18:06');
INSERT INTO `pr_produk`(`id`, `nama_produk`, `sku`, `deskripsi`, `kategori_id`, `satuan`, `hpp`, `harga_jual`, `monitor_persediaan`, `tampil`, `foto`, `created_at`, `updated_at`) VALUES (29, 'BEBEK SONGKEM', 'BBKSNG11', 'TANPA NASI', 11, 'PORSI', 0.00, 40000.00, 1, 1, NULL, '2025-03-24 06:18:06', '2025-03-24 06:18:06');
INSERT INTO `pr_produk`(`id`, `nama_produk`, `sku`, `deskripsi`, `kategori_id`, `satuan`, `hpp`, `harga_jual`, `monitor_persediaan`, `tampil`, `foto`, `created_at`, `updated_at`) VALUES (30, 'BEBEK SONGKEM + NASI', 'BBKSNGKM1', '-', 11, 'PORSI', 0.00, 43000.00, 1, 1, NULL, '2025-03-24 06:18:06', '2025-03-24 06:18:06');
INSERT INTO `pr_produk`(`id`, `nama_produk`, `sku`, `deskripsi`, `kategori_id`, `satuan`, `hpp`, `harga_jual`, `monitor_persediaan`, `tampil`, `foto`, `created_at`, `updated_at`) VALUES (31, 'BEEF TENGKLENG', 'BFTNGKLNG', '-', 26, 'PORSI', 0.00, 45000.00, 1, 2, NULL, '2025-03-24 06:18:06', '2025-03-24 06:18:06');
INSERT INTO `pr_produk`(`id`, `nama_produk`, `sku`, `deskripsi`, `kategori_id`, `satuan`, `hpp`, `harga_jual`, `monitor_persediaan`, `tampil`, `foto`, `created_at`, `updated_at`) VALUES (32, 'BENTO BOX CHICKEN KATSU YAKIMEZHI', 'BBCYKMZ01', '-', 25, 'PORSI', 0.00, 15000.00, 1, 2, NULL, '2025-03-24 06:18:06', '2025-03-24 06:18:06');
INSERT INTO `pr_produk`(`id`, `nama_produk`, `sku`, `deskripsi`, `kategori_id`, `satuan`, `hpp`, `harga_jual`, `monitor_persediaan`, `tampil`, `foto`, `created_at`, `updated_at`) VALUES (33, 'BIRTHDAY 10 PAX', 'BRTDY77', '-', 26, 'PAKET', 0.00, 500000.00, 1, 2, NULL, '2025-03-24 06:18:06', '2025-03-24 06:18:06');
INSERT INTO `pr_produk`(`id`, `nama_produk`, `sku`, `deskripsi`, `kategori_id`, `satuan`, `hpp`, `harga_jual`, `monitor_persediaan`, `tampil`, `foto`, `created_at`, `updated_at`) VALUES (34, 'BIRTHDAY 4 PAX', 'BRTDY55', '-', 26, 'PAKET', 0.00, 200000.00, 1, 2, NULL, '2025-03-24 06:18:06', '2025-03-24 06:18:06');
INSERT INTO `pr_produk`(`id`, `nama_produk`, `sku`, `deskripsi`, `kategori_id`, `satuan`, `hpp`, `harga_jual`, `monitor_persediaan`, `tampil`, `foto`, `created_at`, `updated_at`) VALUES (35, 'BLACK AND YELLOW', 'BLCKNYLW01', 'ORANGE,LYCHEE,ESPRESSO', 3, 'GELAS', 0.00, 21000.00, 1, 1, NULL, '2025-03-24 06:18:06', '2025-03-24 06:18:06');
INSERT INTO `pr_produk`(`id`, `nama_produk`, `sku`, `deskripsi`, `kategori_id`, `satuan`, `hpp`, `harga_jual`, `monitor_persediaan`, `tampil`, `foto`, `created_at`, `updated_at`) VALUES (36, 'BLACK JACK', 'BLCKJK1', '-', 3, 'PORSI', 0.00, 22000.00, 1, 2, NULL, '2025-03-24 06:18:06', '2025-03-24 06:18:06');
INSERT INTO `pr_produk`(`id`, `nama_produk`, `sku`, `deskripsi`, `kategori_id`, `satuan`, `hpp`, `harga_jual`, `monitor_persediaan`, `tampil`, `foto`, `created_at`, `updated_at`) VALUES (37, 'BLACK TEA HOT', 'BTH007', '-', 7, 'PORSI', 0.00, 9000.00, 1, 1, NULL, '2025-03-24 06:18:06', '2025-03-24 06:18:06');
INSERT INTO `pr_produk`(`id`, `nama_produk`, `sku`, `deskripsi`, `kategori_id`, `satuan`, `hpp`, `harga_jual`, `monitor_persediaan`, `tampil`, `foto`, `created_at`, `updated_at`) VALUES (38, 'BLACK TEA ICE', 'BLCKT01', 'BLACK TEA SWEET (COLD)', 7, 'GELAS', 0.00, 10000.00, 1, 1, NULL, '2025-03-24 06:18:06', '2025-03-24 06:18:06');
INSERT INTO `pr_produk`(`id`, `nama_produk`, `sku`, `deskripsi`, `kategori_id`, `satuan`, `hpp`, `harga_jual`, `monitor_persediaan`, `tampil`, `foto`, `created_at`, `updated_at`) VALUES (39, 'BLUE PEA TEA HOT', 'BPITA1', '-', 7, 'PORSI', 0.00, 17000.00, 1, 1, NULL, '2025-03-24 06:18:06', '2025-03-24 06:18:06');
INSERT INTO `pr_produk`(`id`, `nama_produk`, `sku`, `deskripsi`, `kategori_id`, `satuan`, `hpp`, `harga_jual`, `monitor_persediaan`, `tampil`, `foto`, `created_at`, `updated_at`) VALUES (40, 'BLUE PEA TEA ICE', 'BLPTIC01', 'BLUE PEA TEA, LEMON JUICE,JELLY LYCHEE (COLD)', 7, 'GELAS', 0.00, 18000.00, 1, 1, NULL, '2025-03-24 06:18:06', '2025-03-24 06:18:06');
INSERT INTO `pr_produk`(`id`, `nama_produk`, `sku`, `deskripsi`, `kategori_id`, `satuan`, `hpp`, `harga_jual`, `monitor_persediaan`, `tampil`, `foto`, `created_at`, `updated_at`) VALUES (41, 'Bowl TA', 'bowl1', '-', 23, 'PCS', 0.00, 2000.00, 1, 1, NULL, '2025-03-24 06:18:06', '2025-03-24 06:18:06');
INSERT INTO `pr_produk`(`id`, `nama_produk`, `sku`, `deskripsi`, `kategori_id`, `satuan`, `hpp`, `harga_jual`, `monitor_persediaan`, `tampil`, `foto`, `created_at`, `updated_at`) VALUES (42, 'BTS COFFEE', 'BTS55', '-', 2, 'PORSI', 0.00, 20000.00, 1, 1, NULL, '2025-03-24 06:18:06', '2025-03-24 06:18:06');
INSERT INTO `pr_produk`(`id`, `nama_produk`, `sku`, `deskripsi`, `kategori_id`, `satuan`, `hpp`, `harga_jual`, `monitor_persediaan`, `tampil`, `foto`, `created_at`, `updated_at`) VALUES (43, 'BUFFET PAKET 1', 'bfft01', '-', 26, 'PORSI', 0.00, 55000.00, 1, 1, NULL, '2025-03-24 06:18:06', '2025-03-24 06:18:06');
INSERT INTO `pr_produk`(`id`, `nama_produk`, `sku`, `deskripsi`, `kategori_id`, `satuan`, `hpp`, `harga_jual`, `monitor_persediaan`, `tampil`, `foto`, `created_at`, `updated_at`) VALUES (44, 'BUNDLING CHRISTMAS ( YAKI UDON + FLAVOUR TEA )', 'BNDLNFGC', '-', 26, 'POR', 0.00, 33000.00, 1, 1, NULL, '2025-03-24 06:18:06', '2025-03-24 06:18:06');
INSERT INTO `pr_produk`(`id`, `nama_produk`, `sku`, `deskripsi`, `kategori_id`, `satuan`, `hpp`, `harga_jual`, `monitor_persediaan`, `tampil`, `foto`, `created_at`, `updated_at`) VALUES (45, 'BURN MARSHMELLOW', 'BM021', 'marshmellow layer ,ting-ting crumble, and ginger cookies', 20, 'PORSI', 0.00, 26000.00, 1, 1, NULL, '2025-03-24 06:18:06', '2025-03-24 06:18:06');
INSERT INTO `pr_produk`(`id`, `nama_produk`, `sku`, `deskripsi`, `kategori_id`, `satuan`, `hpp`, `harga_jual`, `monitor_persediaan`, `tampil`, `foto`, `created_at`, `updated_at`) VALUES (46, 'C HEART ICE CREAM STIK', 'ADVF2', 'C HEART ICE CREAM STIK', 9, 'PIECES', 0.00, 7000.00, 1, 1, NULL, '2025-03-24 06:18:06', '2025-03-24 06:18:06');
INSERT INTO `pr_produk`(`id`, `nama_produk`, `sku`, `deskripsi`, `kategori_id`, `satuan`, `hpp`, `harga_jual`, `monitor_persediaan`, `tampil`, `foto`, `created_at`, `updated_at`) VALUES (47, 'C HULA HULA HULA ALPUKAT', 'GADHG1', 'C HULA HULA HULA ALPUKAT', 9, 'PIECES', 0.00, 6000.00, 1, 1, NULL, '2025-03-24 06:18:06', '2025-03-24 06:18:06');
INSERT INTO `pr_produk`(`id`, `nama_produk`, `sku`, `deskripsi`, `kategori_id`, `satuan`, `hpp`, `harga_jual`, `monitor_persediaan`, `tampil`, `foto`, `created_at`, `updated_at`) VALUES (48, 'C PETIT ICE CHOCOMIX', 'CMNW1', 'C PETIT ICE CHOCOMIX', 9, 'PCS', 0.00, 3000.00, 1, 1, NULL, '2025-03-24 06:18:06', '2025-03-24 06:18:06');
INSERT INTO `pr_produk`(`id`, `nama_produk`, `sku`, `deskripsi`, `kategori_id`, `satuan`, `hpp`, `harga_jual`, `monitor_persediaan`, `tampil`, `foto`, `created_at`, `updated_at`) VALUES (49, 'C TROPICANA CHOCO VANILA', 'J1', 'C TROPICANA CHOCO VANILA', 9, 'PIECES', 0.00, 7000.00, 1, 1, NULL, '2025-03-24 06:18:06', '2025-03-24 06:18:06');
INSERT INTO `pr_produk`(`id`, `nama_produk`, `sku`, `deskripsi`, `kategori_id`, `satuan`, `hpp`, `harga_jual`, `monitor_persediaan`, `tampil`, `foto`, `created_at`, `updated_at`) VALUES (50, 'CAFE LATTE HOT', 'CFLT01', ' -', 1, 'GELAS', 0.00, 19000.00, 1, 1, 'cafe_latte_hot.jpg', '2025-03-24 06:18:06', '2025-03-24 06:18:06');
INSERT INTO `pr_produk`(`id`, `nama_produk`, `sku`, `deskripsi`, `kategori_id`, `satuan`, `hpp`, `harga_jual`, `monitor_persediaan`, `tampil`, `foto`, `created_at`, `updated_at`) VALUES (51, 'CAFE LATTE ICE', 'CFLT02', '-', 1, 'GELAS', 0.00, 20000.00, 1, 1, NULL, '2025-03-24 06:18:06', '2025-03-24 06:18:06');
INSERT INTO `pr_produk`(`id`, `nama_produk`, `sku`, `deskripsi`, `kategori_id`, `satuan`, `hpp`, `harga_jual`, `monitor_persediaan`, `tampil`, `foto`, `created_at`, `updated_at`) VALUES (52, 'CALIFORNIA ROLL', 'CLFRN01', 'SUSHI ROLL FILL CRAB STICK CUCUMBER,NORI,TOBIKO', 13, 'PORSI', 0.00, 23000.00, 1, 1, NULL, '2025-03-24 06:18:06', '2025-03-24 06:18:06');
INSERT INTO `pr_produk`(`id`, `nama_produk`, `sku`, `deskripsi`, `kategori_id`, `satuan`, `hpp`, `harga_jual`, `monitor_persediaan`, `tampil`, `foto`, `created_at`, `updated_at`) VALUES (53, 'CAMPINA FANTASY SUSU COKLAT', 'SSCKLT1', '-', 9, 'PIECES', 0.00, 3500.00, 1, 1, NULL, '2025-03-24 06:18:06', '2025-03-24 06:18:06');
INSERT INTO `pr_produk`(`id`, `nama_produk`, `sku`, `deskripsi`, `kategori_id`, `satuan`, `hpp`, `harga_jual`, `monitor_persediaan`, `tampil`, `foto`, `created_at`, `updated_at`) VALUES (54, 'CAMPINA FROZEN CATTON CANDY', 'FRZCC', '-', 9, 'PIECES', 0.00, 6500.00, 1, 1, NULL, '2025-03-24 06:18:06', '2025-03-24 06:18:06');
INSERT INTO `pr_produk`(`id`, `nama_produk`, `sku`, `deskripsi`, `kategori_id`, `satuan`, `hpp`, `harga_jual`, `monitor_persediaan`, `tampil`, `foto`, `created_at`, `updated_at`) VALUES (55, 'CAMPINA GO MANGO', 'GMNGG1', '-', 9, 'PIECES', 0.00, 7000.00, 1, 1, NULL, '2025-03-24 06:18:06', '2025-03-24 06:18:06');
INSERT INTO `pr_produk`(`id`, `nama_produk`, `sku`, `deskripsi`, `kategori_id`, `satuan`, `hpp`, `harga_jual`, `monitor_persediaan`, `tampil`, `foto`, `created_at`, `updated_at`) VALUES (56, 'CAMPINA HULA HULA KACANG HIJAU ', 'HHLKH1', '-', 9, 'PIECES', 0.00, 6000.00, 1, 1, NULL, '2025-03-24 06:18:06', '2025-03-24 06:18:06');
INSERT INTO `pr_produk`(`id`, `nama_produk`, `sku`, `deskripsi`, `kategori_id`, `satuan`, `hpp`, `harga_jual`, `monitor_persediaan`, `tampil`, `foto`, `created_at`, `updated_at`) VALUES (57, 'CAMPINA MARVEL CUP', 'MRVL', '-', 9, 'PIECES', 0.00, 7000.00, 1, 1, NULL, '2025-03-24 06:18:06', '2025-03-24 06:18:06');
INSERT INTO `pr_produk`(`id`, `nama_produk`, `sku`, `deskripsi`, `kategori_id`, `satuan`, `hpp`, `harga_jual`, `monitor_persediaan`, `tampil`, `foto`, `created_at`, `updated_at`) VALUES (58, 'CAMPINA MIDI COOKIES CREAMY', 'MCC3', '-', 9, 'PIECES', 0.00, 7000.00, 1, 1, NULL, '2025-03-24 06:18:06', '2025-03-24 06:18:06');
INSERT INTO `pr_produk`(`id`, `nama_produk`, `sku`, `deskripsi`, `kategori_id`, `satuan`, `hpp`, `harga_jual`, `monitor_persediaan`, `tampil`, `foto`, `created_at`, `updated_at`) VALUES (59, 'CAMPINA PATRICK STICK STRAW CHOCO VANILLA', 'PTRCK5', '-', 9, 'PIECES', 0.00, 7000.00, 1, 1, NULL, '2025-03-24 06:18:06', '2025-03-24 06:18:06');
INSERT INTO `pr_produk`(`id`, `nama_produk`, `sku`, `deskripsi`, `kategori_id`, `satuan`, `hpp`, `harga_jual`, `monitor_persediaan`, `tampil`, `foto`, `created_at`, `updated_at`) VALUES (60, 'CAMPINA PETIT GRAPE', 'PTTTGRP', '-', 9, 'PIECES', 0.00, 3000.00, 1, 1, NULL, '2025-03-24 06:18:06', '2025-03-24 06:18:06');
INSERT INTO `pr_produk`(`id`, `nama_produk`, `sku`, `deskripsi`, `kategori_id`, `satuan`, `hpp`, `harga_jual`, `monitor_persediaan`, `tampil`, `foto`, `created_at`, `updated_at`) VALUES (61, 'CAMPINA PETIT MILKY CRUNCH', 'PTT', '-', 9, 'PIECES', 0.00, 3500.00, 1, 1, NULL, '2025-03-24 06:18:06', '2025-03-24 06:18:06');
INSERT INTO `pr_produk`(`id`, `nama_produk`, `sku`, `deskripsi`, `kategori_id`, `satuan`, `hpp`, `harga_jual`, `monitor_persediaan`, `tampil`, `foto`, `created_at`, `updated_at`) VALUES (62, 'CAMPINA SPIDERMAN STRAW CC', 'CMSS3', '-', 9, 'PIECES', 0.00, 7000.00, 1, 1, NULL, '2025-03-24 06:18:06', '2025-03-24 06:18:06');
INSERT INTO `pr_produk`(`id`, `nama_produk`, `sku`, `deskripsi`, `kategori_id`, `satuan`, `hpp`, `harga_jual`, `monitor_persediaan`, `tampil`, `foto`, `created_at`, `updated_at`) VALUES (63, 'CAMPINA SPONGEBOB CHOCO BANANA', 'SPNGBB1', '-', 9, 'PIECES', 0.00, 7000.00, 1, 1, NULL, '2025-03-24 06:18:06', '2025-03-24 06:18:06');
INSERT INTO `pr_produk`(`id`, `nama_produk`, `sku`, `deskripsi`, `kategori_id`, `satuan`, `hpp`, `harga_jual`, `monitor_persediaan`, `tampil`, `foto`, `created_at`, `updated_at`) VALUES (64, 'CAMPINA TROPICANA DOUBLE CRUNCH', 'CMPN11', '-', 9, 'PIECES', 0.00, 7000.00, 1, 1, NULL, '2025-03-24 06:18:06', '2025-03-24 06:18:06');
INSERT INTO `pr_produk`(`id`, `nama_produk`, `sku`, `deskripsi`, `kategori_id`, `satuan`, `hpp`, `harga_jual`, `monitor_persediaan`, `tampil`, `foto`, `created_at`, `updated_at`) VALUES (65, 'CAMPINA X ULTRAMILK ICONIX', 'ULTRCMPN', '-', 9, 'PORSI', 0.00, 7000.00, 1, 1, NULL, '2025-03-24 06:18:06', '2025-03-24 06:18:06');
INSERT INTO `pr_produk`(`id`, `nama_produk`, `sku`, `deskripsi`, `kategori_id`, `satuan`, `hpp`, `harga_jual`, `monitor_persediaan`, `tampil`, `foto`, `created_at`, `updated_at`) VALUES (66, 'CAPPUCINO HOT', 'CPCN01', '-', 1, 'GELAS', 0.00, 20000.00, 1, 1, NULL, '2025-03-24 06:18:06', '2025-03-24 06:18:06');
INSERT INTO `pr_produk`(`id`, `nama_produk`, `sku`, `deskripsi`, `kategori_id`, `satuan`, `hpp`, `harga_jual`, `monitor_persediaan`, `tampil`, `foto`, `created_at`, `updated_at`) VALUES (67, 'CAPPUCINO ICE', 'CPCN02', '-', 1, 'GELAS', 0.00, 21000.00, 1, 1, NULL, '2025-03-24 06:18:06', '2025-03-24 06:18:06');
INSERT INTO `pr_produk`(`id`, `nama_produk`, `sku`, `deskripsi`, `kategori_id`, `satuan`, `hpp`, `harga_jual`, `monitor_persediaan`, `tampil`, `foto`, `created_at`, `updated_at`) VALUES (68, 'CARAMEL ICE CREAM', 'CRMLICCRM01', '-', 9, 'GELAS', 0.00, 20000.00, 1, 1, NULL, '2025-03-24 06:18:06', '2025-03-24 06:18:06');
INSERT INTO `pr_produk`(`id`, `nama_produk`, `sku`, `deskripsi`, `kategori_id`, `satuan`, `hpp`, `harga_jual`, `monitor_persediaan`, `tampil`, `foto`, `created_at`, `updated_at`) VALUES (69, 'CARAMEL LATTE HOT', 'CLH02', '-', 1, 'PORSI', 0.00, 21000.00, 1, 1, NULL, '2025-03-24 06:18:06', '2025-03-24 06:18:06');
INSERT INTO `pr_produk`(`id`, `nama_produk`, `sku`, `deskripsi`, `kategori_id`, `satuan`, `hpp`, `harga_jual`, `monitor_persediaan`, `tampil`, `foto`, `created_at`, `updated_at`) VALUES (70, 'CARAMEL LATTE ICE', 'CLI01', '-', 1, 'PORSI', 0.00, 23000.00, 1, 1, NULL, '2025-03-24 06:18:06', '2025-03-24 06:18:06');
INSERT INTO `pr_produk`(`id`, `nama_produk`, `sku`, `deskripsi`, `kategori_id`, `satuan`, `hpp`, `harga_jual`, `monitor_persediaan`, `tampil`, `foto`, `created_at`, `updated_at`) VALUES (71, 'CARAMEL MACCHIATO', 'MCHT00', 'CARAMEL,FRESHMILK,ESPRESSO,WHIPPING CREAM (COLD)', 2, 'GELAS', 0.00, 25000.00, 1, 1, NULL, '2025-03-24 06:18:06', '2025-03-24 06:18:06');
INSERT INTO `pr_produk`(`id`, `nama_produk`, `sku`, `deskripsi`, `kategori_id`, `satuan`, `hpp`, `harga_jual`, `monitor_persediaan`, `tampil`, `foto`, `created_at`, `updated_at`) VALUES (72, 'CHEERFUL WEDNESDAY', 'PKT33', 'GYUDON + LEMON TEA', 26, 'PAKET', 0.00, 35000.00, 1, 2, NULL, '2025-03-24 06:18:06', '2025-03-24 06:18:06');
INSERT INTO `pr_produk`(`id`, `nama_produk`, `sku`, `deskripsi`, `kategori_id`, `satuan`, `hpp`, `harga_jual`, `monitor_persediaan`, `tampil`, `foto`, `created_at`, `updated_at`) VALUES (73, 'CHEESE SAUCE', 'CHSSC01', '-', 22, 'PORSI', 0.00, 8000.00, 1, 1, NULL, '2025-03-24 06:18:06', '2025-03-24 06:18:06');
INSERT INTO `pr_produk`(`id`, `nama_produk`, `sku`, `deskripsi`, `kategori_id`, `satuan`, `hpp`, `harga_jual`, `monitor_persediaan`, `tampil`, `foto`, `created_at`, `updated_at`) VALUES (74, 'CHEESE SNOW', 'SHDNW1', '-', 6, 'PORSI', 0.00, 20000.00, 1, 1, NULL, '2025-03-24 06:18:06', '2025-03-24 06:18:06');
INSERT INTO `pr_produk`(`id`, `nama_produk`, `sku`, `deskripsi`, `kategori_id`, `satuan`, `hpp`, `harga_jual`, `monitor_persediaan`, `tampil`, `foto`, `created_at`, `updated_at`) VALUES (75, 'CHICKEN CORDON BLEU', 'CKB016', 'chicken breast roll fill smoked beef & mozzarella cheese, mix salad, barbeque sauce & cheese sauce', 14, 'PORSI', 0.00, 32000.00, 1, 1, NULL, '2025-03-24 06:18:06', '2025-03-24 06:18:06');
INSERT INTO `pr_produk`(`id`, `nama_produk`, `sku`, `deskripsi`, `kategori_id`, `satuan`, `hpp`, `harga_jual`, `monitor_persediaan`, `tampil`, `foto`, `created_at`, `updated_at`) VALUES (76, 'CHICKEN KARAGE', 'CCKNK01', '-', 15, 'PORSI', 0.00, 22000.00, 1, 1, NULL, '2025-03-24 06:18:06', '2025-03-24 06:18:06');
INSERT INTO `pr_produk`(`id`, `nama_produk`, `sku`, `deskripsi`, `kategori_id`, `satuan`, `hpp`, `harga_jual`, `monitor_persediaan`, `tampil`, `foto`, `created_at`, `updated_at`) VALUES (77, 'CHICKEN NORI YAKIMESHI', 'YKMSH01', 'DEEP FRY CHICKEN KATSU YAKIMESHI,MIX SALAD,TERIYAKI SAUCE', 13, 'PORSI', 0.00, 28000.00, 1, 1, NULL, '2025-03-24 06:18:06', '2025-03-24 06:18:06');
INSERT INTO `pr_produk`(`id`, `nama_produk`, `sku`, `deskripsi`, `kategori_id`, `satuan`, `hpp`, `harga_jual`, `monitor_persediaan`, `tampil`, `foto`, `created_at`, `updated_at`) VALUES (78, 'CHICKEN POP CORN', 'CPCRN06', 'CRISPY FRIED CHICKEN CUBE WITH SEAWEED POWDER FEATURING POP CORN SURF WITH TARTAR DRESSING', 15, 'PORSI', 0.00, 22000.00, 1, 1, NULL, '2025-03-24 06:18:06', '2025-03-24 06:18:06');
INSERT INTO `pr_produk`(`id`, `nama_produk`, `sku`, `deskripsi`, `kategori_id`, `satuan`, `hpp`, `harga_jual`, `monitor_persediaan`, `tampil`, `foto`, `created_at`, `updated_at`) VALUES (79, 'CHICKEN TAR-TAR SALAD', 'SLDTR', '-', 19, 'PORSI', 0.00, 22000.00, 1, 1, NULL, '2025-03-24 06:18:06', '2025-03-24 06:18:06');
INSERT INTO `pr_produk`(`id`, `nama_produk`, `sku`, `deskripsi`, `kategori_id`, `satuan`, `hpp`, `harga_jual`, `monitor_persediaan`, `tampil`, `foto`, `created_at`, `updated_at`) VALUES (80, 'CHIKUWA CHEESE', 'CHKWC08', 'CRUMBLING & FRIED CHIKUWA FILL MOZARELLA CHEESE WITH CHEESE SAUCE & SAUCE BANGKOK', 15, 'PORSI', 0.00, 25000.00, 1, 1, NULL, '2025-03-24 06:18:06', '2025-03-24 06:18:06');
INSERT INTO `pr_produk`(`id`, `nama_produk`, `sku`, `deskripsi`, `kategori_id`, `satuan`, `hpp`, `harga_jual`, `monitor_persediaan`, `tampil`, `foto`, `created_at`, `updated_at`) VALUES (81, 'CHINESE FRIED NOODLES', 'CHNSNDLE01', 'fried noodles chinese style, chicken inside, mix vegetable & crackers', 12, 'PORSI', 0.00, 25000.00, 1, 1, NULL, '2025-03-24 06:18:06', '2025-03-24 06:18:06');
INSERT INTO `pr_produk`(`id`, `nama_produk`, `sku`, `deskripsi`, `kategori_id`, `satuan`, `hpp`, `harga_jual`, `monitor_persediaan`, `tampil`, `foto`, `created_at`, `updated_at`) VALUES (82, 'CHOCO BANANA CREPES', 'CBC020', 'roll crepes fill banana crush inside, ting-ting crumble & ice cream', 20, 'PORSI', 0.00, 22000.00, 1, 1, NULL, '2025-03-24 06:18:06', '2025-03-24 06:18:06');
INSERT INTO `pr_produk`(`id`, `nama_produk`, `sku`, `deskripsi`, `kategori_id`, `satuan`, `hpp`, `harga_jual`, `monitor_persediaan`, `tampil`, `foto`, `created_at`, `updated_at`) VALUES (83, 'CHOCO BERRY', 'CHLTBRY01', 'DARK CHOCO,FRESHMILK,STRAWBERYY', 5, 'GELAS', 0.00, 20000.00, 1, 1, NULL, '2025-03-24 06:18:06', '2025-03-24 06:18:06');
INSERT INTO `pr_produk`(`id`, `nama_produk`, `sku`, `deskripsi`, `kategori_id`, `satuan`, `hpp`, `harga_jual`, `monitor_persediaan`, `tampil`, `foto`, `created_at`, `updated_at`) VALUES (84, 'CHOCO OREO ICE CREAM', 'CHCHOR01', '-', 9, 'GELAS', 0.00, 20000.00, 1, 1, NULL, '2025-03-24 06:18:06', '2025-03-24 06:18:06');
INSERT INTO `pr_produk`(`id`, `nama_produk`, `sku`, `deskripsi`, `kategori_id`, `satuan`, `hpp`, `harga_jual`, `monitor_persediaan`, `tampil`, `foto`, `created_at`, `updated_at`) VALUES (85, 'CHOCO SWEET BREAD', 'CHCHSWTBRD', '-', 20, 'PORSI', 0.00, 26000.00, 1, 1, NULL, '2025-03-24 06:18:06', '2025-03-24 06:18:06');
INSERT INTO `pr_produk`(`id`, `nama_produk`, `sku`, `deskripsi`, `kategori_id`, `satuan`, `hpp`, `harga_jual`, `monitor_persediaan`, `tampil`, `foto`, `created_at`, `updated_at`) VALUES (86, 'CHOCOLATE HOT', 'CHHLTHT01', 'DARK CHOCO WITH FRESHMILK', 5, 'GELAS', 0.00, 19000.00, 1, 1, NULL, '2025-03-24 06:18:06', '2025-03-24 06:18:06');
INSERT INTO `pr_produk`(`id`, `nama_produk`, `sku`, `deskripsi`, `kategori_id`, `satuan`, `hpp`, `harga_jual`, `monitor_persediaan`, `tampil`, `foto`, `created_at`, `updated_at`) VALUES (87, 'CHOCOLATE ICE', 'CHCLTICE01', 'DARK CHOCO,FRESHMILK (COLD)', 5, 'GELAS', 0.00, 20000.00, 1, 1, NULL, '2025-03-24 06:18:06', '2025-03-24 06:18:06');
INSERT INTO `pr_produk`(`id`, `nama_produk`, `sku`, `deskripsi`, `kategori_id`, `satuan`, `hpp`, `harga_jual`, `monitor_persediaan`, `tampil`, `foto`, `created_at`, `updated_at`) VALUES (88, 'CIRENG', 'CRNG', '-', 15, 'PORSI', 0.00, 15000.00, 1, 1, NULL, '2025-03-24 06:18:06', '2025-03-24 06:18:06');
INSERT INTO `pr_produk`(`id`, `nama_produk`, `sku`, `deskripsi`, `kategori_id`, `satuan`, `hpp`, `harga_jual`, `monitor_persediaan`, `tampil`, `foto`, `created_at`, `updated_at`) VALUES (89, 'CLASSIC MOJITOS', 'CLSMJT01', 'BROWN SUGAR,SODA WATER,MINT,LIME JUICE (COLD)', 4, 'GELAS', 0.00, 18000.00, 1, 1, NULL, '2025-03-24 06:18:06', '2025-03-24 06:18:06');
INSERT INTO `pr_produk`(`id`, `nama_produk`, `sku`, `deskripsi`, `kategori_id`, `satuan`, `hpp`, `harga_jual`, `monitor_persediaan`, `tampil`, `foto`, `created_at`, `updated_at`) VALUES (90, 'COLD BREW', 'CLDBRW', '-', 1, 'GELAS', 0.00, 21000.00, 1, 1, NULL, '2025-03-24 06:18:06', '2025-03-24 06:18:06');
INSERT INTO `pr_produk`(`id`, `nama_produk`, `sku`, `deskripsi`, `kategori_id`, `satuan`, `hpp`, `harga_jual`, `monitor_persediaan`, `tampil`, `foto`, `created_at`, `updated_at`) VALUES (91, 'COLD BREW LATTE ICE', 'CLICE01', '-', 1, 'PORSI', 0.00, 20000.00, 1, 1, NULL, '2025-03-24 06:18:06', '2025-03-24 06:18:06');
INSERT INTO `pr_produk`(`id`, `nama_produk`, `sku`, `deskripsi`, `kategori_id`, `satuan`, `hpp`, `harga_jual`, `monitor_persediaan`, `tampil`, `foto`, `created_at`, `updated_at`) VALUES (92, 'COOKIES AND CREAM', 'CKSCRMB01', 'COOKIES CRUMB,FRESHMILK,VANILLA,WHIPPING CREAM', 6, 'GELAS', 0.00, 22000.00, 1, 1, NULL, '2025-03-24 06:18:06', '2025-03-24 06:18:06');
INSERT INTO `pr_produk`(`id`, `nama_produk`, `sku`, `deskripsi`, `kategori_id`, `satuan`, `hpp`, `harga_jual`, `monitor_persediaan`, `tampil`, `foto`, `created_at`, `updated_at`) VALUES (93, 'COTTON CANDY', 'CTTN', '-', 26, 'PORSI', 0.00, 18000.00, 1, 1, NULL, '2025-03-24 06:18:06', '2025-03-24 06:18:06');
INSERT INTO `pr_produk`(`id`, `nama_produk`, `sku`, `deskripsi`, `kategori_id`, `satuan`, `hpp`, `harga_jual`, `monitor_persediaan`, `tampil`, `foto`, `created_at`, `updated_at`) VALUES (94, 'CRACKERS', 'CRCKRS01', '-', 23, 'PORSI', 0.00, 5000.00, 1, 1, NULL, '2025-03-24 06:18:06', '2025-03-24 06:18:06');
INSERT INTO `pr_produk`(`id`, `nama_produk`, `sku`, `deskripsi`, `kategori_id`, `satuan`, `hpp`, `harga_jual`, `monitor_persediaan`, `tampil`, `foto`, `created_at`, `updated_at`) VALUES (95, 'CREME BRULE', 'CRMBRL01', '-', 1, 'GELAS', 0.00, 21000.00, 1, 1, NULL, '2025-03-24 06:18:06', '2025-03-24 06:18:06');
INSERT INTO `pr_produk`(`id`, `nama_produk`, `sku`, `deskripsi`, `kategori_id`, `satuan`, `hpp`, `harga_jual`, `monitor_persediaan`, `tampil`, `foto`, `created_at`, `updated_at`) VALUES (96, 'CRISPY DORY ALA THAI', 'ALATHAI', '-', 11, 'PORSI', 0.00, 25000.00, 1, 1, NULL, '2025-03-24 06:18:06', '2025-03-24 06:18:06');
INSERT INTO `pr_produk`(`id`, `nama_produk`, `sku`, `deskripsi`, `kategori_id`, `satuan`, `hpp`, `harga_jual`, `monitor_persediaan`, `tampil`, `foto`, `created_at`, `updated_at`) VALUES (97, 'CRISPY DORY MANADO STYLE', 'CDMS012', 'deep fry dory fish, sambal dabu dabu on top', 11, 'PORSI', 0.00, 25000.00, 1, 2, NULL, '2025-03-24 06:18:06', '2025-03-24 06:18:06');
INSERT INTO `pr_produk`(`id`, `nama_produk`, `sku`, `deskripsi`, `kategori_id`, `satuan`, `hpp`, `harga_jual`, `monitor_persediaan`, `tampil`, `foto`, `created_at`, `updated_at`) VALUES (98, 'Cup Hot', 'ch1', '-', 10, 'PCS', 0.00, 1000.00, 1, 1, NULL, '2025-03-24 06:18:06', '2025-03-24 06:18:06');
INSERT INTO `pr_produk`(`id`, `nama_produk`, `sku`, `deskripsi`, `kategori_id`, `satuan`, `hpp`, `harga_jual`, `monitor_persediaan`, `tampil`, `foto`, `created_at`, `updated_at`) VALUES (99, 'Cup ice', 'Cpic', '-', 10, 'PCS', 0.00, 1500.00, 1, 1, NULL, '2025-03-24 06:18:06', '2025-03-24 06:18:06');
INSERT INTO `pr_produk`(`id`, `nama_produk`, `sku`, `deskripsi`, `kategori_id`, `satuan`, `hpp`, `harga_jual`, `monitor_persediaan`, `tampil`, `foto`, `created_at`, `updated_at`) VALUES (100, 'DAWET PANNACOTTA', 'DP021', 'pandan pannacotta with ice cream & gula aren ', 20, 'PORSI', 0.00, 24000.00, 1, 1, NULL, '2025-03-24 06:18:06', '2025-03-24 06:18:06');
INSERT INTO `pr_produk`(`id`, `nama_produk`, `sku`, `deskripsi`, `kategori_id`, `satuan`, `hpp`, `harga_jual`, `monitor_persediaan`, `tampil`, `foto`, `created_at`, `updated_at`) VALUES (101, 'DELUXE CHOCO ALMOND', 'CHCHC0', '-', 9, 'PORSI', 0.00, 20000.00, 1, 1, NULL, '2025-03-24 06:18:06', '2025-03-24 06:18:06');
INSERT INTO `pr_produk`(`id`, `nama_produk`, `sku`, `deskripsi`, `kategori_id`, `satuan`, `hpp`, `harga_jual`, `monitor_persediaan`, `tampil`, `foto`, `created_at`, `updated_at`) VALUES (102, 'DIM SUM', 'DMSM01', 'CHINESE STEAM WONTON FILL CHICKEN INSIDE, SAUCE BANGKOK', 15, 'PORSI', 0.00, 18000.00, 1, 1, NULL, '2025-03-24 06:18:06', '2025-03-24 06:18:06');
INSERT INTO `pr_produk`(`id`, `nama_produk`, `sku`, `deskripsi`, `kategori_id`, `satuan`, `hpp`, `harga_jual`, `monitor_persediaan`, `tampil`, `foto`, `created_at`, `updated_at`) VALUES (103, 'DIMSUM CRAB VOLCANO', 'VLCNDMSM', '-', 15, 'PORSI', 0.00, 22000.00, 1, 1, NULL, '2025-03-24 06:18:06', '2025-03-24 06:18:06');
INSERT INTO `pr_produk`(`id`, `nama_produk`, `sku`, `deskripsi`, `kategori_id`, `satuan`, `hpp`, `harga_jual`, `monitor_persediaan`, `tampil`, `foto`, `created_at`, `updated_at`) VALUES (104, 'DIMSUM MOZARELLA CHEESE', 'DMSMCHS', '-', 15, 'PORSI', 0.00, 20000.00, 1, 1, NULL, '2025-03-24 06:18:06', '2025-03-24 06:18:06');
INSERT INTO `pr_produk`(`id`, `nama_produk`, `sku`, `deskripsi`, `kategori_id`, `satuan`, `hpp`, `harga_jual`, `monitor_persediaan`, `tampil`, `foto`, `created_at`, `updated_at`) VALUES (105, 'DOPPIO', 'DPIO01', '-', 1, 'GELAS', 0.00, 19000.00, 1, 1, NULL, '2025-03-24 06:18:06', '2025-03-24 06:18:06');
INSERT INTO `pr_produk`(`id`, `nama_produk`, `sku`, `deskripsi`, `kategori_id`, `satuan`, `hpp`, `harga_jual`, `monitor_persediaan`, `tampil`, `foto`, `created_at`, `updated_at`) VALUES (106, 'DOUBLE ESPRESSO', 'DESS2', '-', 1, 'PORSI', 0.00, 19000.00, 1, 2, NULL, '2025-03-24 06:18:06', '2025-03-24 06:18:06');
INSERT INTO `pr_produk`(`id`, `nama_produk`, `sku`, `deskripsi`, `kategori_id`, `satuan`, `hpp`, `harga_jual`, `monitor_persediaan`, `tampil`, `foto`, `created_at`, `updated_at`) VALUES (107, 'DOUBLE HAPPINES', 'DBAA01', '-', 26, 'PAKET', 0.00, 40000.00, 1, 1, NULL, '2025-03-24 06:18:06', '2025-03-24 06:18:06');
INSERT INTO `pr_produk`(`id`, `nama_produk`, `sku`, `deskripsi`, `kategori_id`, `satuan`, `hpp`, `harga_jual`, `monitor_persediaan`, `tampil`, `foto`, `created_at`, `updated_at`) VALUES (108, 'DUO PLATTER', 'PLTR', '-', 15, 'PORSI', 0.00, 18000.00, 1, 1, NULL, '2025-03-24 06:18:06', '2025-03-24 06:18:06');
INSERT INTO `pr_produk`(`id`, `nama_produk`, `sku`, `deskripsi`, `kategori_id`, `satuan`, `hpp`, `harga_jual`, `monitor_persediaan`, `tampil`, `foto`, `created_at`, `updated_at`) VALUES (109, 'EMPING CRACKERS', 'EMPNGCR01', '-', 23, 'PORSI', 0.00, 5000.00, 1, 1, NULL, '2025-03-24 06:18:06', '2025-03-24 06:18:06');
INSERT INTO `pr_produk`(`id`, `nama_produk`, `sku`, `deskripsi`, `kategori_id`, `satuan`, `hpp`, `harga_jual`, `monitor_persediaan`, `tampil`, `foto`, `created_at`, `updated_at`) VALUES (110, 'END OF YEAR (BEBEK IRENG + LEMON TEA)', 'ENDYER', '-', 26, 'PORSI', 0.00, 60000.00, 1, 1, NULL, '2025-03-24 06:18:06', '2025-03-24 06:18:06');
INSERT INTO `pr_produk`(`id`, `nama_produk`, `sku`, `deskripsi`, `kategori_id`, `satuan`, `hpp`, `harga_jual`, `monitor_persediaan`, `tampil`, `foto`, `created_at`, `updated_at`) VALUES (111, 'ENOKI CRISPY', 'ENK8', '-', 15, 'PORSI', 0.00, 18000.00, 1, 1, NULL, '2025-03-24 06:18:06', '2025-03-24 06:18:06');
INSERT INTO `pr_produk`(`id`, `nama_produk`, `sku`, `deskripsi`, `kategori_id`, `satuan`, `hpp`, `harga_jual`, `monitor_persediaan`, `tampil`, `foto`, `created_at`, `updated_at`) VALUES (112, 'EVENT BLACK COFFEE', 'EBC20PX', '-', 26, 'TERMOS', 0.00, 70000.00, 1, 1, NULL, '2025-03-24 06:18:06', '2025-03-24 06:18:06');
INSERT INTO `pr_produk`(`id`, `nama_produk`, `sku`, `deskripsi`, `kategori_id`, `satuan`, `hpp`, `harga_jual`, `monitor_persediaan`, `tampil`, `foto`, `created_at`, `updated_at`) VALUES (113, 'EXTRA ESPRESSO', 'EXTRESPR01', '-', 10, 'GELAS', 0.00, 8000.00, 1, 1, NULL, '2025-03-24 06:18:06', '2025-03-24 06:18:06');
INSERT INTO `pr_produk`(`id`, `nama_produk`, `sku`, `deskripsi`, `kategori_id`, `satuan`, `hpp`, `harga_jual`, `monitor_persediaan`, `tampil`, `foto`, `created_at`, `updated_at`) VALUES (114, 'FANTASY ANGGUR', 'FNTSYANGGUR', '-', 9, 'PCS', 0.00, 2500.00, 1, 1, NULL, '2025-03-24 06:18:06', '2025-03-24 06:18:06');
INSERT INTO `pr_produk`(`id`, `nama_produk`, `sku`, `deskripsi`, `kategori_id`, `satuan`, `hpp`, `harga_jual`, `monitor_persediaan`, `tampil`, `foto`, `created_at`, `updated_at`) VALUES (115, 'FISH & CHIPS', 'FNC017', 'deep fry dory fish, hand cut fries & tar-tar mayo', 14, 'PORSI', 0.00, 28000.00, 1, 1, NULL, '2025-03-24 06:18:06', '2025-03-24 06:18:06');
INSERT INTO `pr_produk`(`id`, `nama_produk`, `sku`, `deskripsi`, `kategori_id`, `satuan`, `hpp`, `harga_jual`, `monitor_persediaan`, `tampil`, `foto`, `created_at`, `updated_at`) VALUES (116, 'FLAT WHITE', 'FLTWHT01', '-', 1, 'GELAS', 0.00, 20000.00, 1, 1, NULL, '2025-03-24 06:18:06', '2025-03-24 06:18:06');
INSERT INTO `pr_produk`(`id`, `nama_produk`, `sku`, `deskripsi`, `kategori_id`, `satuan`, `hpp`, `harga_jual`, `monitor_persediaan`, `tampil`, `foto`, `created_at`, `updated_at`) VALUES (117, 'FRENCH FRIES BOLOGNESE', 'FFB02', 'HAND CUT FRIES CHEESE SAUCE AND BOLOGNESE ON TOP', 15, 'PORSI', 0.00, 25000.00, 1, 1, NULL, '2025-03-24 06:18:06', '2025-03-24 06:18:06');
INSERT INTO `pr_produk`(`id`, `nama_produk`, `sku`, `deskripsi`, `kategori_id`, `satuan`, `hpp`, `harga_jual`, `monitor_persediaan`, `tampil`, `foto`, `created_at`, `updated_at`) VALUES (118, 'FRENCH FRIES ORI', 'FF08', '-', 15, 'PORSI', 0.00, 15000.00, 1, 1, NULL, '2025-03-24 06:18:06', '2025-03-24 06:18:06');
INSERT INTO `pr_produk`(`id`, `nama_produk`, `sku`, `deskripsi`, `kategori_id`, `satuan`, `hpp`, `harga_jual`, `monitor_persediaan`, `tampil`, `foto`, `created_at`, `updated_at`) VALUES (119, 'FRENCH PRESS COFFEE', 'fp090', '-', 1, 'PORSI', 0.00, 20000.00, 1, 1, NULL, '2025-03-24 06:18:06', '2025-03-24 06:18:06');
INSERT INTO `pr_produk`(`id`, `nama_produk`, `sku`, `deskripsi`, `kategori_id`, `satuan`, `hpp`, `harga_jual`, `monitor_persediaan`, `tampil`, `foto`, `created_at`, `updated_at`) VALUES (120, 'FRENCH TOAST BANANA NUTELLA', 'FTBN019', 'bread toast with egg & milk, nutella topping on top, burn banana & ice cream', 20, 'PORSI', 0.00, 20000.00, 1, 1, NULL, '2025-03-24 06:18:06', '2025-03-24 06:18:06');
INSERT INTO `pr_produk`(`id`, `nama_produk`, `sku`, `deskripsi`, `kategori_id`, `satuan`, `hpp`, `harga_jual`, `monitor_persediaan`, `tampil`, `foto`, `created_at`, `updated_at`) VALUES (121, 'FRIDAY PICK', 'CHIC89', '2 KOPSU + CHOICE SNACK', 26, 'PAKET', 0.00, 45000.00, 1, 1, NULL, '2025-03-24 06:18:06', '2025-03-24 06:18:06');
INSERT INTO `pr_produk`(`id`, `nama_produk`, `sku`, `deskripsi`, `kategori_id`, `satuan`, `hpp`, `harga_jual`, `monitor_persediaan`, `tampil`, `foto`, `created_at`, `updated_at`) VALUES (122, 'FRIED WONTON', 'FERDWNTN04', 'CRISPY FRIED WONTON, HONEY MUSTARD AND BOLOGNESE ON TOP', 15, 'PORSI', 0.00, 18000.00, 1, 1, NULL, '2025-03-24 06:18:06', '2025-03-24 06:18:06');
INSERT INTO `pr_produk`(`id`, `nama_produk`, `sku`, `deskripsi`, `kategori_id`, `satuan`, `hpp`, `harga_jual`, `monitor_persediaan`, `tampil`, `foto`, `created_at`, `updated_at`) VALUES (123, 'GARLIC KEMANGI RICE', 'GKR003', '-', 21, 'PORSI', 0.00, 9000.00, 1, 1, NULL, '2025-03-24 06:18:06', '2025-03-24 06:18:06');
INSERT INTO `pr_produk`(`id`, `nama_produk`, `sku`, `deskripsi`, `kategori_id`, `satuan`, `hpp`, `harga_jual`, `monitor_persediaan`, `tampil`, `foto`, `created_at`, `updated_at`) VALUES (124, 'GEPREK KARAGE', 'KRG11', '-', 16, 'PORSI', 0.00, 20000.00, 1, 2, NULL, '2025-03-24 06:18:06', '2025-03-24 06:18:06');
INSERT INTO `pr_produk`(`id`, `nama_produk`, `sku`, `deskripsi`, `kategori_id`, `satuan`, `hpp`, `harga_jual`, `monitor_persediaan`, `tampil`, `foto`, `created_at`, `updated_at`) VALUES (125, 'GEPREK MOZA (TANPA NASI)', 'MOZAGPRK', '-', 16, 'PORSI', 0.00, 21000.00, 1, 1, NULL, '2025-03-24 06:18:06', '2025-03-24 06:18:06');
INSERT INTO `pr_produk`(`id`, `nama_produk`, `sku`, `deskripsi`, `kategori_id`, `satuan`, `hpp`, `harga_jual`, `monitor_persediaan`, `tampil`, `foto`, `created_at`, `updated_at`) VALUES (126, 'GEPREK MOZA + NASI', 'GPRK MZA', '-', 16, 'PORSI', 0.00, 24000.00, 1, 1, NULL, '2025-03-24 06:18:06', '2025-03-24 06:18:06');
INSERT INTO `pr_produk`(`id`, `nama_produk`, `sku`, `deskripsi`, `kategori_id`, `satuan`, `hpp`, `harga_jual`, `monitor_persediaan`, `tampil`, `foto`, `created_at`, `updated_at`) VALUES (127, 'GEPREK ORIGINAL (TANPA NASI)', 'ORIGPRK', 'TANPA NASI ', 16, 'PORSI', 0.00, 17000.00, 1, 1, NULL, '2025-03-24 06:18:06', '2025-03-24 06:18:06');
INSERT INTO `pr_produk`(`id`, `nama_produk`, `sku`, `deskripsi`, `kategori_id`, `satuan`, `hpp`, `harga_jual`, `monitor_persediaan`, `tampil`, `foto`, `created_at`, `updated_at`) VALUES (128, 'GEPREK ORIGINAL + NASI', 'GPRK11', '-', 16, 'PORSI', 0.00, 20000.00, 1, 1, NULL, '2025-03-24 06:18:06', '2025-03-24 06:18:06');
INSERT INTO `pr_produk`(`id`, `nama_produk`, `sku`, `deskripsi`, `kategori_id`, `satuan`, `hpp`, `harga_jual`, `monitor_persediaan`, `tampil`, `foto`, `created_at`, `updated_at`) VALUES (129, 'GREEN SAVANNA', 'GRNSVNN01', 'POKCOY,LYCHEE', 6, 'GELAS', 0.00, 23000.00, 1, 1, NULL, '2025-03-24 06:18:06', '2025-03-24 06:18:06');
INSERT INTO `pr_produk`(`id`, `nama_produk`, `sku`, `deskripsi`, `kategori_id`, `satuan`, `hpp`, `harga_jual`, `monitor_persediaan`, `tampil`, `foto`, `created_at`, `updated_at`) VALUES (130, 'GRILL BEEF SHORTPLATE PARAPE', 'GBSP0023', 'GRILL BEFF SHORPLATE GLAZED BUMBU BAKAR PARAPE WITH SAMBAL MATAH AND GARLIC KEMANGI RICE', 11, 'PORSI', 0.00, 30000.00, 1, 1, NULL, '2025-03-24 06:18:06', '2025-03-24 06:18:06');
INSERT INTO `pr_produk`(`id`, `nama_produk`, `sku`, `deskripsi`, `kategori_id`, `satuan`, `hpp`, `harga_jual`, `monitor_persediaan`, `tampil`, `foto`, `created_at`, `updated_at`) VALUES (131, 'GRILL SEAFOOD PLATTER PANTURA', 'GSPP004', 'prawn, smoked fish parape, grill squid, nasi kemangi & sambal matah', 11, 'PORSI', 0.00, 30000.00, 1, 1, NULL, '2025-03-24 06:18:06', '2025-03-24 06:18:06');
INSERT INTO `pr_produk`(`id`, `nama_produk`, `sku`, `deskripsi`, `kategori_id`, `satuan`, `hpp`, `harga_jual`, `monitor_persediaan`, `tampil`, `foto`, `created_at`, `updated_at`) VALUES (132, 'GYU DON', 'GYDN01', 'JAPANESE RICE BOWL WITH BEEF SHORT PLATE TERIYAKI & POACHED EGG', 13, 'PORSI', 0.00, 32000.00, 1, 1, NULL, '2025-03-24 06:18:06', '2025-03-24 06:18:06');
INSERT INTO `pr_produk`(`id`, `nama_produk`, `sku`, `deskripsi`, `kategori_id`, `satuan`, `hpp`, `harga_jual`, `monitor_persediaan`, `tampil`, `foto`, `created_at`, `updated_at`) VALUES (133, 'HAMPERS LEBARAN', 'HMPRS LBRN', '-', 26, 'PAKET', 0.00, 150000.00, 1, 1, NULL, '2025-03-24 06:18:06', '2025-03-24 06:18:06');
INSERT INTO `pr_produk`(`id`, `nama_produk`, `sku`, `deskripsi`, `kategori_id`, `satuan`, `hpp`, `harga_jual`, `monitor_persediaan`, `tampil`, `foto`, `created_at`, `updated_at`) VALUES (134, 'HAPPY MONDAY', 'HHH66', 'NAMUA SULTAN RICE + VIRGIN MOJITO', 26, 'PAKET', 0.00, 50000.00, 1, 1, NULL, '2025-03-24 06:18:06', '2025-03-24 06:18:06');
INSERT INTO `pr_produk`(`id`, `nama_produk`, `sku`, `deskripsi`, `kategori_id`, `satuan`, `hpp`, `harga_jual`, `monitor_persediaan`, `tampil`, `foto`, `created_at`, `updated_at`) VALUES (135, 'HAPPY THURSDAY', 'HPY77', 'SOUP IGA REMPAH + BLUE PEA TEA', 26, 'PAKET', 0.00, 45000.00, 1, 1, NULL, '2025-03-24 06:18:06', '2025-03-24 06:18:06');
INSERT INTO `pr_produk`(`id`, `nama_produk`, `sku`, `deskripsi`, `kategori_id`, `satuan`, `hpp`, `harga_jual`, `monitor_persediaan`, `tampil`, `foto`, `created_at`, `updated_at`) VALUES (136, 'HAVANA COOKIES', 'HVNCKS01', 'COOKIES CRUMB,FRESHMILK,ESPRESSO,VANILLA', 6, 'GELAS', 0.00, 23000.00, 1, 1, NULL, '2025-03-24 06:18:06', '2025-03-24 06:18:06');
INSERT INTO `pr_produk`(`id`, `nama_produk`, `sku`, `deskripsi`, `kategori_id`, `satuan`, `hpp`, `harga_jual`, `monitor_persediaan`, `tampil`, `foto`, `created_at`, `updated_at`) VALUES (137, 'IGA BAKAR MADU', 'IBM001', 'grill beef short ribs glazed bumbu bakar madu, abon sapi,  emping crackers, sambal matah & fresh lalapan', 11, 'PORSI', 0.00, 52000.00, 1, 1, NULL, '2025-03-24 06:18:06', '2025-03-24 06:18:06');
INSERT INTO `pr_produk`(`id`, `nama_produk`, `sku`, `deskripsi`, `kategori_id`, `satuan`, `hpp`, `harga_jual`, `monitor_persediaan`, `tampil`, `foto`, `created_at`, `updated_at`) VALUES (138, 'INDOMIE GORENG KARAGE', 'IGK1', '-', 18, 'PORSI', 0.00, 17000.00, 1, 1, NULL, '2025-03-24 06:18:06', '2025-03-24 06:18:06');
INSERT INTO `pr_produk`(`id`, `nama_produk`, `sku`, `deskripsi`, `kategori_id`, `satuan`, `hpp`, `harga_jual`, `monitor_persediaan`, `tampil`, `foto`, `created_at`, `updated_at`) VALUES (139, 'INDOMIE GORENG KARYAWAN', 'GKRYWN02', '-', 18, 'PORSI', 0.00, 5000.00, 1, 1, NULL, '2025-03-24 06:18:06', '2025-03-24 06:18:06');
INSERT INTO `pr_produk`(`id`, `nama_produk`, `sku`, `deskripsi`, `kategori_id`, `satuan`, `hpp`, `harga_jual`, `monitor_persediaan`, `tampil`, `foto`, `created_at`, `updated_at`) VALUES (140, 'INDOMIE GORENG TELUR', 'IGT4', '-', 18, 'PORSI', 0.00, 16000.00, 1, 1, NULL, '2025-03-24 06:18:06', '2025-03-24 06:18:06');
INSERT INTO `pr_produk`(`id`, `nama_produk`, `sku`, `deskripsi`, `kategori_id`, `satuan`, `hpp`, `harga_jual`, `monitor_persediaan`, `tampil`, `foto`, `created_at`, `updated_at`) VALUES (141, 'INDOMIE REBUS KARYAWAN', 'KRYWN01', '-', 18, 'PORSI', 0.00, 5000.00, 1, 1, NULL, '2025-03-24 06:18:06', '2025-03-24 06:18:06');
INSERT INTO `pr_produk`(`id`, `nama_produk`, `sku`, `deskripsi`, `kategori_id`, `satuan`, `hpp`, `harga_jual`, `monitor_persediaan`, `tampil`, `foto`, `created_at`, `updated_at`) VALUES (142, 'INDOMIE REBUS TELUR', 'IRT5', '-', 18, 'PORSI', 0.00, 15000.00, 1, 1, NULL, '2025-03-24 06:18:06', '2025-03-24 06:18:06');
INSERT INTO `pr_produk`(`id`, `nama_produk`, `sku`, `deskripsi`, `kategori_id`, `satuan`, `hpp`, `harga_jual`, `monitor_persediaan`, `tampil`, `foto`, `created_at`, `updated_at`) VALUES (143, 'INDOMIE TOMYAM', 'IT2', '-', 18, 'PORSI', 0.00, 18000.00, 1, 1, NULL, '2025-03-24 06:18:06', '2025-03-24 06:18:06');
INSERT INTO `pr_produk`(`id`, `nama_produk`, `sku`, `deskripsi`, `kategori_id`, `satuan`, `hpp`, `harga_jual`, `monitor_persediaan`, `tampil`, `foto`, `created_at`, `updated_at`) VALUES (144, 'JAMUR CRISPY', 'ERJC01', '-', 27, 'PORSI', 0.00, 10000.00, 1, 1, NULL, '2025-03-24 06:18:06', '2025-03-24 06:18:06');
INSERT INTO `pr_produk`(`id`, `nama_produk`, `sku`, `deskripsi`, `kategori_id`, `satuan`, `hpp`, `harga_jual`, `monitor_persediaan`, `tampil`, `foto`, `created_at`, `updated_at`) VALUES (145, 'JAZZY ALMOND', 'JZZY44', '-', 2, 'PORSI', 0.00, 22000.00, 1, 1, NULL, '2025-03-24 06:18:06', '2025-03-24 06:18:06');
INSERT INTO `pr_produk`(`id`, `nama_produk`, `sku`, `deskripsi`, `kategori_id`, `satuan`, `hpp`, `harga_jual`, `monitor_persediaan`, `tampil`, `foto`, `created_at`, `updated_at`) VALUES (146, 'JUMAT BERKAH AYAM GORENG', 'JMTAYM02', '-', 25, 'PORSI', 0.00, 10000.00, 1, 2, NULL, '2025-03-24 06:18:06', '2025-03-24 06:18:06');
INSERT INTO `pr_produk`(`id`, `nama_produk`, `sku`, `deskripsi`, `kategori_id`, `satuan`, `hpp`, `harga_jual`, `monitor_persediaan`, `tampil`, `foto`, `created_at`, `updated_at`) VALUES (147, 'JUMAT BERKAH PACKAGE', 'JMTBRKH01', '-', 25, 'PORSI', 0.00, 10000.00, 1, 1, NULL, '2025-03-24 06:18:06', '2025-03-24 06:18:06');
INSERT INTO `pr_produk`(`id`, `nama_produk`, `sku`, `deskripsi`, `kategori_id`, `satuan`, `hpp`, `harga_jual`, `monitor_persediaan`, `tampil`, `foto`, `created_at`, `updated_at`) VALUES (148, 'JUMAT BERKAH TELOR BALADO', 'JBBALADO', '-', 25, 'PORSI', 0.00, 10000.00, 1, 1, NULL, '2025-03-24 06:18:06', '2025-03-24 06:18:06');
INSERT INTO `pr_produk`(`id`, `nama_produk`, `sku`, `deskripsi`, `kategori_id`, `satuan`, `hpp`, `harga_jual`, `monitor_persediaan`, `tampil`, `foto`, `created_at`, `updated_at`) VALUES (149, 'JUMBO TEA ICE/HOT', 'ICTEA20PX', '-', 26, 'TERMOS', 0.00, 55000.00, 1, 1, NULL, '2025-03-24 06:18:06', '2025-03-24 06:18:06');
INSERT INTO `pr_produk`(`id`, `nama_produk`, `sku`, `deskripsi`, `kategori_id`, `satuan`, `hpp`, `harga_jual`, `monitor_persediaan`, `tampil`, `foto`, `created_at`, `updated_at`) VALUES (150, 'KOOHI', 'KWSTKP01', 'KAWISTA,ESPRESSO,SODA WATER', 3, 'GELAS', 0.00, 20000.00, 1, 1, NULL, '2025-03-24 06:18:06', '2025-03-24 06:18:06');
INSERT INTO `pr_produk`(`id`, `nama_produk`, `sku`, `deskripsi`, `kategori_id`, `satuan`, `hpp`, `harga_jual`, `monitor_persediaan`, `tampil`, `foto`, `created_at`, `updated_at`) VALUES (151, 'KOPI LELET', 'KPLLT01', '-', 1, 'GELAS', 0.00, 10000.00, 1, 1, NULL, '2025-03-24 06:18:06', '2025-03-24 06:18:06');
INSERT INTO `pr_produk`(`id`, `nama_produk`, `sku`, `deskripsi`, `kategori_id`, `satuan`, `hpp`, `harga_jual`, `monitor_persediaan`, `tampil`, `foto`, `created_at`, `updated_at`) VALUES (152, 'KOPI LELET 5L', 'PKTLLT', '-', 26, 'PAKET', 0.00, 50000.00, 1, 1, NULL, '2025-03-24 06:18:06', '2025-03-24 06:18:06');
INSERT INTO `pr_produk`(`id`, `nama_produk`, `sku`, `deskripsi`, `kategori_id`, `satuan`, `hpp`, `harga_jual`, `monitor_persediaan`, `tampil`, `foto`, `created_at`, `updated_at`) VALUES (153, 'KOPI LELET SUSU', 'KPLS01', '-', 1, 'GELAS', 0.00, 12000.00, 1, 1, NULL, '2025-03-24 06:18:06', '2025-03-24 06:18:06');
INSERT INTO `pr_produk`(`id`, `nama_produk`, `sku`, `deskripsi`, `kategori_id`, `satuan`, `hpp`, `harga_jual`, `monitor_persediaan`, `tampil`, `foto`, `created_at`, `updated_at`) VALUES (154, 'KOPI SUSU GULA AREN', 'KPSARN01', '-', 2, 'CUP', 0.00, 19000.00, 1, 1, NULL, '2025-03-24 06:18:06', '2025-03-24 06:18:06');
INSERT INTO `pr_produk`(`id`, `nama_produk`, `sku`, `deskripsi`, `kategori_id`, `satuan`, `hpp`, `harga_jual`, `monitor_persediaan`, `tampil`, `foto`, `created_at`, `updated_at`) VALUES (155, 'KOPI SUSU NAMUA', 'KPSNMA01', '-', 2, 'GELAS', 0.00, 22000.00, 1, 1, NULL, '2025-03-24 06:18:06', '2025-03-24 06:18:06');
INSERT INTO `pr_produk`(`id`, `nama_produk`, `sku`, `deskripsi`, `kategori_id`, `satuan`, `hpp`, `harga_jual`, `monitor_persediaan`, `tampil`, `foto`, `created_at`, `updated_at`) VALUES (156, 'KOPI TUBRUK', 'KPTBRK01', '-', 1, 'GELAS', 0.00, 18000.00, 1, 1, NULL, '2025-03-24 06:18:06', '2025-03-24 06:18:06');
INSERT INTO `pr_produk`(`id`, `nama_produk`, `sku`, `deskripsi`, `kategori_id`, `satuan`, `hpp`, `harga_jual`, `monitor_persediaan`, `tampil`, `foto`, `created_at`, `updated_at`) VALUES (157, 'KOPI TUBRUK SUSU ', 'KPTBRKSS01', '-', 1, 'GELAS', 0.00, 17000.00, 1, 1, NULL, '2025-03-24 06:18:06', '2025-03-24 06:18:06');
INSERT INTO `pr_produk`(`id`, `nama_produk`, `sku`, `deskripsi`, `kategori_id`, `satuan`, `hpp`, `harga_jual`, `monitor_persediaan`, `tampil`, `foto`, `created_at`, `updated_at`) VALUES (158, 'KOPSU MAGNO 500ML', 'KSMG002', '-', 2, 'BOTOL', 0.00, 30000.00, 1, 2, NULL, '2025-03-24 06:18:06', '2025-03-24 06:18:06');
INSERT INTO `pr_produk`(`id`, `nama_produk`, `sku`, `deskripsi`, `kategori_id`, `satuan`, `hpp`, `harga_jual`, `monitor_persediaan`, `tampil`, `foto`, `created_at`, `updated_at`) VALUES (159, 'KOREAN BEEF KIMBAB ', 'KIMBAB', '-', 13, 'PORSI', 0.00, 30000.00, 1, 1, NULL, '2025-03-24 06:18:06', '2025-03-24 06:18:06');
INSERT INTO `pr_produk`(`id`, `nama_produk`, `sku`, `deskripsi`, `kategori_id`, `satuan`, `hpp`, `harga_jual`, `monitor_persediaan`, `tampil`, `foto`, `created_at`, `updated_at`) VALUES (160, 'KUE LAPIS', 'KLPS', '-', 26, 'PORSI', 0.00, 19000.00, 1, 1, NULL, '2025-03-24 06:18:06', '2025-03-24 06:18:06');
INSERT INTO `pr_produk`(`id`, `nama_produk`, `sku`, `deskripsi`, `kategori_id`, `satuan`, `hpp`, `harga_jual`, `monitor_persediaan`, `tampil`, `foto`, `created_at`, `updated_at`) VALUES (161, 'LE MINERAL 600ML', 'Lemnrl11', '24btl', 26, 'DUS', 0.00, 55000.00, 1, 1, NULL, '2025-03-24 06:18:06', '2025-03-24 06:18:06');
INSERT INTO `pr_produk`(`id`, `nama_produk`, `sku`, `deskripsi`, `kategori_id`, `satuan`, `hpp`, `harga_jual`, `monitor_persediaan`, `tampil`, `foto`, `created_at`, `updated_at`) VALUES (162, 'LEMON TEA HOT', 'LMTHT01', '-', 7, 'GELAS', 0.00, 15000.00, 1, 1, NULL, '2025-03-24 06:18:06', '2025-03-24 06:18:06');
INSERT INTO `pr_produk`(`id`, `nama_produk`, `sku`, `deskripsi`, `kategori_id`, `satuan`, `hpp`, `harga_jual`, `monitor_persediaan`, `tampil`, `foto`, `created_at`, `updated_at`) VALUES (163, 'LEMON TEA ICE', 'LMNTE01', 'SWEET BLACK TEA WITH LEMON JUICE', 7, 'GELAS', 0.00, 16000.00, 1, 1, NULL, '2025-03-24 06:18:06', '2025-03-24 06:18:06');
INSERT INTO `pr_produk`(`id`, `nama_produk`, `sku`, `deskripsi`, `kategori_id`, `satuan`, `hpp`, `harga_jual`, `monitor_persediaan`, `tampil`, `foto`, `created_at`, `updated_at`) VALUES (164, 'LEMONGRASS TEA ICE', 'LMNGRSTE01', 'SWEET BLACK TEA WITH LEMONGRASS', 7, 'GELAS', 0.00, 17000.00, 1, 1, NULL, '2025-03-24 06:18:06', '2025-03-24 06:18:06');
INSERT INTO `pr_produk`(`id`, `nama_produk`, `sku`, `deskripsi`, `kategori_id`, `satuan`, `hpp`, `harga_jual`, `monitor_persediaan`, `tampil`, `foto`, `created_at`, `updated_at`) VALUES (165, 'LIME MINT HONEY', 'HNY88', '-', 4, 'PORSI', 0.00, 20000.00, 1, 1, NULL, '2025-03-24 06:18:06', '2025-03-24 06:18:06');
INSERT INTO `pr_produk`(`id`, `nama_produk`, `sku`, `deskripsi`, `kategori_id`, `satuan`, `hpp`, `harga_jual`, `monitor_persediaan`, `tampil`, `foto`, `created_at`, `updated_at`) VALUES (166, 'LONG BLACK HOT', 'LBH01', '-', 1, 'GELAS', 0.00, 17000.00, 1, 1, NULL, '2025-03-24 06:18:06', '2025-03-24 06:18:06');
INSERT INTO `pr_produk`(`id`, `nama_produk`, `sku`, `deskripsi`, `kategori_id`, `satuan`, `hpp`, `harga_jual`, `monitor_persediaan`, `tampil`, `foto`, `created_at`, `updated_at`) VALUES (167, 'LONG BLACK ICE', 'LNGBLCK01', 'CLASIC COFFEE', 1, 'PORSI', 0.00, 18000.00, 1, 1, NULL, '2025-03-24 06:18:06', '2025-03-24 06:18:06');
INSERT INTO `pr_produk`(`id`, `nama_produk`, `sku`, `deskripsi`, `kategori_id`, `satuan`, `hpp`, `harga_jual`, `monitor_persediaan`, `tampil`, `foto`, `created_at`, `updated_at`) VALUES (168, 'LYCHEE TEA ICE', 'LYCHTE01', 'SWEET BLACK TEA WITH LYCHEE', 7, 'GELAS', 0.00, 17000.00, 1, 1, NULL, '2025-03-24 06:18:06', '2025-03-24 06:18:06');
INSERT INTO `pr_produk`(`id`, `nama_produk`, `sku`, `deskripsi`, `kategori_id`, `satuan`, `hpp`, `harga_jual`, `monitor_persediaan`, `tampil`, `foto`, `created_at`, `updated_at`) VALUES (169, 'MAGIC LATTE', 'MGC01', '-', 1, 'GELAS', 0.00, 21000.00, 1, 1, NULL, '2025-03-24 06:18:06', '2025-03-24 06:18:06');
INSERT INTO `pr_produk`(`id`, `nama_produk`, `sku`, `deskripsi`, `kategori_id`, `satuan`, `hpp`, `harga_jual`, `monitor_persediaan`, `tampil`, `foto`, `created_at`, `updated_at`) VALUES (170, 'MANGO FLOAT', 'Mnggo11', 'MANGO ', 26, 'PORSI', 0.00, 15000.00, 1, 2, NULL, '2025-03-24 06:18:06', '2025-03-24 06:18:06');
INSERT INTO `pr_produk`(`id`, `nama_produk`, `sku`, `deskripsi`, `kategori_id`, `satuan`, `hpp`, `harga_jual`, `monitor_persediaan`, `tampil`, `foto`, `created_at`, `updated_at`) VALUES (171, 'MANUAL BREW AEROPRRESS', 'MBA01', '-', 1, 'GELAS', 0.00, 20000.00, 1, 1, NULL, '2025-03-24 06:18:06', '2025-03-24 06:18:06');
INSERT INTO `pr_produk`(`id`, `nama_produk`, `sku`, `deskripsi`, `kategori_id`, `satuan`, `hpp`, `harga_jual`, `monitor_persediaan`, `tampil`, `foto`, `created_at`, `updated_at`) VALUES (172, 'MANUAL BREW KALITA', 'MBKLT01', '-', 1, 'GELAS', 0.00, 20000.00, 1, 1, NULL, '2025-03-24 06:18:06', '2025-03-24 06:18:06');
INSERT INTO `pr_produk`(`id`, `nama_produk`, `sku`, `deskripsi`, `kategori_id`, `satuan`, `hpp`, `harga_jual`, `monitor_persediaan`, `tampil`, `foto`, `created_at`, `updated_at`) VALUES (173, 'MANUAL BREW V60', 'MBV01', '-', 1, 'GELAS', 0.00, 20000.00, 1, 1, NULL, '2025-03-24 06:18:06', '2025-03-24 06:18:06');
INSERT INTO `pr_produk`(`id`, `nama_produk`, `sku`, `deskripsi`, `kategori_id`, `satuan`, `hpp`, `harga_jual`, `monitor_persediaan`, `tampil`, `foto`, `created_at`, `updated_at`) VALUES (174, 'MATCHA COFFEE', 'MTCHCF01', 'MATCHA,ESPRESSO,FRESHMILK', 2, 'GELAS', 0.00, 24000.00, 1, 1, NULL, '2025-03-24 06:18:06', '2025-03-24 06:18:06');
INSERT INTO `pr_produk`(`id`, `nama_produk`, `sku`, `deskripsi`, `kategori_id`, `satuan`, `hpp`, `harga_jual`, `monitor_persediaan`, `tampil`, `foto`, `created_at`, `updated_at`) VALUES (175, 'MATCHA HOT', 'MTCHT01', '-', 5, 'GELAS', 0.00, 19000.00, 1, 1, NULL, '2025-03-24 06:18:06', '2025-03-24 06:18:06');
INSERT INTO `pr_produk`(`id`, `nama_produk`, `sku`, `deskripsi`, `kategori_id`, `satuan`, `hpp`, `harga_jual`, `monitor_persediaan`, `tampil`, `foto`, `created_at`, `updated_at`) VALUES (176, 'MATCHA ICE', 'MTCHIC01', '-', 5, 'GELAS', 0.00, 20000.00, 1, 1, NULL, '2025-03-24 06:18:06', '2025-03-24 06:18:06');
INSERT INTO `pr_produk`(`id`, `nama_produk`, `sku`, `deskripsi`, `kategori_id`, `satuan`, `hpp`, `harga_jual`, `monitor_persediaan`, `tampil`, `foto`, `created_at`, `updated_at`) VALUES (177, 'MENDOAN MAGNOLIA', 'MDNMG06', 'DEEP FRY SOY BEAN CAKE,ABON SAPI WITH SAMBEL KECAP', 15, 'PORSI', 0.00, 18000.00, 1, 1, NULL, '2025-03-24 06:18:06', '2025-03-24 06:18:06');
INSERT INTO `pr_produk`(`id`, `nama_produk`, `sku`, `deskripsi`, `kategori_id`, `satuan`, `hpp`, `harga_jual`, `monitor_persediaan`, `tampil`, `foto`, `created_at`, `updated_at`) VALUES (178, 'MIE ACEH BEEF SHORTPLATE', 'MABS005', 'noodles, spicy paste kalio, beef shortplate, bean sprout, emping crackers & katsuobushi', 11, 'PORSI', 0.00, 42000.00, 1, 1, NULL, '2025-03-24 06:18:06', '2025-03-24 06:18:06');
INSERT INTO `pr_produk`(`id`, `nama_produk`, `sku`, `deskripsi`, `kategori_id`, `satuan`, `hpp`, `harga_jual`, `monitor_persediaan`, `tampil`, `foto`, `created_at`, `updated_at`) VALUES (179, 'MIE AYAM NAMUA', 'MNMA01', 'ASIAN NOODLE BLANCH,CHICKEN LEG MARINATED GARLIC OYSTER,FRIED WON TON AND BROTH SIDE DISH', 12, 'PORSI', 0.00, 28000.00, 1, 1, NULL, '2025-03-24 06:18:06', '2025-03-24 06:18:06');
INSERT INTO `pr_produk`(`id`, `nama_produk`, `sku`, `deskripsi`, `kategori_id`, `satuan`, `hpp`, `harga_jual`, `monitor_persediaan`, `tampil`, `foto`, `created_at`, `updated_at`) VALUES (180, 'MIE IBLIS 1 ', 'IBLS1', '-', 16, 'PORSI', 0.00, 15000.00, 1, 1, NULL, '2025-03-24 06:18:06', '2025-03-24 06:18:06');
INSERT INTO `pr_produk`(`id`, `nama_produk`, `sku`, `deskripsi`, `kategori_id`, `satuan`, `hpp`, `harga_jual`, `monitor_persediaan`, `tampil`, `foto`, `created_at`, `updated_at`) VALUES (181, 'MIE IBLIS 2', 'IBLIS2', '-', 16, 'PORSI', 0.00, 17000.00, 1, 1, NULL, '2025-03-24 06:18:06', '2025-03-24 06:18:06');
INSERT INTO `pr_produk`(`id`, `nama_produk`, `sku`, `deskripsi`, `kategori_id`, `satuan`, `hpp`, `harga_jual`, `monitor_persediaan`, `tampil`, `foto`, `created_at`, `updated_at`) VALUES (182, 'MIE IBLIS 3', 'IBLIS3', '-', 16, 'PORSI', 0.00, 17000.00, 1, 1, NULL, '2025-03-24 06:18:06', '2025-03-24 06:18:06');
INSERT INTO `pr_produk`(`id`, `nama_produk`, `sku`, `deskripsi`, `kategori_id`, `satuan`, `hpp`, `harga_jual`, `monitor_persediaan`, `tampil`, `foto`, `created_at`, `updated_at`) VALUES (183, 'MIE LEVEL', 'MLVL5', '-', 16, 'PORSI', 0.00, 15000.00, 1, 1, NULL, '2025-03-24 06:18:06', '2025-03-24 06:18:06');
INSERT INTO `pr_produk`(`id`, `nama_produk`, `sku`, `deskripsi`, `kategori_id`, `satuan`, `hpp`, `harga_jual`, `monitor_persediaan`, `tampil`, `foto`, `created_at`, `updated_at`) VALUES (184, 'milk life', 'mlklf11', '-', 10, 'PCS', 0.00, 20000.00, 1, 1, NULL, '2025-03-24 06:18:06', '2025-03-24 06:18:06');
INSERT INTO `pr_produk`(`id`, `nama_produk`, `sku`, `deskripsi`, `kategori_id`, `satuan`, `hpp`, `harga_jual`, `monitor_persediaan`, `tampil`, `foto`, `created_at`, `updated_at`) VALUES (185, 'MINERAL WATER', 'MNRL01', '-', 10, 'BOTOL', 0.00, 4000.00, 1, 1, NULL, '2025-03-24 06:18:06', '2025-03-24 06:18:06');
INSERT INTO `pr_produk`(`id`, `nama_produk`, `sku`, `deskripsi`, `kategori_id`, `satuan`, `hpp`, `harga_jual`, `monitor_persediaan`, `tampil`, `foto`, `created_at`, `updated_at`) VALUES (186, 'MINTSU FLOAT', 'FLGT', '-', 26, 'PORSI', 0.00, 18000.00, 1, 1, NULL, '2025-03-24 06:18:06', '2025-03-24 06:18:06');
INSERT INTO `pr_produk`(`id`, `nama_produk`, `sku`, `deskripsi`, `kategori_id`, `satuan`, `hpp`, `harga_jual`, `monitor_persediaan`, `tampil`, `foto`, `created_at`, `updated_at`) VALUES (187, 'MOCHACINO HOT', 'MCHN02', 'ESPRESSO,CHOCOLATE,FRESHMILK', 2, 'GELAS', 0.00, 21000.00, 1, 1, NULL, '2025-03-24 06:18:06', '2025-03-24 06:18:06');
INSERT INTO `pr_produk`(`id`, `nama_produk`, `sku`, `deskripsi`, `kategori_id`, `satuan`, `hpp`, `harga_jual`, `monitor_persediaan`, `tampil`, `foto`, `created_at`, `updated_at`) VALUES (188, 'MOCHACINO ICE', 'MCHN01', '-', 2, 'GELAS', 0.00, 22000.00, 1, 1, NULL, '2025-03-24 06:18:06', '2025-03-24 06:18:06');
INSERT INTO `pr_produk`(`id`, `nama_produk`, `sku`, `deskripsi`, `kategori_id`, `satuan`, `hpp`, `harga_jual`, `monitor_persediaan`, `tampil`, `foto`, `created_at`, `updated_at`) VALUES (189, 'MOCHI DURIAN', 'MCHIDRN', '-', 9, 'PCS', 0.00, 7000.00, 1, 1, NULL, '2025-03-24 06:18:06', '2025-03-24 06:18:06');
INSERT INTO `pr_produk`(`id`, `nama_produk`, `sku`, `deskripsi`, `kategori_id`, `satuan`, `hpp`, `harga_jual`, `monitor_persediaan`, `tampil`, `foto`, `created_at`, `updated_at`) VALUES (190, 'NAMANYA KOPI SUSU', 'NMN55', '-', 2, 'PORSI', 0.00, 19000.00, 1, 1, NULL, '2025-03-24 06:18:06', '2025-03-24 06:18:06');
INSERT INTO `pr_produk`(`id`, `nama_produk`, `sku`, `deskripsi`, `kategori_id`, `satuan`, `hpp`, `harga_jual`, `monitor_persediaan`, `tampil`, `foto`, `created_at`, `updated_at`) VALUES (191, 'NAMUA SALAD', 'NMASLD', '-', 19, 'PORSI', 0.00, 32000.00, 1, 1, NULL, '2025-03-24 06:18:06', '2025-03-24 06:18:06');
INSERT INTO `pr_produk`(`id`, `nama_produk`, `sku`, `deskripsi`, `kategori_id`, `satuan`, `hpp`, `harga_jual`, `monitor_persediaan`, `tampil`, `foto`, `created_at`, `updated_at`) VALUES (192, 'NAMUA SIGNATURE SWEET BREAD', 'NMSSWT', '-', 20, 'PORSI', 0.00, 28000.00, 1, 1, NULL, '2025-03-24 06:18:06', '2025-03-24 06:18:06');
INSERT INTO `pr_produk`(`id`, `nama_produk`, `sku`, `deskripsi`, `kategori_id`, `satuan`, `hpp`, `harga_jual`, `monitor_persediaan`, `tampil`, `foto`, `created_at`, `updated_at`) VALUES (193, 'NAMUA SULTAN RICE', 'NSR002', 'grill prawn, chicken sate lilit, rendang beef shortplate, garlic kemangi rice, mendoan, abon & sambal matah', 11, 'PORSI', 0.00, 58000.00, 1, 1, NULL, '2025-03-24 06:18:06', '2025-03-24 06:18:06');
INSERT INTO `pr_produk`(`id`, `nama_produk`, `sku`, `deskripsi`, `kategori_id`, `satuan`, `hpp`, `harga_jual`, `monitor_persediaan`, `tampil`, `foto`, `created_at`, `updated_at`) VALUES (194, 'NASI BOX ', 'NSBOX', '-', 26, 'PORSI', 0.00, 35000.00, 1, 1, NULL, '2025-03-24 06:18:06', '2025-03-24 06:18:06');
INSERT INTO `pr_produk`(`id`, `nama_produk`, `sku`, `deskripsi`, `kategori_id`, `satuan`, `hpp`, `harga_jual`, `monitor_persediaan`, `tampil`, `foto`, `created_at`, `updated_at`) VALUES (195, 'NASI BOX  AYAM GORENG', 'NSBX25K', 'Nasi box 25k', 26, 'PORSI', 0.00, 25000.00, 1, 1, NULL, '2025-03-24 06:18:06', '2025-03-24 06:18:06');
INSERT INTO `pr_produk`(`id`, `nama_produk`, `sku`, `deskripsi`, `kategori_id`, `satuan`, `hpp`, `harga_jual`, `monitor_persediaan`, `tampil`, `foto`, `created_at`, `updated_at`) VALUES (196, 'NASI BOX AYAM BAKAR', 'aymbkr01', '-', 26, 'BOX', 0.00, 30000.00, 1, 1, NULL, '2025-03-24 06:18:06', '2025-03-24 06:18:06');
INSERT INTO `pr_produk`(`id`, `nama_produk`, `sku`, `deskripsi`, `kategori_id`, `satuan`, `hpp`, `harga_jual`, `monitor_persediaan`, `tampil`, `foto`, `created_at`, `updated_at`) VALUES (197, 'NASI BOX AYAM BALADO', 'BAB11', '-', 26, 'BOKS', 0.00, 30000.00, 1, 1, NULL, '2025-03-24 06:18:06', '2025-03-24 06:18:06');
INSERT INTO `pr_produk`(`id`, `nama_produk`, `sku`, `deskripsi`, `kategori_id`, `satuan`, `hpp`, `harga_jual`, `monitor_persediaan`, `tampil`, `foto`, `created_at`, `updated_at`) VALUES (198, 'NASI BOX AYAM BALADO  25K', 'NSBKSKL', '-', 26, 'PORSI', 0.00, 25000.00, 1, 1, NULL, '2025-03-24 06:18:06', '2025-03-24 06:18:06');
INSERT INTO `pr_produk`(`id`, `nama_produk`, `sku`, `deskripsi`, `kategori_id`, `satuan`, `hpp`, `harga_jual`, `monitor_persediaan`, `tampil`, `foto`, `created_at`, `updated_at`) VALUES (199, 'NASI BOX AYAM KREMES', 'NSBOX11', '-', 26, 'BOKS', 0.00, 28000.00, 1, 1, NULL, '2025-03-24 06:18:06', '2025-03-24 06:18:06');
INSERT INTO `pr_produk`(`id`, `nama_produk`, `sku`, `deskripsi`, `kategori_id`, `satuan`, `hpp`, `harga_jual`, `monitor_persediaan`, `tampil`, `foto`, `created_at`, `updated_at`) VALUES (200, 'NASI BOX AYAM SONGKEM', 'AYMSNGKMBX', '-', 26, 'PORSI', 0.00, 30000.00, 1, 1, NULL, '2025-03-24 06:18:06', '2025-03-24 06:18:06');
INSERT INTO `pr_produk`(`id`, `nama_produk`, `sku`, `deskripsi`, `kategori_id`, `satuan`, `hpp`, `harga_jual`, `monitor_persediaan`, `tampil`, `foto`, `created_at`, `updated_at`) VALUES (201, 'NASI CAMPUR BALI', 'NSBL01', 'BASEGEDE RICE,CHICKEN SATE LILIT,CHICKEN SHEREDED BALI,LAWAR,SAMBAL MATAH,SUNNY SIDE UP', 11, 'PORSI', 0.00, 28000.00, 1, 1, NULL, '2025-03-24 06:18:06', '2025-03-24 06:18:06');
INSERT INTO `pr_produk`(`id`, `nama_produk`, `sku`, `deskripsi`, `kategori_id`, `satuan`, `hpp`, `harga_jual`, `monitor_persediaan`, `tampil`, `foto`, `created_at`, `updated_at`) VALUES (202, 'NASI GORENG KAMPOENG', 'NGK010', 'bumbu merah shrimp paste terasi fried rice, sunny side up, chicken skewer & crackers', 11, 'PORSI', 0.00, 22000.00, 1, 1, NULL, '2025-03-24 06:18:06', '2025-03-24 06:18:06');
INSERT INTO `pr_produk`(`id`, `nama_produk`, `sku`, `deskripsi`, `kategori_id`, `satuan`, `hpp`, `harga_jual`, `monitor_persediaan`, `tampil`, `foto`, `created_at`, `updated_at`) VALUES (203, 'NATURE SPICE', 'NTRSPC01', '-', 28, 'GELAS', 0.00, 12000.00, 1, 2, NULL, '2025-03-24 06:18:06', '2025-03-24 06:18:06');
INSERT INTO `pr_produk`(`id`, `nama_produk`, `sku`, `deskripsi`, `kategori_id`, `satuan`, `hpp`, `harga_jual`, `monitor_persediaan`, `tampil`, `foto`, `created_at`, `updated_at`) VALUES (204, 'OAT MILK (add)', 'OAT', '-', 10, 'PORSI', 0.00, 7000.00, 1, 1, NULL, '2025-03-24 06:18:06', '2025-03-24 06:18:06');
INSERT INTO `pr_produk`(`id`, `nama_produk`, `sku`, `deskripsi`, `kategori_id`, `satuan`, `hpp`, `harga_jual`, `monitor_persediaan`, `tampil`, `foto`, `created_at`, `updated_at`) VALUES (205, 'OLD YELLOW BRICK', 'OYB01', 'PINEAPPLE,ORANGE,ROSE,MINT,SODA WATER WITH CREAMY FOAM', 3, 'GELAS', 0.00, 20000.00, 1, 1, NULL, '2025-03-24 06:18:06', '2025-03-24 06:18:06');
INSERT INTO `pr_produk`(`id`, `nama_produk`, `sku`, `deskripsi`, `kategori_id`, `satuan`, `hpp`, `harga_jual`, `monitor_persediaan`, `tampil`, `foto`, `created_at`, `updated_at`) VALUES (206, 'PAPER BOX', 'Pprbx0', '-', 23, 'PCS', 0.00, 1000.00, 1, 1, NULL, '2025-03-24 06:18:06', '2025-03-24 06:18:06');
INSERT INTO `pr_produk`(`id`, `nama_produk`, `sku`, `deskripsi`, `kategori_id`, `satuan`, `hpp`, `harga_jual`, `monitor_persediaan`, `tampil`, `foto`, `created_at`, `updated_at`) VALUES (207, 'PERFECT SENSE', 'PRFCSNS', '-', 4, 'PORSI', 0.00, 22000.00, 1, 1, NULL, '2025-03-24 06:18:06', '2025-03-24 06:18:06');
INSERT INTO `pr_produk`(`id`, `nama_produk`, `sku`, `deskripsi`, `kategori_id`, `satuan`, `hpp`, `harga_jual`, `monitor_persediaan`, `tampil`, `foto`, `created_at`, `updated_at`) VALUES (208, 'PINK LADY', 'PNKLDY01', 'WATERMELON,ESPRESSO,LYCHEE', 3, 'GELAS', 0.00, 21000.00, 1, 1, NULL, '2025-03-24 06:18:06', '2025-03-24 06:18:06');
INSERT INTO `pr_produk`(`id`, `nama_produk`, `sku`, `deskripsi`, `kategori_id`, `satuan`, `hpp`, `harga_jual`, `monitor_persediaan`, `tampil`, `foto`, `created_at`, `updated_at`) VALUES (209, 'PINOKIO', 'PNKO07', 'BANANA SPRING ROLL WITH NUTELLA SAUCE ON SIDE DISH', 15, 'PORSI', 0.00, 22000.00, 1, 1, NULL, '2025-03-24 06:18:06', '2025-03-24 06:18:06');
INSERT INTO `pr_produk`(`id`, `nama_produk`, `sku`, `deskripsi`, `kategori_id`, `satuan`, `hpp`, `harga_jual`, `monitor_persediaan`, `tampil`, `foto`, `created_at`, `updated_at`) VALUES (210, 'POP CORN', 'PPC03', 'HOME MADE NAMUA SALTED POP CORN', 15, 'PORSI', 0.00, 10000.00, 1, 1, NULL, '2025-03-24 06:18:06', '2025-03-24 06:18:06');
INSERT INTO `pr_produk`(`id`, `nama_produk`, `sku`, `deskripsi`, `kategori_id`, `satuan`, `hpp`, `harga_jual`, `monitor_persediaan`, `tampil`, `foto`, `created_at`, `updated_at`) VALUES (211, 'PRESTIGE CHOCO INCH', 'PRSTC1', '-', 5, 'PORSI', 0.00, 22000.00, 1, 1, NULL, '2025-03-24 06:18:06', '2025-03-24 06:18:06');
INSERT INTO `pr_produk`(`id`, `nama_produk`, `sku`, `deskripsi`, `kategori_id`, `satuan`, `hpp`, `harga_jual`, `monitor_persediaan`, `tampil`, `foto`, `created_at`, `updated_at`) VALUES (213, 'RAINBOW POP', 'POPRNBW', '-', 9, 'PORSI', 0.00, 4500.00, 1, 1, NULL, '2025-03-24 06:18:06', '2025-03-24 06:18:06');
INSERT INTO `pr_produk`(`id`, `nama_produk`, `sku`, `deskripsi`, `kategori_id`, `satuan`, `hpp`, `harga_jual`, `monitor_persediaan`, `tampil`, `foto`, `created_at`, `updated_at`) VALUES (214, 'RED VELVET HOT', 'VLVTHT01', 'VELVET WITH FRESHMILK', 5, 'GELAS', 0.00, 19000.00, 1, 1, NULL, '2025-03-24 06:18:06', '2025-03-24 06:18:06');
INSERT INTO `pr_produk`(`id`, `nama_produk`, `sku`, `deskripsi`, `kategori_id`, `satuan`, `hpp`, `harga_jual`, `monitor_persediaan`, `tampil`, `foto`, `created_at`, `updated_at`) VALUES (215, 'RED VELVET ICE', 'VLVTICE01', 'REDVELVET WITH FRESHMILK', 5, 'GELAS', 0.00, 20000.00, 1, 1, NULL, '2025-03-24 06:18:06', '2025-03-24 06:18:06');
INSERT INTO `pr_produk`(`id`, `nama_produk`, `sku`, `deskripsi`, `kategori_id`, `satuan`, `hpp`, `harga_jual`, `monitor_persediaan`, `tampil`, `foto`, `created_at`, `updated_at`) VALUES (216, 'REDPRESSO', 'RDPRS01', 'RED VELVET,FRESHMILK,ESPRESSO (COLD)', 2, 'GELAS', 0.00, 23000.00, 1, 1, NULL, '2025-03-24 06:18:06', '2025-03-24 06:18:06');
INSERT INTO `pr_produk`(`id`, `nama_produk`, `sku`, `deskripsi`, `kategori_id`, `satuan`, `hpp`, `harga_jual`, `monitor_persediaan`, `tampil`, `foto`, `created_at`, `updated_at`) VALUES (217, 'RICE BOWL AYAM CRISPY', 'RAC5', '-', 17, 'PORSI', 0.00, 20000.00, 1, 1, NULL, '2025-03-24 06:18:06', '2025-03-24 06:18:06');
INSERT INTO `pr_produk`(`id`, `nama_produk`, `sku`, `deskripsi`, `kategori_id`, `satuan`, `hpp`, `harga_jual`, `monitor_persediaan`, `tampil`, `foto`, `created_at`, `updated_at`) VALUES (218, 'RICE BOWL DORY CANGGU', 'RDC1', '-', 17, 'PORSI', 0.00, 22000.00, 1, 1, NULL, '2025-03-24 06:18:06', '2025-03-24 06:18:06');
INSERT INTO `pr_produk`(`id`, `nama_produk`, `sku`, `deskripsi`, `kategori_id`, `satuan`, `hpp`, `harga_jual`, `monitor_persediaan`, `tampil`, `foto`, `created_at`, `updated_at`) VALUES (219, 'RICE BOWL KULIT CRISPY', 'RKC3', '-', 17, 'PORSI', 0.00, 18000.00, 1, 1, NULL, '2025-03-24 06:18:06', '2025-03-24 06:18:06');
INSERT INTO `pr_produk`(`id`, `nama_produk`, `sku`, `deskripsi`, `kategori_id`, `satuan`, `hpp`, `harga_jual`, `monitor_persediaan`, `tampil`, `foto`, `created_at`, `updated_at`) VALUES (220, 'RICE BOWL TELUR DADAR', 'RTD2', '-', 17, 'PORSI', 0.00, 15000.00, 1, 1, NULL, '2025-03-24 06:18:06', '2025-03-24 06:18:06');
INSERT INTO `pr_produk`(`id`, `nama_produk`, `sku`, `deskripsi`, `kategori_id`, `satuan`, `hpp`, `harga_jual`, `monitor_persediaan`, `tampil`, `foto`, `created_at`, `updated_at`) VALUES (221, 'ROSE LATTE ICE', 'RLTTI02', '-', 1, 'PORSI', 0.00, 20000.00, 1, 1, NULL, '2025-03-24 06:18:06', '2025-03-24 06:18:06');
INSERT INTO `pr_produk`(`id`, `nama_produk`, `sku`, `deskripsi`, `kategori_id`, `satuan`, `hpp`, `harga_jual`, `monitor_persediaan`, `tampil`, `foto`, `created_at`, `updated_at`) VALUES (222, 'ROTI BAKAR COKLAT', 'RBCKLT3', '-', 15, 'PORSI', 0.00, 16000.00, 1, 1, NULL, '2025-03-24 06:18:06', '2025-03-24 06:18:06');
INSERT INTO `pr_produk`(`id`, `nama_produk`, `sku`, `deskripsi`, `kategori_id`, `satuan`, `hpp`, `harga_jual`, `monitor_persediaan`, `tampil`, `foto`, `created_at`, `updated_at`) VALUES (223, 'ROTI BAKAR COKLAT + KEJU', 'RBCK1', '-', 15, 'PORSI', 0.00, 18000.00, 1, 1, NULL, '2025-03-24 06:18:06', '2025-03-24 06:18:06');
INSERT INTO `pr_produk`(`id`, `nama_produk`, `sku`, `deskripsi`, `kategori_id`, `satuan`, `hpp`, `harga_jual`, `monitor_persediaan`, `tampil`, `foto`, `created_at`, `updated_at`) VALUES (224, 'ROTI BAKAR KEJU', 'RBK2', '-', 15, 'PORSI', 0.00, 17000.00, 1, 1, NULL, '2025-03-24 06:18:06', '2025-03-24 06:18:06');
INSERT INTO `pr_produk`(`id`, `nama_produk`, `sku`, `deskripsi`, `kategori_id`, `satuan`, `hpp`, `harga_jual`, `monitor_persediaan`, `tampil`, `foto`, `created_at`, `updated_at`) VALUES (225, 'RUM DMC', 'RUM', '-', 2, 'PORSI', 0.00, 18000.00, 1, 1, NULL, '2025-03-24 06:18:06', '2025-03-24 06:18:06');
INSERT INTO `pr_produk`(`id`, `nama_produk`, `sku`, `deskripsi`, `kategori_id`, `satuan`, `hpp`, `harga_jual`, `monitor_persediaan`, `tampil`, `foto`, `created_at`, `updated_at`) VALUES (226, 'RUMBULLION ROSE', 'RMBLN', '-', 2, 'PORSI', 0.00, 20000.00, 1, 1, NULL, '2025-03-24 06:18:06', '2025-03-24 06:18:06');
INSERT INTO `pr_produk`(`id`, `nama_produk`, `sku`, `deskripsi`, `kategori_id`, `satuan`, `hpp`, `harga_jual`, `monitor_persediaan`, `tampil`, `foto`, `created_at`, `updated_at`) VALUES (227, 'Sambal Bawang Geprek', 'SBG', 'Sambal Bawang Geprek', 22, 'PORSI', 0.00, 5000.00, 1, 1, NULL, '2025-03-24 06:18:06', '2025-03-24 06:18:06');
INSERT INTO `pr_produk`(`id`, `nama_produk`, `sku`, `deskripsi`, `kategori_id`, `satuan`, `hpp`, `harga_jual`, `monitor_persediaan`, `tampil`, `foto`, `created_at`, `updated_at`) VALUES (228, 'SAMBAL DABU-DABU', 'SMBLDBDB01', '-', 22, 'PORSI', 0.00, 5000.00, 1, 1, NULL, '2025-03-24 06:18:06', '2025-03-24 06:18:06');
INSERT INTO `pr_produk`(`id`, `nama_produk`, `sku`, `deskripsi`, `kategori_id`, `satuan`, `hpp`, `harga_jual`, `monitor_persediaan`, `tampil`, `foto`, `created_at`, `updated_at`) VALUES (229, 'SAMBAL KECAP', 'SMBLKTJ01', '-', 22, 'PORSI', 0.00, 7000.00, 1, 1, NULL, '2025-03-24 06:18:06', '2025-03-24 06:18:06');
INSERT INTO `pr_produk`(`id`, `nama_produk`, `sku`, `deskripsi`, `kategori_id`, `satuan`, `hpp`, `harga_jual`, `monitor_persediaan`, `tampil`, `foto`, `created_at`, `updated_at`) VALUES (230, 'SAMBAL MATAH', 'SMBLMTH', '-', 22, 'PORSI', 0.00, 6000.00, 1, 1, NULL, '2025-03-24 06:18:06', '2025-03-24 06:18:06');
INSERT INTO `pr_produk`(`id`, `nama_produk`, `sku`, `deskripsi`, `kategori_id`, `satuan`, `hpp`, `harga_jual`, `monitor_persediaan`, `tampil`, `foto`, `created_at`, `updated_at`) VALUES (231, 'SATE AYAM', 'STAYM', '-', 26, 'PORSI', 0.00, 35000.00, 1, 1, NULL, '2025-03-24 06:18:06', '2025-03-24 06:18:06');
INSERT INTO `pr_produk`(`id`, `nama_produk`, `sku`, `deskripsi`, `kategori_id`, `satuan`, `hpp`, `harga_jual`, `monitor_persediaan`, `tampil`, `foto`, `created_at`, `updated_at`) VALUES (232, 'SAUCE BANGKOK', 'SCBNGK01', '-', 22, 'PORSI', 0.00, 5000.00, 1, 1, NULL, '2025-03-24 06:18:06', '2025-03-24 06:18:06');
INSERT INTO `pr_produk`(`id`, `nama_produk`, `sku`, `deskripsi`, `kategori_id`, `satuan`, `hpp`, `harga_jual`, `monitor_persediaan`, `tampil`, `foto`, `created_at`, `updated_at`) VALUES (233, 'SHOCK PRESSO', 'SCKPRSS9', '-', 3, 'PORSI', 0.00, 20000.00, 1, 1, NULL, '2025-03-24 06:18:06', '2025-03-24 06:18:06');
INSERT INTO `pr_produk`(`id`, `nama_produk`, `sku`, `deskripsi`, `kategori_id`, `satuan`, `hpp`, `harga_jual`, `monitor_persediaan`, `tampil`, `foto`, `created_at`, `updated_at`) VALUES (234, 'SINGLE ESPRESSO', 'ESP01', '-', 1, 'GELAS', 0.00, 15000.00, 1, 1, NULL, '2025-03-24 06:18:06', '2025-03-24 06:18:06');
INSERT INTO `pr_produk`(`id`, `nama_produk`, `sku`, `deskripsi`, `kategori_id`, `satuan`, `hpp`, `harga_jual`, `monitor_persediaan`, `tampil`, `foto`, `created_at`, `updated_at`) VALUES (235, 'SIRLOIN STEAK MELTIQUE', 'SSM018', 'sirloin meltique blue label, hand cut fries, salad & dressing, barbeque sauce', 14, 'PORSI', 0.00, 90000.00, 1, 1, NULL, '2025-03-24 06:18:06', '2025-03-24 06:18:06');
INSERT INTO `pr_produk`(`id`, `nama_produk`, `sku`, `deskripsi`, `kategori_id`, `satuan`, `hpp`, `harga_jual`, `monitor_persediaan`, `tampil`, `foto`, `created_at`, `updated_at`) VALUES (236, 'SMOKED FISH SOUP KELO MRICO', 'SMKDFSH', 'TANPA NASI', 11, 'PORSI', 0.00, 22000.00, 1, 1, NULL, '2025-03-24 06:18:06', '2025-03-24 06:18:06');
INSERT INTO `pr_produk`(`id`, `nama_produk`, `sku`, `deskripsi`, `kategori_id`, `satuan`, `hpp`, `harga_jual`, `monitor_persediaan`, `tampil`, `foto`, `created_at`, `updated_at`) VALUES (237, 'SMOKED FISH SOUP KELO MRICO + NASI', 'SFSKM011', 'smoked fish, light broth of kelo mrico hot pepper & ginger served with steam rice', 11, 'PORSI', 0.00, 25000.00, 1, 1, NULL, '2025-03-24 06:18:06', '2025-03-24 06:18:06');
INSERT INTO `pr_produk`(`id`, `nama_produk`, `sku`, `deskripsi`, `kategori_id`, `satuan`, `hpp`, `harga_jual`, `monitor_persediaan`, `tampil`, `foto`, `created_at`, `updated_at`) VALUES (238, 'SNACK BOX', 'SNCKBX01', '-', 26, 'BOX', 0.00, 13000.00, 1, 1, NULL, '2025-03-24 06:18:06', '2025-03-24 06:18:06');
INSERT INTO `pr_produk`(`id`, `nama_produk`, `sku`, `deskripsi`, `kategori_id`, `satuan`, `hpp`, `harga_jual`, `monitor_persediaan`, `tampil`, `foto`, `created_at`, `updated_at`) VALUES (239, 'SNACK BOX MIX', 'SNCKBX', '-', 26, 'PORSI', 0.00, 15000.00, 1, 1, NULL, '2025-03-24 06:18:06', '2025-03-24 06:18:06');
INSERT INTO `pr_produk`(`id`, `nama_produk`, `sku`, `deskripsi`, `kategori_id`, `satuan`, `hpp`, `harga_jual`, `monitor_persediaan`, `tampil`, `foto`, `created_at`, `updated_at`) VALUES (240, 'SNACKBOX', 'Snck011', 'Snackbox', 26, 'BOKS', 0.00, 12500.00, 1, 1, NULL, '2025-03-24 06:18:06', '2025-03-24 06:18:06');
INSERT INTO `pr_produk`(`id`, `nama_produk`, `sku`, `deskripsi`, `kategori_id`, `satuan`, `hpp`, `harga_jual`, `monitor_persediaan`, `tampil`, `foto`, `created_at`, `updated_at`) VALUES (241, 'SOYU RAMEN', 'SYRMN01', 'JAPANESE NOODLE RAMEN LIGHT SOY GINGER BROTH BOILED EGG WITH BEEF SHORT PLATE', 13, 'PORSI', 0.00, 38000.00, 1, 1, NULL, '2025-03-24 06:18:06', '2025-03-24 06:18:06');
INSERT INTO `pr_produk`(`id`, `nama_produk`, `sku`, `deskripsi`, `kategori_id`, `satuan`, `hpp`, `harga_jual`, `monitor_persediaan`, `tampil`, `foto`, `created_at`, `updated_at`) VALUES (242, 'SPAGHETTI AGLIO E O LIO CON POLLO', 'SAECP013', 'garlic & pepper aromatic, deep fry chicken', 14, 'PORSI', 0.00, 25000.00, 1, 1, NULL, '2025-03-24 06:18:06', '2025-03-24 06:18:06');
INSERT INTO `pr_produk`(`id`, `nama_produk`, `sku`, `deskripsi`, `kategori_id`, `satuan`, `hpp`, `harga_jual`, `monitor_persediaan`, `tampil`, `foto`, `created_at`, `updated_at`) VALUES (243, 'SPAGHETTI ALFREDO DI CREMA', 'SADC014', 'creamy & cheese base with smoked beef', 14, 'PORSI', 0.00, 32000.00, 1, 1, NULL, '2025-03-24 06:18:06', '2025-03-24 06:18:06');
INSERT INTO `pr_produk`(`id`, `nama_produk`, `sku`, `deskripsi`, `kategori_id`, `satuan`, `hpp`, `harga_jual`, `monitor_persediaan`, `tampil`, `foto`, `created_at`, `updated_at`) VALUES (244, 'SPAGHETTI BOLOGNESE', 'SB015', 'mix beef ragu bolognese & cheese on top ', 14, 'PORSI', 0.00, 28000.00, 1, 1, NULL, '2025-03-24 06:18:06', '2025-03-24 06:18:06');
INSERT INTO `pr_produk`(`id`, `nama_produk`, `sku`, `deskripsi`, `kategori_id`, `satuan`, `hpp`, `harga_jual`, `monitor_persediaan`, `tampil`, `foto`, `created_at`, `updated_at`) VALUES (245, 'SPAGHETTI DORY BALINESE', 'BALNESE', '-', 14, 'PORSI', 0.00, 25000.00, 1, 1, NULL, '2025-03-24 06:18:06', '2025-03-24 06:18:06');
INSERT INTO `pr_produk`(`id`, `nama_produk`, `sku`, `deskripsi`, `kategori_id`, `satuan`, `hpp`, `harga_jual`, `monitor_persediaan`, `tampil`, `foto`, `created_at`, `updated_at`) VALUES (246, 'SPARKLING LYCHEE', 'SPRKLYC01', 'LYCHEE,LIME JUICE,SODA,MINT (COLD)', 4, 'GELAS', 0.00, 18000.00, 1, 1, NULL, '2025-03-24 06:18:06', '2025-03-24 06:18:06');
INSERT INTO `pr_produk`(`id`, `nama_produk`, `sku`, `deskripsi`, `kategori_id`, `satuan`, `hpp`, `harga_jual`, `monitor_persediaan`, `tampil`, `foto`, `created_at`, `updated_at`) VALUES (247, 'SPARKLING STRAWBERRY', 'SPRKST01', 'STRAWBERRY,SODA WATER,MINT,LIME JUICE (COLD)', 4, 'GELAS', 0.00, 18000.00, 1, 1, NULL, '2025-03-24 06:18:06', '2025-03-24 06:18:06');
INSERT INTO `pr_produk`(`id`, `nama_produk`, `sku`, `deskripsi`, `kategori_id`, `satuan`, `hpp`, `harga_jual`, `monitor_persediaan`, `tampil`, `foto`, `created_at`, `updated_at`) VALUES (248, 'SPECIAL TUESDAY', 'SDSA11', 'AYAM SONGKEM + BLACK TEA', 26, 'PAKET', 0.00, 35000.00, 1, 1, NULL, '2025-03-24 06:18:06', '2025-03-24 06:18:06');
INSERT INTO `pr_produk`(`id`, `nama_produk`, `sku`, `deskripsi`, `kategori_id`, `satuan`, `hpp`, `harga_jual`, `monitor_persediaan`, `tampil`, `foto`, `created_at`, `updated_at`) VALUES (249, 'SPICY RAMYEON', 'RMYEON', '-', 13, 'PORSI', 0.00, 32000.00, 1, 1, NULL, '2025-03-24 06:18:06', '2025-03-24 06:18:06');
INSERT INTO `pr_produk`(`id`, `nama_produk`, `sku`, `deskripsi`, `kategori_id`, `satuan`, `hpp`, `harga_jual`, `monitor_persediaan`, `tampil`, `foto`, `created_at`, `updated_at`) VALUES (250, 'SPICY TONGSENG LAMB CHOP ', 'LMCB', 'TANPA NASI', 11, 'PORSI', 0.00, 65000.00, 1, 1, NULL, '2025-03-24 06:18:06', '2025-03-24 06:18:06');
INSERT INTO `pr_produk`(`id`, `nama_produk`, `sku`, `deskripsi`, `kategori_id`, `satuan`, `hpp`, `harga_jual`, `monitor_persediaan`, `tampil`, `foto`, `created_at`, `updated_at`) VALUES (251, 'SPICY TONGSENG LAMB CHOP + NASI', 'STLC009', 'pan grill lamb chop, spicy tongseng broth, cabbage served with rice & condiment side dish', 11, 'GRUP', 0.00, 68000.00, 1, 1, NULL, '2025-03-24 06:18:06', '2025-03-24 06:18:06');
INSERT INTO `pr_produk`(`id`, `nama_produk`, `sku`, `deskripsi`, `kategori_id`, `satuan`, `hpp`, `harga_jual`, `monitor_persediaan`, `tampil`, `foto`, `created_at`, `updated_at`) VALUES (252, 'ST BY LIS', 'ST66', '-', 2, 'PORSI', 0.00, 22000.00, 1, 1, NULL, '2025-03-24 06:18:06', '2025-03-24 06:18:06');
INSERT INTO `pr_produk`(`id`, `nama_produk`, `sku`, `deskripsi`, `kategori_id`, `satuan`, `hpp`, `harga_jual`, `monitor_persediaan`, `tampil`, `foto`, `created_at`, `updated_at`) VALUES (253, 'STEAM RICE', 'SR001', '-', 21, 'PORSI', 0.00, 6000.00, 1, 1, NULL, '2025-03-24 06:18:06', '2025-03-24 06:18:06');
INSERT INTO `pr_produk`(`id`, `nama_produk`, `sku`, `deskripsi`, `kategori_id`, `satuan`, `hpp`, `harga_jual`, `monitor_persediaan`, `tampil`, `foto`, `created_at`, `updated_at`) VALUES (254, 'STRAWBERRY CREAM CHEESE', 'CHSSTRW01', 'STRAWBERRY,FRESHMILK,CHEESE,WHIPPING CREAM (COLD)', 6, 'GELAS', 0.00, 22000.00, 1, 1, NULL, '2025-03-24 06:18:06', '2025-03-24 06:18:06');
INSERT INTO `pr_produk`(`id`, `nama_produk`, `sku`, `deskripsi`, `kategori_id`, `satuan`, `hpp`, `harga_jual`, `monitor_persediaan`, `tampil`, `foto`, `created_at`, `updated_at`) VALUES (255, 'STRAWBERRY ICE CREAM', 'STRIC01', '-', 9, 'GELAS', 0.00, 20000.00, 1, 1, NULL, '2025-03-24 06:18:06', '2025-03-24 06:18:06');
INSERT INTO `pr_produk`(`id`, `nama_produk`, `sku`, `deskripsi`, `kategori_id`, `satuan`, `hpp`, `harga_jual`, `monitor_persediaan`, `tampil`, `foto`, `created_at`, `updated_at`) VALUES (256, 'STRAWBERRY LATTE', 'STRWBRY00', 'STRAWBERRY,FRESHMILK,ESPRESSO (COLD)', 2, 'GELAS', 0.00, 21000.00, 1, 1, NULL, '2025-03-24 06:18:06', '2025-03-24 06:18:06');
INSERT INTO `pr_produk`(`id`, `nama_produk`, `sku`, `deskripsi`, `kategori_id`, `satuan`, `hpp`, `harga_jual`, `monitor_persediaan`, `tampil`, `foto`, `created_at`, `updated_at`) VALUES (257, 'STRAWBERRY SMOOTHIES', 'SMTHS01', 'FRESH STRAWBERRY FRUIT,FRESHMILK', 6, 'GELAS', 0.00, 21000.00, 1, 1, NULL, '2025-03-24 06:18:06', '2025-03-24 06:18:06');
INSERT INTO `pr_produk`(`id`, `nama_produk`, `sku`, `deskripsi`, `kategori_id`, `satuan`, `hpp`, `harga_jual`, `monitor_persediaan`, `tampil`, `foto`, `created_at`, `updated_at`) VALUES (258, 'STRAWBERRY TEA ICE', 'STRBRTE01', 'SWEET BLACK TEA WITH STRAWBERRY', 7, 'GELAS', 0.00, 17000.00, 1, 1, NULL, '2025-03-24 06:18:06', '2025-03-24 06:18:06');
INSERT INTO `pr_produk`(`id`, `nama_produk`, `sku`, `deskripsi`, `kategori_id`, `satuan`, `hpp`, `harga_jual`, `monitor_persediaan`, `tampil`, `foto`, `created_at`, `updated_at`) VALUES (259, 'STRAWPINEAPPLE', 'STRWPNPL01', '-', 6, 'GELAS', 0.00, 20000.00, 1, 1, NULL, '2025-03-24 06:18:06', '2025-03-24 06:18:06');
INSERT INTO `pr_produk`(`id`, `nama_produk`, `sku`, `deskripsi`, `kategori_id`, `satuan`, `hpp`, `harga_jual`, `monitor_persediaan`, `tampil`, `foto`, `created_at`, `updated_at`) VALUES (260, 'SUMMER BREEZE ', 'SMBRZ', '-', 9, 'PCS', 0.00, 6500.00, 1, 1, NULL, '2025-03-24 06:18:06', '2025-03-24 06:18:06');
INSERT INTO `pr_produk`(`id`, `nama_produk`, `sku`, `deskripsi`, `kategori_id`, `satuan`, `hpp`, `harga_jual`, `monitor_persediaan`, `tampil`, `foto`, `created_at`, `updated_at`) VALUES (261, 'SUP IGA REMPAH', 'TUHD1', 'TANPA NASI', 11, 'PORSI', 0.00, 45000.00, 1, 1, NULL, '2025-03-24 06:18:06', '2025-03-24 06:18:06');
INSERT INTO `pr_produk`(`id`, `nama_produk`, `sku`, `deskripsi`, `kategori_id`, `satuan`, `hpp`, `harga_jual`, `monitor_persediaan`, `tampil`, `foto`, `created_at`, `updated_at`) VALUES (262, 'SUP IGA REMPAH + NASI', 'SIR003', '8 hour slow cook beef short ribs, clear beef broth, potato, carrot, emping crackers & sambal ijo ', 11, 'PORSI', 0.00, 48000.00, 1, 1, NULL, '2025-03-24 06:18:06', '2025-03-24 06:18:06');
INSERT INTO `pr_produk`(`id`, `nama_produk`, `sku`, `deskripsi`, `kategori_id`, `satuan`, `hpp`, `harga_jual`, `monitor_persediaan`, `tampil`, `foto`, `created_at`, `updated_at`) VALUES (263, 'SUPER SUMMER', 'SPR2', '-', 4, 'PORSI', 0.00, 18000.00, 1, 1, NULL, '2025-03-24 06:18:06', '2025-03-24 06:18:06');
INSERT INTO `pr_produk`(`id`, `nama_produk`, `sku`, `deskripsi`, `kategori_id`, `satuan`, `hpp`, `harga_jual`, `monitor_persediaan`, `tampil`, `foto`, `created_at`, `updated_at`) VALUES (264, 'TAHU CABE GARAM', 'TCG05', 'CRISPY TOFU WITH SALTED AND CHILLI PAPPER CINESE STYLE', 15, 'PORSI', 0.00, 18000.00, 1, 1, NULL, '2025-03-24 06:18:06', '2025-03-24 06:18:06');
INSERT INTO `pr_produk`(`id`, `nama_produk`, `sku`, `deskripsi`, `kategori_id`, `satuan`, `hpp`, `harga_jual`, `monitor_persediaan`, `tampil`, `foto`, `created_at`, `updated_at`) VALUES (265, 'TAR-TAR MAYO', 'TRTRMY01', '-', 22, 'PORSI', 0.00, 7000.00, 1, 1, NULL, '2025-03-24 06:18:06', '2025-03-24 06:18:06');
INSERT INTO `pr_produk`(`id`, `nama_produk`, `sku`, `deskripsi`, `kategori_id`, `satuan`, `hpp`, `harga_jual`, `monitor_persediaan`, `tampil`, `foto`, `created_at`, `updated_at`) VALUES (266, 'TELOR', 'TLR01', '-', 23, 'PORSI', 0.00, 5000.00, 1, 1, NULL, '2025-03-24 06:18:06', '2025-03-24 06:18:06');
INSERT INTO `pr_produk`(`id`, `nama_produk`, `sku`, `deskripsi`, `kategori_id`, `satuan`, `hpp`, `harga_jual`, `monitor_persediaan`, `tampil`, `foto`, `created_at`, `updated_at`) VALUES (267, 'TERIYAKI SAUCE', 'TRYKSC01', '-', 22, 'PORSI', 0.00, 6000.00, 1, 1, NULL, '2025-03-24 06:18:06', '2025-03-24 06:18:06');
INSERT INTO `pr_produk`(`id`, `nama_produk`, `sku`, `deskripsi`, `kategori_id`, `satuan`, `hpp`, `harga_jual`, `monitor_persediaan`, `tampil`, `foto`, `created_at`, `updated_at`) VALUES (268, 'THAI SALAD', 'THI2', '-', 19, 'PORSI', 0.00, 25000.00, 1, 1, NULL, '2025-03-24 06:18:06', '2025-03-24 06:18:06');
INSERT INTO `pr_produk`(`id`, `nama_produk`, `sku`, `deskripsi`, `kategori_id`, `satuan`, `hpp`, `harga_jual`, `monitor_persediaan`, `tampil`, `foto`, `created_at`, `updated_at`) VALUES (269, 'TIRAMISU HOT', 'TRMTSHT01', 'TIRAMISU WITH FRESHMILK', 5, 'GELAS', 0.00, 19000.00, 1, 1, NULL, '2025-03-24 06:18:06', '2025-03-24 06:18:06');
INSERT INTO `pr_produk`(`id`, `nama_produk`, `sku`, `deskripsi`, `kategori_id`, `satuan`, `hpp`, `harga_jual`, `monitor_persediaan`, `tampil`, `foto`, `created_at`, `updated_at`) VALUES (270, 'TIRAMISU ICE', 'TRMTSICE01', 'TIRAMITSU,FRESHMILK (COLD)', 5, 'GELAS', 0.00, 20000.00, 1, 1, NULL, '2025-03-24 06:18:06', '2025-03-24 06:18:06');
INSERT INTO `pr_produk`(`id`, `nama_produk`, `sku`, `deskripsi`, `kategori_id`, `satuan`, `hpp`, `harga_jual`, `monitor_persediaan`, `tampil`, `foto`, `created_at`, `updated_at`) VALUES (271, 'TORI PAITAN RAMEN', 'TPRMN', 'JAPANESSE NOODLE (RAMEN) STOCK BROTH, MUSHROOM BOILED EGG CHICKEN KATSU', 13, 'PORSI', 0.00, 35000.00, 1, 1, NULL, '2025-03-24 06:18:06', '2025-03-24 06:18:06');
INSERT INTO `pr_produk`(`id`, `nama_produk`, `sku`, `deskripsi`, `kategori_id`, `satuan`, `hpp`, `harga_jual`, `monitor_persediaan`, `tampil`, `foto`, `created_at`, `updated_at`) VALUES (272, 'UPGRADE ARABIAN RICE', 'UPARBNRC', '-', 21, 'PORSI', 0.00, 9000.00, 1, 1, NULL, '2025-03-24 06:18:06', '2025-03-24 06:18:06');
INSERT INTO `pr_produk`(`id`, `nama_produk`, `sku`, `deskripsi`, `kategori_id`, `satuan`, `hpp`, `harga_jual`, `monitor_persediaan`, `tampil`, `foto`, `created_at`, `updated_at`) VALUES (273, 'UPGRADE BASE GEDE RICE', 'UPBSGD', '-', 21, 'PORSI', 0.00, 5000.00, 1, 1, NULL, '2025-03-24 06:18:06', '2025-03-24 06:18:06');
INSERT INTO `pr_produk`(`id`, `nama_produk`, `sku`, `deskripsi`, `kategori_id`, `satuan`, `hpp`, `harga_jual`, `monitor_persediaan`, `tampil`, `foto`, `created_at`, `updated_at`) VALUES (274, 'UPGRADE GARLIC KEMANGI RICE', 'UPGRLCKM', '-', 21, 'PORSI', 0.00, 3000.00, 1, 1, NULL, '2025-03-24 06:18:06', '2025-03-24 06:18:06');
INSERT INTO `pr_produk`(`id`, `nama_produk`, `sku`, `deskripsi`, `kategori_id`, `satuan`, `hpp`, `harga_jual`, `monitor_persediaan`, `tampil`, `foto`, `created_at`, `updated_at`) VALUES (275, 'UPGRADE YAKIMEZHI RICE', 'UPYKMZ', '-', 21, 'PORSI', 0.00, 10000.00, 1, 1, NULL, '2025-03-24 06:18:06', '2025-03-24 06:18:06');
INSERT INTO `pr_produk`(`id`, `nama_produk`, `sku`, `deskripsi`, `kategori_id`, `satuan`, `hpp`, `harga_jual`, `monitor_persediaan`, `tampil`, `foto`, `created_at`, `updated_at`) VALUES (276, 'V60 JAPANESE', 'JPNS00', '-', 1, 'GELAS', 0.00, 21000.00, 1, 1, NULL, '2025-03-24 06:18:06', '2025-03-24 06:18:06');
INSERT INTO `pr_produk`(`id`, `nama_produk`, `sku`, `deskripsi`, `kategori_id`, `satuan`, `hpp`, `harga_jual`, `monitor_persediaan`, `tampil`, `foto`, `created_at`, `updated_at`) VALUES (277, 'VANILLA LATTE HOT', 'VLH02', '-', 1, 'PORSI', 0.00, 21000.00, 1, 1, NULL, '2025-03-24 06:18:06', '2025-03-24 06:18:06');
INSERT INTO `pr_produk`(`id`, `nama_produk`, `sku`, `deskripsi`, `kategori_id`, `satuan`, `hpp`, `harga_jual`, `monitor_persediaan`, `tampil`, `foto`, `created_at`, `updated_at`) VALUES (278, 'VANILLA LATTE ICE', 'VLI01', '-', 1, 'PORSI', 0.00, 23000.00, 1, 1, NULL, '2025-03-24 06:18:06', '2025-03-24 06:18:06');
INSERT INTO `pr_produk`(`id`, `nama_produk`, `sku`, `deskripsi`, `kategori_id`, `satuan`, `hpp`, `harga_jual`, `monitor_persediaan`, `tampil`, `foto`, `created_at`, `updated_at`) VALUES (279, 'VIETNAM DRIP', 'VTNMDRP01', '-', 1, 'GELAS', 0.00, 17000.00, 1, 1, NULL, '2025-03-24 06:18:06', '2025-03-24 06:18:06');
INSERT INTO `pr_produk`(`id`, `nama_produk`, `sku`, `deskripsi`, `kategori_id`, `satuan`, `hpp`, `harga_jual`, `monitor_persediaan`, `tampil`, `foto`, `created_at`, `updated_at`) VALUES (280, 'VIRGIN MOJITOS', 'VRGNMJTS', 'MINT,LIME JUICE,SODA WATER', 4, 'GELAS', 0.00, 18000.00, 1, 1, NULL, '2025-03-24 06:18:06', '2025-03-24 06:18:06');
INSERT INTO `pr_produk`(`id`, `nama_produk`, `sku`, `deskripsi`, `kategori_id`, `satuan`, `hpp`, `harga_jual`, `monitor_persediaan`, `tampil`, `foto`, `created_at`, `updated_at`) VALUES (281, 'VOLCANO ROLL', 'VLCN01', 'SUSHI ROLL FILL CHICKEN TEMPURA,CRAB STICK,CUCUMBER WITH VOLCANO SAUCE ON TOP', 13, 'PORSI', 0.00, 25000.00, 1, 1, NULL, '2025-03-24 06:18:06', '2025-03-24 06:18:06');
INSERT INTO `pr_produk`(`id`, `nama_produk`, `sku`, `deskripsi`, `kategori_id`, `satuan`, `hpp`, `harga_jual`, `monitor_persediaan`, `tampil`, `foto`, `created_at`, `updated_at`) VALUES (282, 'WEDANG  UWUH', 'WDNGUWH', 'REMPAH WEDANG UWUH', 8, 'GELAS', 0.00, 15000.00, 1, 1, NULL, '2025-03-24 06:18:06', '2025-03-24 06:18:06');
INSERT INTO `pr_produk`(`id`, `nama_produk`, `sku`, `deskripsi`, `kategori_id`, `satuan`, `hpp`, `harga_jual`, `monitor_persediaan`, `tampil`, `foto`, `created_at`, `updated_at`) VALUES (283, 'WEDANG JAHE', 'WDNGJH01', '-', 8, 'GELAS', 0.00, 14000.00, 1, 1, NULL, '2025-03-24 06:18:06', '2025-03-24 06:18:06');
INSERT INTO `pr_produk`(`id`, `nama_produk`, `sku`, `deskripsi`, `kategori_id`, `satuan`, `hpp`, `harga_jual`, `monitor_persediaan`, `tampil`, `foto`, `created_at`, `updated_at`) VALUES (284, 'WEDANG JAHE SUSU', 'WDNGJHSS01', '-', 8, 'GELAS', 0.00, 15000.00, 1, 1, NULL, '2025-03-24 06:18:06', '2025-03-24 06:18:06');
INSERT INTO `pr_produk`(`id`, `nama_produk`, `sku`, `deskripsi`, `kategori_id`, `satuan`, `hpp`, `harga_jual`, `monitor_persediaan`, `tampil`, `foto`, `created_at`, `updated_at`) VALUES (285, 'YAKI UDON TONKATSU 20%', 'YKUDN01', 'FRIED JAPANESE NOODLE UDON GLAZED TONKATSU SAUCE AND BEEF SHORT PLATE', 13, 'PORSI', 0.00, 30000.00, 1, 1, NULL, '2025-03-24 06:18:06', '2025-03-24 06:18:06');
INSERT INTO `pr_produk`(`id`, `nama_produk`, `sku`, `deskripsi`, `kategori_id`, `satuan`, `hpp`, `harga_jual`, `monitor_persediaan`, `tampil`, `foto`, `created_at`, `updated_at`) VALUES (286, 'YAKIMESHI RICE', 'YR16K', '-', 21, 'PORSI', 0.00, 16000.00, 1, 1, NULL, '2025-03-24 06:18:06', '2025-03-24 06:18:06');
INSERT INTO `pr_produk`(`id`, `nama_produk`, `sku`, `deskripsi`, `kategori_id`, `satuan`, `hpp`, `harga_jual`, `monitor_persediaan`, `tampil`, `foto`, `created_at`, `updated_at`) VALUES (287, 'YAKINIKU SUSHI ROLL', 'YKNKBF01', 'SUSHI ROLL FILL BEEF SHORT PLATE YAKINIKU, CUCUMBER,CRACKERS,KATSUOBUSHI', 13, 'PORSI', 0.00, 28000.00, 1, 1, NULL, '2025-03-24 06:18:06', '2025-03-24 06:18:06');
INSERT INTO `pr_produk`(`id`, `nama_produk`, `sku`, `deskripsi`, `kategori_id`, `satuan`, `hpp`, `harga_jual`, `monitor_persediaan`, `tampil`, `foto`, `created_at`, `updated_at`) VALUES (288, 'YANG CHOW FRIED RICE', 'YNGCHW01', 'CHINESE WOK FRIED RICE,SMOKE BEEF, SUNNY SIDE UP EGG,CRACKERS', 12, 'PORSI', 0.00, 25000.00, 1, 1, NULL, '2025-03-24 06:18:06', '2025-03-24 06:18:06');
INSERT INTO `pr_produk`(`id`, `nama_produk`, `sku`, `deskripsi`, `kategori_id`, `satuan`, `hpp`, `harga_jual`, `monitor_persediaan`, `tampil`, `foto`, `created_at`, `updated_at`) VALUES (301, 'CLEO 1 KARTON', 'KRTN', '-', 26, 'Karton', 0.00, 30000.00, 1, 1, NULL, '2025-03-26 00:15:09', '2025-03-26 00:15:09');
INSERT INTO `pr_produk`(`id`, `nama_produk`, `sku`, `deskripsi`, `kategori_id`, `satuan`, `hpp`, `harga_jual`, `monitor_persediaan`, `tampil`, `foto`, `created_at`, `updated_at`) VALUES (302, 'CLEO BOTOL 1 KARTON', 'BTLKRTN', '-', 26, 'Karton', 0.00, 45000.00, 1, 1, NULL, '2025-03-26 00:15:09', '2025-03-26 00:15:09');
INSERT INTO `pr_produk`(`id`, `nama_produk`, `sku`, `deskripsi`, `kategori_id`, `satuan`, `hpp`, `harga_jual`, `monitor_persediaan`, `tampil`, `foto`, `created_at`, `updated_at`) VALUES (304, 'LE MINERAL BOTOL KARTON', 'LMNRL', '-', 27, 'Karton', 0.00, 65000.00, 1, 1, NULL, '2025-03-26 00:15:10', '2025-03-26 00:15:10');
INSERT INTO `pr_produk`(`id`, `nama_produk`, `sku`, `deskripsi`, `kategori_id`, `satuan`, `hpp`, `harga_jual`, `monitor_persediaan`, `tampil`, `foto`, `created_at`, `updated_at`) VALUES (305, 'NASI BOX AYAM CRISPY', 'NSBX', '-', 26, 'BOX', 0.00, 25000.00, 1, 1, NULL, '2025-03-26 00:15:10', '2025-03-26 00:15:10');
INSERT INTO `pr_produk`(`id`, `nama_produk`, `sku`, `deskripsi`, `kategori_id`, `satuan`, `hpp`, `harga_jual`, `monitor_persediaan`, `tampil`, `foto`, `created_at`, `updated_at`) VALUES (306, 'NASI BOX BEEF', 'BEEF', '-', 26, 'Porsi', 0.00, 30000.00, 1, 1, NULL, '2025-03-26 00:15:11', '2025-03-26 00:15:11');
INSERT INTO `pr_produk`(`id`, `nama_produk`, `sku`, `deskripsi`, `kategori_id`, `satuan`, `hpp`, `harga_jual`, `monitor_persediaan`, `tampil`, `foto`, `created_at`, `updated_at`) VALUES (307, 'NIKI UDON', 'NKIUDN', '-', 26, 'PORSI', 0.00, 35000.00, 1, 1, NULL, '2025-03-26 00:15:11', '2025-03-26 00:15:11');
INSERT INTO `pr_produk`(`id`, `nama_produk`, `sku`, `deskripsi`, `kategori_id`, `satuan`, `hpp`, `harga_jual`, `monitor_persediaan`, `tampil`, `foto`, `created_at`, `updated_at`) VALUES (308, 'PAKET AYAM HEMAT', 'PAH01', '1 PAKET AYAM  + ICE/HOT BLACK TEA ', 27, 'PAKET', 0.00, 25000.00, 1, 1, NULL, '2025-03-26 00:15:11', '2025-03-26 00:15:11');
INSERT INTO `pr_produk`(`id`, `nama_produk`, `sku`, `deskripsi`, `kategori_id`, `satuan`, `hpp`, `harga_jual`, `monitor_persediaan`, `tampil`, `foto`, `created_at`, `updated_at`) VALUES (309, 'PAKET BERDUA BERKAH ', 'PAG2', '2 GRILL BEEF SHORTPLATE, 2 VIRGIN MOJITOS,  1 MENDOAN ', 27, 'PAKET', 0.00, 80000.00, 1, 1, NULL, '2025-03-26 00:15:12', '2025-03-26 00:15:12');
INSERT INTO `pr_produk`(`id`, `nama_produk`, `sku`, `deskripsi`, `kategori_id`, `satuan`, `hpp`, `harga_jual`, `monitor_persediaan`, `tampil`, `foto`, `created_at`, `updated_at`) VALUES (310, 'PAKET BUKA SANTUY', 'IFTR02', 'AYAM BAKAR + BLUEPEA TEA 32rb', 27, 'PAKET', 0.00, 32000.00, 1, 1, NULL, '2025-03-26 00:15:12', '2025-03-26 00:15:12');
INSERT INTO `pr_produk`(`id`, `nama_produk`, `sku`, `deskripsi`, `kategori_id`, `satuan`, `hpp`, `harga_jual`, `monitor_persediaan`, `tampil`, `foto`, `created_at`, `updated_at`) VALUES (311, 'PAKET BUKBER SQUAD ', 'IFTR01', '5 IGA BAKAR MADU, 5 LEMONGRASS TEA, 1 MENDOAN, 1 TAHU CABE GARAM ', 27, 'Paket', 0.00, 250000.00, 1, 1, NULL, '2025-03-26 00:15:13', '2025-03-26 00:15:13');
INSERT INTO `pr_produk`(`id`, `nama_produk`, `sku`, `deskripsi`, `kategori_id`, `satuan`, `hpp`, `harga_jual`, `monitor_persediaan`, `tampil`, `foto`, `created_at`, `updated_at`) VALUES (312, 'PAKET MANIS RAMADAN', 'CHA', 'CHOCO BANANA CREPES & AMERICANO HOT', 27, 'Paket', 0.00, 25000.00, 1, 1, NULL, '2025-03-26 00:15:13', '2025-03-26 00:15:13');
INSERT INTO `pr_produk`(`id`, `nama_produk`, `sku`, `deskripsi`, `kategori_id`, `satuan`, `hpp`, `harga_jual`, `monitor_persediaan`, `tampil`, `foto`, `created_at`, `updated_at`) VALUES (313, 'PAKET PADANG PASIR', 'IFTR03', '-', 27, 'PAKET', 0.00, 200000.00, 1, 1, NULL, '2025-03-26 00:15:13', '2025-03-26 00:15:13');
INSERT INTO `pr_produk`(`id`, `nama_produk`, `sku`, `deskripsi`, `kategori_id`, `satuan`, `hpp`, `harga_jual`, `monitor_persediaan`, `tampil`, `foto`, `created_at`, `updated_at`) VALUES (314, 'SIOMAY', 'SMY', '-', 26, 'Porsi', 0.00, 15000.00, 1, 1, NULL, '2025-03-26 00:15:14', '2025-03-26 00:15:14');
INSERT INTO `pr_produk`(`id`, `nama_produk`, `sku`, `deskripsi`, `kategori_id`, `satuan`, `hpp`, `harga_jual`, `monitor_persediaan`, `tampil`, `foto`, `created_at`, `updated_at`) VALUES (315, 'SNACK  10RB', 'SNACK', '-', 26, 'Porsi', 0.00, 10000.00, 1, 1, NULL, '2025-03-26 00:15:14', '2025-03-26 00:15:14');
INSERT INTO `pr_produk`(`id`, `nama_produk`, `sku`, `deskripsi`, `kategori_id`, `satuan`, `hpp`, `harga_jual`, `monitor_persediaan`, `tampil`, `foto`, `created_at`, `updated_at`) VALUES (316, 'SPONGEBOB STIK', 'spngbb', '-', 9, 'pcs', 0.00, 6000.00, 1, 1, NULL, '2025-03-26 00:15:15', '2025-03-26 00:15:15');
INSERT INTO `pr_produk`(`id`, `nama_produk`, `sku`, `deskripsi`, `kategori_id`, `satuan`, `hpp`, `harga_jual`, `monitor_persediaan`, `tampil`, `foto`, `created_at`, `updated_at`) VALUES (317, 'SUMASHIJIRU UDON', 'SMSHJR', '-', 26, 'PORSI', 0.00, 30000.00, 1, 1, NULL, '2025-03-26 00:15:15', '2025-03-26 00:15:15');
INSERT INTO `pr_produk`(`id`, `nama_produk`, `sku`, `deskripsi`, `kategori_id`, `satuan`, `hpp`, `harga_jual`, `monitor_persediaan`, `tampil`, `foto`, `created_at`, `updated_at`) VALUES (318, 'SUSHI EVEN', 'SE', '-', 26, 'porsi', 0.00, 20000.00, 1, 1, NULL, '2025-03-26 00:15:16', '2025-03-26 00:15:16');
INSERT INTO `pr_produk_extra`(`id`, `sku`, `nama_extra`, `satuan`, `harga`, `hpp`, `status`, `created_at`, `updated_at`) VALUES (1, 'PPBWL', 'PAPER BOWL', 'PCS', 1500, 800, 'aktif', '2025-03-27 10:43:30', '2025-04-13 00:32:44');
INSERT INTO `pr_produk_extra`(`id`, `sku`, `nama_extra`, `satuan`, `harga`, `hpp`, `status`, `created_at`, `updated_at`) VALUES (2, 'PPBX', 'PAPPER BOX', 'PCS', 1500, 800, 'aktif', '2025-03-27 10:43:30', '2025-04-13 00:32:44');
INSERT INTO `pr_refund`(`id`, `kode_refund`, `pr_transaksi_id`, `no_transaksi`, `pr_detail_transaksi_id`, `pr_produk_id`, `nama_produk`, `detail_extra_id`, `produk_extra_id`, `nama_extra`, `jumlah`, `harga`, `catatan`, `alasan`, `refund_by`, `metode_pembayaran_id`, `waktu_refund`, `created_at`, `updated_at`) VALUES (47, 'RF/250424/0001', 6, 'CS/63/250422/0001', 37, 6, 'AMERICANO HOT', NULL, NULL, NULL, 1, 16000, 'Refund pilihan', 'lama', '98', 1, '2025-04-24 05:57:04', '2025-04-24 05:57:04', '2025-04-24 21:07:51');
INSERT INTO `pr_refund`(`id`, `kode_refund`, `pr_transaksi_id`, `no_transaksi`, `pr_detail_transaksi_id`, `pr_produk_id`, `nama_produk`, `detail_extra_id`, `produk_extra_id`, `nama_extra`, `jumlah`, `harga`, `catatan`, `alasan`, `refund_by`, `metode_pembayaran_id`, `waktu_refund`, `created_at`, `updated_at`) VALUES (48, 'RF/250424/0001', 6, 'CS/63/250422/0001', 37, 6, 'AMERICANO HOT', 19, 1, 'PAPER BOWL', 1, 1500, 'Refund pilihan - extra', 'lama', '98', 1, '2025-04-24 05:57:04', '2025-04-24 05:57:04', '2025-04-24 21:07:51');
INSERT INTO `pr_refund`(`id`, `kode_refund`, `pr_transaksi_id`, `no_transaksi`, `pr_detail_transaksi_id`, `pr_produk_id`, `nama_produk`, `detail_extra_id`, `produk_extra_id`, `nama_extra`, `jumlah`, `harga`, `catatan`, `alasan`, `refund_by`, `metode_pembayaran_id`, `waktu_refund`, `created_at`, `updated_at`) VALUES (49, 'RF/250424/0001', 6, 'CS/63/250422/0001', 37, 6, 'AMERICANO HOT', 20, 2, 'PAPPER BOX', 1, 1500, 'Refund pilihan - extra', 'lama', '98', 1, '2025-04-24 05:57:04', '2025-04-24 05:57:04', '2025-04-24 21:07:50');
INSERT INTO `pr_refund`(`id`, `kode_refund`, `pr_transaksi_id`, `no_transaksi`, `pr_detail_transaksi_id`, `pr_produk_id`, `nama_produk`, `detail_extra_id`, `produk_extra_id`, `nama_extra`, `jumlah`, `harga`, `catatan`, `alasan`, `refund_by`, `metode_pembayaran_id`, `waktu_refund`, `created_at`, `updated_at`) VALUES (50, 'RF/250424/0001', 6, 'CS/63/250422/0001', 36, 9, 'ARABIAN GRILL LAMB CHOP', NULL, NULL, NULL, 1, 68000, 'Refund produk', 'suwiiii', '98', 1, '2025-04-24 06:08:30', '2025-04-24 06:08:30', '2025-04-24 21:05:54');
INSERT INTO `pr_refund`(`id`, `kode_refund`, `pr_transaksi_id`, `no_transaksi`, `pr_detail_transaksi_id`, `pr_produk_id`, `nama_produk`, `detail_extra_id`, `produk_extra_id`, `nama_extra`, `jumlah`, `harga`, `catatan`, `alasan`, `refund_by`, `metode_pembayaran_id`, `waktu_refund`, `created_at`, `updated_at`) VALUES (51, 'RF/250424/0001', 6, 'CS/63/250422/0001', 36, 9, 'ARABIAN GRILL LAMB CHOP', 18, 2, 'PAPPER BOX', 1, 1500, 'Refund extra', 'suwiiii', '98', 1, '2025-04-24 06:08:30', '2025-04-24 06:08:30', '2025-04-24 21:05:54');
INSERT INTO `pr_refund`(`id`, `kode_refund`, `pr_transaksi_id`, `no_transaksi`, `pr_detail_transaksi_id`, `pr_produk_id`, `nama_produk`, `detail_extra_id`, `produk_extra_id`, `nama_extra`, `jumlah`, `harga`, `catatan`, `alasan`, `refund_by`, `metode_pembayaran_id`, `waktu_refund`, `created_at`, `updated_at`) VALUES (52, 'RF/250424/0002', 4, 'CS/63/250421/0004', 18, 50, 'CAFE LATTE HOT', NULL, NULL, NULL, 1, 19000, 'Refund pilihan', 'luama', '98', 1, '2025-04-24 06:09:13', '2025-04-24 06:09:13', '2025-04-24 21:05:54');
INSERT INTO `pr_refund`(`id`, `kode_refund`, `pr_transaksi_id`, `no_transaksi`, `pr_detail_transaksi_id`, `pr_produk_id`, `nama_produk`, `detail_extra_id`, `produk_extra_id`, `nama_extra`, `jumlah`, `harga`, `catatan`, `alasan`, `refund_by`, `metode_pembayaran_id`, `waktu_refund`, `created_at`, `updated_at`) VALUES (53, 'RF/250424/0002', 4, 'CS/63/250421/0004', 19, 7, 'AMERICANO ICE', NULL, NULL, NULL, 1, 17000, 'Refund pilihan', 'luama', '98', 1, '2025-04-24 06:09:13', '2025-04-24 06:09:13', '2025-04-24 21:05:54');
INSERT INTO `pr_refund`(`id`, `kode_refund`, `pr_transaksi_id`, `no_transaksi`, `pr_detail_transaksi_id`, `pr_produk_id`, `nama_produk`, `detail_extra_id`, `produk_extra_id`, `nama_extra`, `jumlah`, `harga`, `catatan`, `alasan`, `refund_by`, `metode_pembayaran_id`, `waktu_refund`, `created_at`, `updated_at`) VALUES (54, 'RF/250424/0002', 4, 'CS/63/250421/0004', 20, 6, 'AMERICANO HOT', NULL, NULL, NULL, 1, 16000, 'Refund pilihan', 'luama', '98', 1, '2025-04-24 06:09:13', '2025-04-24 06:09:13', '2025-04-24 21:05:54');
INSERT INTO `pr_refund`(`id`, `kode_refund`, `pr_transaksi_id`, `no_transaksi`, `pr_detail_transaksi_id`, `pr_produk_id`, `nama_produk`, `detail_extra_id`, `produk_extra_id`, `nama_extra`, `jumlah`, `harga`, `catatan`, `alasan`, `refund_by`, `metode_pembayaran_id`, `waktu_refund`, `created_at`, `updated_at`) VALUES (55, 'RF/250424/0003', 8, 'CS/63/250422/0003', 35, 13, 'AYAM BAKAR SAMBAL DABU DABU', NULL, NULL, NULL, 1, 25000, 'Refund produk', 'tes', '98', 1, '2025-04-24 06:27:23', '2025-04-24 06:27:23', '2025-04-24 21:05:54');
INSERT INTO `pr_refund`(`id`, `kode_refund`, `pr_transaksi_id`, `no_transaksi`, `pr_detail_transaksi_id`, `pr_produk_id`, `nama_produk`, `detail_extra_id`, `produk_extra_id`, `nama_extra`, `jumlah`, `harga`, `catatan`, `alasan`, `refund_by`, `metode_pembayaran_id`, `waktu_refund`, `created_at`, `updated_at`) VALUES (56, 'RF/250424/0004', 8, 'CS/63/250422/0003', 38, 50, 'CAFE LATTE HOT', NULL, NULL, NULL, 1, 19000, 'Refund produk', 'ees', '98', 1, '2025-04-24 06:32:32', '2025-04-24 06:32:32', '2025-04-24 21:05:54');
INSERT INTO `pr_refund`(`id`, `kode_refund`, `pr_transaksi_id`, `no_transaksi`, `pr_detail_transaksi_id`, `pr_produk_id`, `nama_produk`, `detail_extra_id`, `produk_extra_id`, `nama_extra`, `jumlah`, `harga`, `catatan`, `alasan`, `refund_by`, `metode_pembayaran_id`, `waktu_refund`, `created_at`, `updated_at`) VALUES (57, 'RF/250424/0004', 8, 'CS/63/250422/0003', 38, 50, 'CAFE LATTE HOT', 21, 1, 'PAPER BOWL', 3, 1500, 'Refund extra', 'ees', '98', 1, '2025-04-24 06:32:32', '2025-04-24 06:32:32', '2025-04-24 21:05:54');
INSERT INTO `pr_refund`(`id`, `kode_refund`, `pr_transaksi_id`, `no_transaksi`, `pr_detail_transaksi_id`, `pr_produk_id`, `nama_produk`, `detail_extra_id`, `produk_extra_id`, `nama_extra`, `jumlah`, `harga`, `catatan`, `alasan`, `refund_by`, `metode_pembayaran_id`, `waktu_refund`, `created_at`, `updated_at`) VALUES (58, 'RF/250424/0004', 8, 'CS/63/250422/0003', 38, 50, 'CAFE LATTE HOT', 22, 2, 'PAPPER BOX', 3, 1500, 'Refund extra', 'ees', '98', 1, '2025-04-24 06:32:32', '2025-04-24 06:32:32', '2025-04-24 21:05:54');
INSERT INTO `pr_refund`(`id`, `kode_refund`, `pr_transaksi_id`, `no_transaksi`, `pr_detail_transaksi_id`, `pr_produk_id`, `nama_produk`, `detail_extra_id`, `produk_extra_id`, `nama_extra`, `jumlah`, `harga`, `catatan`, `alasan`, `refund_by`, `metode_pembayaran_id`, `waktu_refund`, `created_at`, `updated_at`) VALUES (59, 'RF/250424/0005', 8, 'CS/63/250422/0003', 39, 50, 'CAFE LATTE HOT', NULL, NULL, NULL, 1, 19000, 'Refund produk', 'salah', '98', 1, '2025-04-24 11:23:46', '2025-04-24 11:23:46', '2025-04-24 21:06:02');
INSERT INTO `pr_refund`(`id`, `kode_refund`, `pr_transaksi_id`, `no_transaksi`, `pr_detail_transaksi_id`, `pr_produk_id`, `nama_produk`, `detail_extra_id`, `produk_extra_id`, `nama_extra`, `jumlah`, `harga`, `catatan`, `alasan`, `refund_by`, `metode_pembayaran_id`, `waktu_refund`, `created_at`, `updated_at`) VALUES (60, 'RF/250424/0005', 8, 'CS/63/250422/0003', 39, 50, 'CAFE LATTE HOT', 23, 1, 'PAPER BOWL', 3, 1500, 'Refund extra', 'salah', '98', 1, '2025-04-24 11:23:46', '2025-04-24 11:23:46', '2025-04-24 21:06:02');
INSERT INTO `pr_refund`(`id`, `kode_refund`, `pr_transaksi_id`, `no_transaksi`, `pr_detail_transaksi_id`, `pr_produk_id`, `nama_produk`, `detail_extra_id`, `produk_extra_id`, `nama_extra`, `jumlah`, `harga`, `catatan`, `alasan`, `refund_by`, `metode_pembayaran_id`, `waktu_refund`, `created_at`, `updated_at`) VALUES (61, 'RF/250424/0005', 8, 'CS/63/250422/0003', 39, 50, 'CAFE LATTE HOT', 24, 2, 'PAPPER BOX', 3, 1500, 'Refund extra', 'salah', '98', 1, '2025-04-24 11:23:46', '2025-04-24 11:23:46', '2025-04-24 21:06:02');
INSERT INTO `pr_refund`(`id`, `kode_refund`, `pr_transaksi_id`, `no_transaksi`, `pr_detail_transaksi_id`, `pr_produk_id`, `nama_produk`, `detail_extra_id`, `produk_extra_id`, `nama_extra`, `jumlah`, `harga`, `catatan`, `alasan`, `refund_by`, `metode_pembayaran_id`, `waktu_refund`, `created_at`, `updated_at`) VALUES (62, 'RF/250424/0006', 8, 'CS/63/250422/0003', 40, 50, 'CAFE LATTE HOT', NULL, NULL, NULL, 1, 19000, 'Refund produk', 'salah', '98', 1, '2025-04-24 12:02:35', '2025-04-24 12:02:35', '2025-04-24 21:06:02');
INSERT INTO `pr_refund`(`id`, `kode_refund`, `pr_transaksi_id`, `no_transaksi`, `pr_detail_transaksi_id`, `pr_produk_id`, `nama_produk`, `detail_extra_id`, `produk_extra_id`, `nama_extra`, `jumlah`, `harga`, `catatan`, `alasan`, `refund_by`, `metode_pembayaran_id`, `waktu_refund`, `created_at`, `updated_at`) VALUES (63, 'RF/250424/0006', 8, 'CS/63/250422/0003', 40, 50, 'CAFE LATTE HOT', 25, 1, 'PAPER BOWL', 3, 1500, 'Refund extra', 'salah', '98', 1, '2025-04-24 12:02:35', '2025-04-24 12:02:35', '2025-04-24 21:06:02');
INSERT INTO `pr_refund`(`id`, `kode_refund`, `pr_transaksi_id`, `no_transaksi`, `pr_detail_transaksi_id`, `pr_produk_id`, `nama_produk`, `detail_extra_id`, `produk_extra_id`, `nama_extra`, `jumlah`, `harga`, `catatan`, `alasan`, `refund_by`, `metode_pembayaran_id`, `waktu_refund`, `created_at`, `updated_at`) VALUES (64, 'RF/250424/0006', 8, 'CS/63/250422/0003', 40, 50, 'CAFE LATTE HOT', 26, 2, 'PAPPER BOX', 3, 1500, 'Refund extra', 'salah', '98', 1, '2025-04-24 12:02:35', '2025-04-24 12:02:35', '2025-04-24 21:06:02');
INSERT INTO `pr_refund`(`id`, `kode_refund`, `pr_transaksi_id`, `no_transaksi`, `pr_detail_transaksi_id`, `pr_produk_id`, `nama_produk`, `detail_extra_id`, `produk_extra_id`, `nama_extra`, `jumlah`, `harga`, `catatan`, `alasan`, `refund_by`, `metode_pembayaran_id`, `waktu_refund`, `created_at`, `updated_at`) VALUES (65, 'RF/250424/0007', 8, 'CS/63/250422/0003', 40, 50, 'CAFE LATTE HOT', NULL, NULL, NULL, 1, 19000, 'Refund produk', 'salah', '98', 1, '2025-04-24 12:09:31', '2025-04-24 12:09:31', '2025-04-24 21:06:02');
INSERT INTO `pr_refund`(`id`, `kode_refund`, `pr_transaksi_id`, `no_transaksi`, `pr_detail_transaksi_id`, `pr_produk_id`, `nama_produk`, `detail_extra_id`, `produk_extra_id`, `nama_extra`, `jumlah`, `harga`, `catatan`, `alasan`, `refund_by`, `metode_pembayaran_id`, `waktu_refund`, `created_at`, `updated_at`) VALUES (66, 'RF/250424/0007', 8, 'CS/63/250422/0003', 40, 50, 'CAFE LATTE HOT', 25, 1, 'PAPER BOWL', 3, 1500, 'Refund extra', 'salah', '98', 1, '2025-04-24 12:09:31', '2025-04-24 12:09:31', '2025-04-24 21:06:02');
INSERT INTO `pr_refund`(`id`, `kode_refund`, `pr_transaksi_id`, `no_transaksi`, `pr_detail_transaksi_id`, `pr_produk_id`, `nama_produk`, `detail_extra_id`, `produk_extra_id`, `nama_extra`, `jumlah`, `harga`, `catatan`, `alasan`, `refund_by`, `metode_pembayaran_id`, `waktu_refund`, `created_at`, `updated_at`) VALUES (67, 'RF/250424/0007', 8, 'CS/63/250422/0003', 40, 50, 'CAFE LATTE HOT', 26, 2, 'PAPPER BOX', 3, 1500, 'Refund extra', 'salah', '98', 1, '2025-04-24 12:09:31', '2025-04-24 12:09:31', '2025-04-24 21:06:02');
INSERT INTO `pr_refund`(`id`, `kode_refund`, `pr_transaksi_id`, `no_transaksi`, `pr_detail_transaksi_id`, `pr_produk_id`, `nama_produk`, `detail_extra_id`, `produk_extra_id`, `nama_extra`, `jumlah`, `harga`, `catatan`, `alasan`, `refund_by`, `metode_pembayaran_id`, `waktu_refund`, `created_at`, `updated_at`) VALUES (87, 'RF/250424/0008', 10, 'CS/63/250424/0001', 46, 6, 'AMERICANO HOT', NULL, NULL, NULL, 1, 16000, 'Refund pilihan', 'kaka', '98', 1, '2025-04-24 19:51:26', '2025-04-24 19:51:26', '2025-04-24 19:51:26');
INSERT INTO `pr_refund`(`id`, `kode_refund`, `pr_transaksi_id`, `no_transaksi`, `pr_detail_transaksi_id`, `pr_produk_id`, `nama_produk`, `detail_extra_id`, `produk_extra_id`, `nama_extra`, `jumlah`, `harga`, `catatan`, `alasan`, `refund_by`, `metode_pembayaran_id`, `waktu_refund`, `created_at`, `updated_at`) VALUES (88, 'RF/250424/0009', 10, 'CS/63/250424/0001', 44, 15, 'AYAM GORENG REMPAH KREMES', NULL, NULL, NULL, 1, 22000, 'Refund produk', 'okwe', '98', 1, '2025-04-24 19:52:01', '2025-04-24 19:52:01', '2025-04-24 21:05:58');
INSERT INTO `pr_refund`(`id`, `kode_refund`, `pr_transaksi_id`, `no_transaksi`, `pr_detail_transaksi_id`, `pr_produk_id`, `nama_produk`, `detail_extra_id`, `produk_extra_id`, `nama_extra`, `jumlah`, `harga`, `catatan`, `alasan`, `refund_by`, `metode_pembayaran_id`, `waktu_refund`, `created_at`, `updated_at`) VALUES (89, 'RF/250424/0009', 10, 'CS/63/250424/0001', 44, 15, 'AYAM GORENG REMPAH KREMES', 29, 2, 'PAPPER BOX', 1, 1500, 'Refund extra', 'okwe', '98', 1, '2025-04-24 19:52:01', '2025-04-24 19:52:01', '2025-04-24 21:05:58');
INSERT INTO `pr_refund`(`id`, `kode_refund`, `pr_transaksi_id`, `no_transaksi`, `pr_detail_transaksi_id`, `pr_produk_id`, `nama_produk`, `detail_extra_id`, `produk_extra_id`, `nama_extra`, `jumlah`, `harga`, `catatan`, `alasan`, `refund_by`, `metode_pembayaran_id`, `waktu_refund`, `created_at`, `updated_at`) VALUES (90, 'RF/250424/0009', 10, 'CS/63/250424/0001', 45, 14, 'AYAM BAKAR SAMBAL DABU-DABU + NASI', NULL, NULL, NULL, 1, 28000, 'Refund produk', 'okwe', '98', 1, '2025-04-24 19:52:01', '2025-04-24 19:52:01', '2025-04-24 21:05:59');
INSERT INTO `pr_refund`(`id`, `kode_refund`, `pr_transaksi_id`, `no_transaksi`, `pr_detail_transaksi_id`, `pr_produk_id`, `nama_produk`, `detail_extra_id`, `produk_extra_id`, `nama_extra`, `jumlah`, `harga`, `catatan`, `alasan`, `refund_by`, `metode_pembayaran_id`, `waktu_refund`, `created_at`, `updated_at`) VALUES (91, 'RF/250424/0010', 10, 'CS/63/250424/0001', 45, 14, 'AYAM BAKAR SAMBAL DABU-DABU + NASI', NULL, NULL, NULL, 1, 28000, 'Refund produk', 'salah', '98', 1, '2025-04-24 20:34:13', '2025-04-24 20:34:13', '2025-04-24 20:34:13');
INSERT INTO `pr_refund`(`id`, `kode_refund`, `pr_transaksi_id`, `no_transaksi`, `pr_detail_transaksi_id`, `pr_produk_id`, `nama_produk`, `detail_extra_id`, `produk_extra_id`, `nama_extra`, `jumlah`, `harga`, `catatan`, `alasan`, `refund_by`, `metode_pembayaran_id`, `waktu_refund`, `created_at`, `updated_at`) VALUES (92, 'RF/250424/0011', 10, 'CS/63/250424/0001', 44, 15, 'AYAM GORENG REMPAH KREMES', NULL, NULL, NULL, 1, 22000, 'Refund pilihan', 'oke', '98', 5, '2025-04-24 20:35:07', '2025-04-24 20:35:07', '2025-04-24 20:35:07');
INSERT INTO `pr_refund`(`id`, `kode_refund`, `pr_transaksi_id`, `no_transaksi`, `pr_detail_transaksi_id`, `pr_produk_id`, `nama_produk`, `detail_extra_id`, `produk_extra_id`, `nama_extra`, `jumlah`, `harga`, `catatan`, `alasan`, `refund_by`, `metode_pembayaran_id`, `waktu_refund`, `created_at`, `updated_at`) VALUES (94, 'RF/250424/0011', 10, 'CS/63/250424/0001', 46, 6, 'AMERICANO HOT', NULL, NULL, NULL, 1, 16000, 'Refund pilihan', 'oke', '98', 5, '2025-04-24 20:35:07', '2025-04-24 20:35:07', '2025-04-24 20:35:07');
INSERT INTO `pr_refund`(`id`, `kode_refund`, `pr_transaksi_id`, `no_transaksi`, `pr_detail_transaksi_id`, `pr_produk_id`, `nama_produk`, `detail_extra_id`, `produk_extra_id`, `nama_extra`, `jumlah`, `harga`, `catatan`, `alasan`, `refund_by`, `metode_pembayaran_id`, `waktu_refund`, `created_at`, `updated_at`) VALUES (95, 'RF/250424/0012', 10, 'CS/63/250424/0001', 44, 15, 'AYAM GORENG REMPAH KREMES', NULL, NULL, NULL, 1, 22000, 'Refund produk', 'ksa', '98', 8, '2025-04-24 20:36:06', '2025-04-24 20:36:06', '2025-04-24 20:36:06');
INSERT INTO `pr_refund`(`id`, `kode_refund`, `pr_transaksi_id`, `no_transaksi`, `pr_detail_transaksi_id`, `pr_produk_id`, `nama_produk`, `detail_extra_id`, `produk_extra_id`, `nama_extra`, `jumlah`, `harga`, `catatan`, `alasan`, `refund_by`, `metode_pembayaran_id`, `waktu_refund`, `created_at`, `updated_at`) VALUES (96, 'RF/250424/0012', 10, 'CS/63/250424/0001', 44, 15, 'AYAM GORENG REMPAH KREMES', 29, 2, 'PAPPER BOX', 1, 1500, 'Refund extra', 'ksa', '98', 8, '2025-04-24 20:36:06', '2025-04-24 20:36:06', '2025-04-24 20:36:06');
INSERT INTO `pr_refund`(`id`, `kode_refund`, `pr_transaksi_id`, `no_transaksi`, `pr_detail_transaksi_id`, `pr_produk_id`, `nama_produk`, `detail_extra_id`, `produk_extra_id`, `nama_extra`, `jumlah`, `harga`, `catatan`, `alasan`, `refund_by`, `metode_pembayaran_id`, `waktu_refund`, `created_at`, `updated_at`) VALUES (97, 'RF/250424/0013', 10, 'CS/63/250424/0001', 44, 15, 'AYAM GORENG REMPAH KREMES', NULL, NULL, NULL, 1, 22000, 'Refund produk', 'kaka', '98', 3, '2025-04-24 20:38:00', '2025-04-24 20:38:00', '2025-04-24 20:38:00');
INSERT INTO `pr_refund`(`id`, `kode_refund`, `pr_transaksi_id`, `no_transaksi`, `pr_detail_transaksi_id`, `pr_produk_id`, `nama_produk`, `detail_extra_id`, `produk_extra_id`, `nama_extra`, `jumlah`, `harga`, `catatan`, `alasan`, `refund_by`, `metode_pembayaran_id`, `waktu_refund`, `created_at`, `updated_at`) VALUES (98, 'RF/250424/0013', 10, 'CS/63/250424/0001', 44, 15, 'AYAM GORENG REMPAH KREMES', 29, 2, 'PAPPER BOX', 1, 1500, 'Refund extra', 'kaka', '98', 3, '2025-04-24 20:38:00', '2025-04-24 20:38:00', '2025-04-24 20:38:00');
INSERT INTO `pr_refund`(`id`, `kode_refund`, `pr_transaksi_id`, `no_transaksi`, `pr_detail_transaksi_id`, `pr_produk_id`, `nama_produk`, `detail_extra_id`, `produk_extra_id`, `nama_extra`, `jumlah`, `harga`, `catatan`, `alasan`, `refund_by`, `metode_pembayaran_id`, `waktu_refund`, `created_at`, `updated_at`) VALUES (99, 'RF/250424/0013', 10, 'CS/63/250424/0001', 45, 14, 'AYAM BAKAR SAMBAL DABU-DABU + NASI', NULL, NULL, NULL, 1, 28000, 'Refund produk', 'kaka', '98', 3, '2025-04-24 20:38:00', '2025-04-24 20:38:00', '2025-04-24 20:38:00');
INSERT INTO `pr_refund`(`id`, `kode_refund`, `pr_transaksi_id`, `no_transaksi`, `pr_detail_transaksi_id`, `pr_produk_id`, `nama_produk`, `detail_extra_id`, `produk_extra_id`, `nama_extra`, `jumlah`, `harga`, `catatan`, `alasan`, `refund_by`, `metode_pembayaran_id`, `waktu_refund`, `created_at`, `updated_at`) VALUES (100, 'RF/250424/0013', 10, 'CS/63/250424/0001', 46, 6, 'AMERICANO HOT', NULL, NULL, NULL, 1, 16000, 'Refund produk', 'kaka', '98', 3, '2025-04-24 20:38:00', '2025-04-24 20:38:00', '2025-04-24 20:38:00');
INSERT INTO `pr_refund`(`id`, `kode_refund`, `pr_transaksi_id`, `no_transaksi`, `pr_detail_transaksi_id`, `pr_produk_id`, `nama_produk`, `detail_extra_id`, `produk_extra_id`, `nama_extra`, `jumlah`, `harga`, `catatan`, `alasan`, `refund_by`, `metode_pembayaran_id`, `waktu_refund`, `created_at`, `updated_at`) VALUES (101, 'RF/250424/0014', 10, 'CS/63/250424/0001', 44, 15, 'AYAM GORENG REMPAH KREMES', NULL, NULL, NULL, 1, 22000, 'Refund pilihan', 'batal', '98', 1, '2025-04-24 20:39:17', '2025-04-24 20:39:17', '2025-04-24 20:39:17');
INSERT INTO `pr_refund`(`id`, `kode_refund`, `pr_transaksi_id`, `no_transaksi`, `pr_detail_transaksi_id`, `pr_produk_id`, `nama_produk`, `detail_extra_id`, `produk_extra_id`, `nama_extra`, `jumlah`, `harga`, `catatan`, `alasan`, `refund_by`, `metode_pembayaran_id`, `waktu_refund`, `created_at`, `updated_at`) VALUES (102, 'RF/250424/0014', 10, 'CS/63/250424/0001', 44, 15, 'AYAM GORENG REMPAH KREMES', 29, 2, 'PAPPER BOX', 1, 1500, 'Refund pilihan - extra', 'batal', '98', 1, '2025-04-24 20:39:17', '2025-04-24 20:39:17', '2025-04-24 20:39:17');
INSERT INTO `pr_refund`(`id`, `kode_refund`, `pr_transaksi_id`, `no_transaksi`, `pr_detail_transaksi_id`, `pr_produk_id`, `nama_produk`, `detail_extra_id`, `produk_extra_id`, `nama_extra`, `jumlah`, `harga`, `catatan`, `alasan`, `refund_by`, `metode_pembayaran_id`, `waktu_refund`, `created_at`, `updated_at`) VALUES (103, 'RF/250424/0014', 10, 'CS/63/250424/0001', 45, 14, 'AYAM BAKAR SAMBAL DABU-DABU + NASI', NULL, NULL, NULL, 1, 28000, 'Refund pilihan', 'batal', '98', 1, '2025-04-24 20:39:17', '2025-04-24 20:39:17', '2025-04-24 20:39:17');
INSERT INTO `pr_refund`(`id`, `kode_refund`, `pr_transaksi_id`, `no_transaksi`, `pr_detail_transaksi_id`, `pr_produk_id`, `nama_produk`, `detail_extra_id`, `produk_extra_id`, `nama_extra`, `jumlah`, `harga`, `catatan`, `alasan`, `refund_by`, `metode_pembayaran_id`, `waktu_refund`, `created_at`, `updated_at`) VALUES (104, 'RF/250424/0014', 10, 'CS/63/250424/0001', 46, 6, 'AMERICANO HOT', NULL, NULL, NULL, 1, 16000, 'Refund pilihan', 'batal', '98', 1, '2025-04-25 20:39:17', '2025-04-24 20:39:17', '2025-04-25 05:20:57');
INSERT INTO `pr_refund`(`id`, `kode_refund`, `pr_transaksi_id`, `no_transaksi`, `pr_detail_transaksi_id`, `pr_produk_id`, `nama_produk`, `detail_extra_id`, `produk_extra_id`, `nama_extra`, `jumlah`, `harga`, `catatan`, `alasan`, `refund_by`, `metode_pembayaran_id`, `waktu_refund`, `created_at`, `updated_at`) VALUES (108, 'RF/250426/0001', 11, 'CS/63/250424/0002', 48, 217, 'RICE BOWL AYAM CRISPY', NULL, NULL, NULL, 1, 20000, 'Refund pilihan', 'suwi', '98', 1, '2025-04-26 16:15:05', '2025-04-26 16:15:05', '2025-04-26 16:15:05');
INSERT INTO `pr_refund`(`id`, `kode_refund`, `pr_transaksi_id`, `no_transaksi`, `pr_detail_transaksi_id`, `pr_produk_id`, `nama_produk`, `detail_extra_id`, `produk_extra_id`, `nama_extra`, `jumlah`, `harga`, `catatan`, `alasan`, `refund_by`, `metode_pembayaran_id`, `waktu_refund`, `created_at`, `updated_at`) VALUES (109, 'RF/250426/0001', 11, 'CS/63/250424/0002', 49, 6, 'AMERICANO HOT', NULL, NULL, NULL, 1, 16000, 'Refund pilihan', 'suwi', '98', 1, '2025-04-26 16:15:05', '2025-04-26 16:15:05', '2025-04-26 16:15:05');
INSERT INTO `pr_reservasi`(`id`, `customer_id`, `nama_customer`, `no_hp`, `tanggal`, `jam`, `jumlah_orang`, `catatan`, `total_bayar`, `created_at`, `updated_at`, `status`) VALUES (9, 0, 'ADEL', '082241959230', '2025-03-27', '17:15:00', 6, '', 259000.00, '2025-03-26 15:40:26', '2025-03-26 15:40:43', 'menunggu');
INSERT INTO `pr_reservasi`(`id`, `customer_id`, `nama_customer`, `no_hp`, `tanggal`, `jam`, `jumlah_orang`, `catatan`, `total_bayar`, `created_at`, `updated_at`, `status`) VALUES (10, 0, 'alif', '+62 817-7573-13', '2025-03-29', '17:30:00', 10, '', 539000.00, '2025-03-27 13:09:14', '2025-03-27 13:33:52', 'menunggu');
INSERT INTO `pr_reservasi_detail`(`id`, `reservasi_id`, `produk_id`, `qty`, `catatan`, `harga`, `created_at`, `updated_at`) VALUES (107, 9, 128, 1, '', 20000.00, '2025-03-26 14:40:43', '2025-03-26 14:40:43');
INSERT INTO `pr_reservasi_detail`(`id`, `reservasi_id`, `produk_id`, `qty`, `catatan`, `harga`, `created_at`, `updated_at`) VALUES (108, 9, 255, 1, '', 20000.00, '2025-03-26 14:40:43', '2025-03-26 14:40:43');
INSERT INTO `pr_reservasi_detail`(`id`, `reservasi_id`, `produk_id`, `qty`, `catatan`, `harga`, `created_at`, `updated_at`) VALUES (109, 9, 176, 1, '', 20000.00, '2025-03-26 14:40:43', '2025-03-26 14:40:43');
INSERT INTO `pr_reservasi_detail`(`id`, `reservasi_id`, `produk_id`, `qty`, `catatan`, `harga`, `created_at`, `updated_at`) VALUES (110, 9, 111, 1, '', 18000.00, '2025-03-26 14:40:43', '2025-03-26 14:40:43');
INSERT INTO `pr_reservasi_detail`(`id`, `reservasi_id`, `produk_id`, `qty`, `catatan`, `harga`, `created_at`, `updated_at`) VALUES (111, 9, 249, 1, '', 32000.00, '2025-03-26 14:40:43', '2025-03-26 14:40:43');
INSERT INTO `pr_reservasi_detail`(`id`, `reservasi_id`, `produk_id`, `qty`, `catatan`, `harga`, `created_at`, `updated_at`) VALUES (112, 9, 202, 1, '', 22000.00, '2025-03-26 14:40:43', '2025-03-26 14:40:43');
INSERT INTO `pr_reservasi_detail`(`id`, `reservasi_id`, `produk_id`, `qty`, `catatan`, `harga`, `created_at`, `updated_at`) VALUES (113, 9, 38, 1, '', 10000.00, '2025-03-26 14:40:43', '2025-03-26 14:40:43');
INSERT INTO `pr_reservasi_detail`(`id`, `reservasi_id`, `produk_id`, `qty`, `catatan`, `harga`, `created_at`, `updated_at`) VALUES (114, 9, 16, 1, '', 25000.00, '2025-03-26 14:40:43', '2025-03-26 14:40:43');
INSERT INTO `pr_reservasi_detail`(`id`, `reservasi_id`, `produk_id`, `qty`, `catatan`, `harga`, `created_at`, `updated_at`) VALUES (115, 9, 218, 1, '', 22000.00, '2025-03-26 14:40:43', '2025-03-26 14:40:43');
INSERT INTO `pr_reservasi_detail`(`id`, `reservasi_id`, `produk_id`, `qty`, `catatan`, `harga`, `created_at`, `updated_at`) VALUES (116, 9, 258, 1, '', 17000.00, '2025-03-26 14:40:43', '2025-03-26 14:40:43');
INSERT INTO `pr_reservasi_detail`(`id`, `reservasi_id`, `produk_id`, `qty`, `catatan`, `harga`, `created_at`, `updated_at`) VALUES (117, 9, 40, 1, '', 18000.00, '2025-03-26 14:40:43', '2025-03-26 14:40:43');
INSERT INTO `pr_reservasi_detail`(`id`, `reservasi_id`, `produk_id`, `qty`, `catatan`, `harga`, `created_at`, `updated_at`) VALUES (118, 9, 220, 1, '', 15000.00, '2025-03-26 14:40:43', '2025-03-26 14:40:43');
INSERT INTO `pr_reservasi_detail`(`id`, `reservasi_id`, `produk_id`, `qty`, `catatan`, `harga`, `created_at`, `updated_at`) VALUES (119, 9, 87, 1, '', 20000.00, '2025-03-26 14:40:43', '2025-03-26 14:40:43');
INSERT INTO `pr_reservasi_detail`(`id`, `reservasi_id`, `produk_id`, `qty`, `catatan`, `harga`, `created_at`, `updated_at`) VALUES (147, 10, 131, 1, '', 30000.00, '2025-03-27 12:33:53', '2025-03-27 12:33:53');
INSERT INTO `pr_reservasi_detail`(`id`, `reservasi_id`, `produk_id`, `qty`, `catatan`, `harga`, `created_at`, `updated_at`) VALUES (148, 10, 163, 1, '', 16000.00, '2025-03-27 12:33:53', '2025-03-27 12:33:53');
INSERT INTO `pr_reservasi_detail`(`id`, `reservasi_id`, `produk_id`, `qty`, `catatan`, `harga`, `created_at`, `updated_at`) VALUES (149, 10, 185, 1, '', 4000.00, '2025-03-27 12:33:53', '2025-03-27 12:33:53');
INSERT INTO `pr_reservasi_detail`(`id`, `reservasi_id`, `produk_id`, `qty`, `catatan`, `harga`, `created_at`, `updated_at`) VALUES (150, 10, 217, 1, 'bawang ', 20000.00, '2025-03-27 12:33:53', '2025-03-27 12:33:53');
INSERT INTO `pr_reservasi_detail`(`id`, `reservasi_id`, `produk_id`, `qty`, `catatan`, `harga`, `created_at`, `updated_at`) VALUES (151, 10, 87, 1, '', 20000.00, '2025-03-27 12:33:53', '2025-03-27 12:33:53');
INSERT INTO `pr_reservasi_detail`(`id`, `reservasi_id`, `produk_id`, `qty`, `catatan`, `harga`, `created_at`, `updated_at`) VALUES (152, 10, 115, 1, '', 28000.00, '2025-03-27 12:33:53', '2025-03-27 12:33:53');
INSERT INTO `pr_reservasi_detail`(`id`, `reservasi_id`, `produk_id`, `qty`, `catatan`, `harga`, `created_at`, `updated_at`) VALUES (153, 10, 122, 1, '', 18000.00, '2025-03-27 12:33:53', '2025-03-27 12:33:53');
INSERT INTO `pr_reservasi_detail`(`id`, `reservasi_id`, `produk_id`, `qty`, `catatan`, `harga`, `created_at`, `updated_at`) VALUES (154, 10, 168, 1, '', 17000.00, '2025-03-27 12:33:53', '2025-03-27 12:33:53');
INSERT INTO `pr_reservasi_detail`(`id`, `reservasi_id`, `produk_id`, `qty`, `catatan`, `harga`, `created_at`, `updated_at`) VALUES (155, 10, 257, 1, '', 21000.00, '2025-03-27 12:33:53', '2025-03-27 12:33:53');
INSERT INTO `pr_reservasi_detail`(`id`, `reservasi_id`, `produk_id`, `qty`, `catatan`, `harga`, `created_at`, `updated_at`) VALUES (156, 10, 217, 1, 'bawang', 20000.00, '2025-03-27 12:33:53', '2025-03-27 12:33:53');
INSERT INTO `pr_reservasi_detail`(`id`, `reservasi_id`, `produk_id`, `qty`, `catatan`, `harga`, `created_at`, `updated_at`) VALUES (157, 10, 258, 1, '', 17000.00, '2025-03-27 12:33:53', '2025-03-27 12:33:53');
INSERT INTO `pr_reservasi_detail`(`id`, `reservasi_id`, `produk_id`, `qty`, `catatan`, `harga`, `created_at`, `updated_at`) VALUES (158, 10, 9, 1, '', 68000.00, '2025-03-27 12:33:53', '2025-03-27 12:33:53');
INSERT INTO `pr_reservasi_detail`(`id`, `reservasi_id`, `produk_id`, `qty`, `catatan`, `harga`, `created_at`, `updated_at`) VALUES (159, 10, 168, 1, '', 17000.00, '2025-03-27 12:33:53', '2025-03-27 12:33:53');
INSERT INTO `pr_reservasi_detail`(`id`, `reservasi_id`, `produk_id`, `qty`, `catatan`, `harga`, `created_at`, `updated_at`) VALUES (160, 10, 218, 1, 'garlic kemangi, bawang', 22000.00, '2025-03-27 12:33:53', '2025-03-27 12:33:53');
INSERT INTO `pr_reservasi_detail`(`id`, `reservasi_id`, `produk_id`, `qty`, `catatan`, `harga`, `created_at`, `updated_at`) VALUES (161, 10, 123, 1, 'rb dory', 9000.00, '2025-03-27 12:33:53', '2025-03-27 12:33:53');
INSERT INTO `pr_reservasi_detail`(`id`, `reservasi_id`, `produk_id`, `qty`, `catatan`, `harga`, `created_at`, `updated_at`) VALUES (162, 10, 185, 1, '', 4000.00, '2025-03-27 12:33:53', '2025-03-27 12:33:53');
INSERT INTO `pr_reservasi_detail`(`id`, `reservasi_id`, `produk_id`, `qty`, `catatan`, `harga`, `created_at`, `updated_at`) VALUES (163, 10, 18, 1, '', 32000.00, '2025-03-27 12:33:53', '2025-03-27 12:33:53');
INSERT INTO `pr_reservasi_detail`(`id`, `reservasi_id`, `produk_id`, `qty`, `catatan`, `harga`, `created_at`, `updated_at`) VALUES (164, 10, 258, 1, '', 17000.00, '2025-03-27 12:33:53', '2025-03-27 12:33:53');
INSERT INTO `pr_reservasi_detail`(`id`, `reservasi_id`, `produk_id`, `qty`, `catatan`, `harga`, `created_at`, `updated_at`) VALUES (165, 10, 122, 1, '', 18000.00, '2025-03-27 12:33:53', '2025-03-27 12:33:53');
INSERT INTO `pr_reservasi_detail`(`id`, `reservasi_id`, `produk_id`, `qty`, `catatan`, `harga`, `created_at`, `updated_at`) VALUES (166, 10, 217, 1, 'bawang', 20000.00, '2025-03-27 12:33:53', '2025-03-27 12:33:53');
INSERT INTO `pr_reservasi_detail`(`id`, `reservasi_id`, `produk_id`, `qty`, `catatan`, `harga`, `created_at`, `updated_at`) VALUES (167, 10, 257, 1, '', 21000.00, '2025-03-27 12:33:53', '2025-03-27 12:33:53');
INSERT INTO `pr_reservasi_detail`(`id`, `reservasi_id`, `produk_id`, `qty`, `catatan`, `harga`, `created_at`, `updated_at`) VALUES (168, 10, 185, 2, '', 4000.00, '2025-03-27 12:33:53', '2025-03-27 12:33:53');
INSERT INTO `pr_reservasi_detail`(`id`, `reservasi_id`, `produk_id`, `qty`, `catatan`, `harga`, `created_at`, `updated_at`) VALUES (169, 10, 75, 1, '', 32000.00, '2025-03-27 12:33:53', '2025-03-27 12:33:53');
INSERT INTO `pr_reservasi_detail`(`id`, `reservasi_id`, `produk_id`, `qty`, `catatan`, `harga`, `created_at`, `updated_at`) VALUES (170, 10, 40, 1, '', 18000.00, '2025-03-27 12:33:53', '2025-03-27 12:33:53');
INSERT INTO `pr_reservasi_detail`(`id`, `reservasi_id`, `produk_id`, `qty`, `catatan`, `harga`, `created_at`, `updated_at`) VALUES (171, 10, 217, 1, 'bawang', 20000.00, '2025-03-27 12:33:53', '2025-03-27 12:33:53');
INSERT INTO `pr_reservasi_detail`(`id`, `reservasi_id`, `produk_id`, `qty`, `catatan`, `harga`, `created_at`, `updated_at`) VALUES (172, 10, 185, 1, '', 4000.00, '2025-03-27 12:33:53', '2025-03-27 12:33:53');
INSERT INTO `pr_reservasi_detail`(`id`, `reservasi_id`, `produk_id`, `qty`, `catatan`, `harga`, `created_at`, `updated_at`) VALUES (173, 10, 40, 1, '', 18000.00, '2025-03-27 12:33:53', '2025-03-27 12:33:53');
INSERT INTO `pr_reservasi_meja`(`id`, `reservasi_id`, `meja_id`, `tanggal`, `created_at`, `updated_at`) VALUES (19, NULL, 1, '2025-03-26', '2025-03-26 02:02:14', '2025-03-26 02:02:14');
INSERT INTO `pr_reservasi_meja`(`id`, `reservasi_id`, `meja_id`, `tanggal`, `created_at`, `updated_at`) VALUES (20, NULL, 2, '2025-03-26', '2025-03-26 02:02:14', '2025-03-26 02:02:14');
INSERT INTO `pr_reservasi_meja`(`id`, `reservasi_id`, `meja_id`, `tanggal`, `created_at`, `updated_at`) VALUES (21, NULL, 3, '2025-03-26', '2025-03-26 02:02:14', '2025-03-26 02:02:14');
INSERT INTO `pr_reservasi_meja`(`id`, `reservasi_id`, `meja_id`, `tanggal`, `created_at`, `updated_at`) VALUES (22, NULL, 4, '2025-03-26', '2025-03-26 02:02:47', '2025-03-26 02:02:47');
INSERT INTO `pr_stok_bahan_baku`(`id`, `bahan_id`, `divisi_id`, `stok_awal`, `stok_masuk`, `stok_keluar`, `stok_penyesuaian`, `stok_sisa`, `hpp`, `created_at`, `updated_at`) VALUES (6, 66, 2, 0.00, 0.00, 0.00, 0.00, 0.00, 110.00, '2025-04-07 00:41:14', '2025-04-07 01:41:23');
INSERT INTO `pr_stok_bahan_baku`(`id`, `bahan_id`, `divisi_id`, `stok_awal`, `stok_masuk`, `stok_keluar`, `stok_penyesuaian`, `stok_sisa`, `hpp`, `created_at`, `updated_at`) VALUES (7, 147, 2, 0.00, 17.00, 0.00, 0.00, 17.00, 1588.24, '2025-04-07 14:22:06', '2025-04-11 14:17:41');
INSERT INTO `pr_stok_bahan_baku`(`id`, `bahan_id`, `divisi_id`, `stok_awal`, `stok_masuk`, `stok_keluar`, `stok_penyesuaian`, `stok_sisa`, `hpp`, `created_at`, `updated_at`) VALUES (8, 111, 2, 0.00, 1.00, 0.00, 0.00, 1.00, 1100.00, '2025-04-07 14:25:59', '2025-04-07 14:25:59');
INSERT INTO `pr_stok_bahan_baku`(`id`, `bahan_id`, `divisi_id`, `stok_awal`, `stok_masuk`, `stok_keluar`, `stok_penyesuaian`, `stok_sisa`, `hpp`, `created_at`, `updated_at`) VALUES (9, 102, 2, 0.00, 1.00, 0.00, 0.00, 1.00, 428.00, '2025-04-07 14:27:06', '2025-04-07 14:27:06');
INSERT INTO `pr_stok_bahan_baku`(`id`, `bahan_id`, `divisi_id`, `stok_awal`, `stok_masuk`, `stok_keluar`, `stok_penyesuaian`, `stok_sisa`, `hpp`, `created_at`, `updated_at`) VALUES (10, 406, 2, 0.00, 1.00, 0.00, 0.00, 1.00, 38.00, '2025-04-07 14:28:22', '2025-04-07 14:28:22');
INSERT INTO `pr_stok_bahan_baku`(`id`, `bahan_id`, `divisi_id`, `stok_awal`, `stok_masuk`, `stok_keluar`, `stok_penyesuaian`, `stok_sisa`, `hpp`, `created_at`, `updated_at`) VALUES (11, 190, 2, 0.00, 1.00, 0.00, 0.00, 1.00, 24.70, '2025-04-07 14:30:07', '2025-04-07 14:30:07');
INSERT INTO `pr_stok_bahan_baku`(`id`, `bahan_id`, `divisi_id`, `stok_awal`, `stok_masuk`, `stok_keluar`, `stok_penyesuaian`, `stok_sisa`, `hpp`, `created_at`, `updated_at`) VALUES (12, 226, 2, 0.00, 9.00, 0.00, 0.00, 9.00, 150.00, '2025-04-07 14:33:55', '2025-04-11 12:36:15');
INSERT INTO `pr_stok_bahan_baku`(`id`, `bahan_id`, `divisi_id`, `stok_awal`, `stok_masuk`, `stok_keluar`, `stok_penyesuaian`, `stok_sisa`, `hpp`, `created_at`, `updated_at`) VALUES (13, 328, 2, 0.00, 7.00, 0.00, 0.00, 7.00, 33.33, '2025-04-07 14:35:12', '2025-04-11 12:41:59');
INSERT INTO `pr_stok_bahan_baku`(`id`, `bahan_id`, `divisi_id`, `stok_awal`, `stok_masuk`, `stok_keluar`, `stok_penyesuaian`, `stok_sisa`, `hpp`, `created_at`, `updated_at`) VALUES (14, 348, 2, 0.00, 4.00, 0.00, 0.00, 4.00, 36.00, '2025-04-07 14:35:54', '2025-04-11 14:09:01');
INSERT INTO `pr_stok_bahan_baku`(`id`, `bahan_id`, `divisi_id`, `stok_awal`, `stok_masuk`, `stok_keluar`, `stok_penyesuaian`, `stok_sisa`, `hpp`, `created_at`, `updated_at`) VALUES (15, 57, 2, 0.00, 4.00, 0.00, 0.00, 4.00, 10.00, '2025-04-07 14:36:40', '2025-04-11 14:11:52');
INSERT INTO `pr_stok_bahan_baku`(`id`, `bahan_id`, `divisi_id`, `stok_awal`, `stok_masuk`, `stok_keluar`, `stok_penyesuaian`, `stok_sisa`, `hpp`, `created_at`, `updated_at`) VALUES (16, 292, 1, 0.00, 1.00, 0.00, 0.00, 1.00, 85.00, '2025-04-07 14:37:28', '2025-04-07 14:37:28');
INSERT INTO `pr_stok_bahan_baku`(`id`, `bahan_id`, `divisi_id`, `stok_awal`, `stok_masuk`, `stok_keluar`, `stok_penyesuaian`, `stok_sisa`, `hpp`, `created_at`, `updated_at`) VALUES (17, 293, 1, 0.00, 1.00, 0.00, 0.00, 1.00, 85.00, '2025-04-07 14:38:17', '2025-04-07 14:38:17');
INSERT INTO `pr_stok_bahan_baku`(`id`, `bahan_id`, `divisi_id`, `stok_awal`, `stok_masuk`, `stok_keluar`, `stok_penyesuaian`, `stok_sisa`, `hpp`, `created_at`, `updated_at`) VALUES (18, 215, 1, 0.00, 9.00, 0.00, 0.00, 9.00, 1.38, '2025-04-07 14:47:36', '2025-04-10 15:46:01');
INSERT INTO `pr_stok_bahan_baku`(`id`, `bahan_id`, `divisi_id`, `stok_awal`, `stok_masuk`, `stok_keluar`, `stok_penyesuaian`, `stok_sisa`, `hpp`, `created_at`, `updated_at`) VALUES (19, 313, 2, 0.00, 3.00, 0.00, 0.00, 3.00, 96.00, '2025-04-07 14:58:30', '2025-04-11 14:05:38');
INSERT INTO `pr_stok_bahan_baku`(`id`, `bahan_id`, `divisi_id`, `stok_awal`, `stok_masuk`, `stok_keluar`, `stok_penyesuaian`, `stok_sisa`, `hpp`, `created_at`, `updated_at`) VALUES (20, 264, 2, 0.00, 1.00, 0.00, 0.00, 1.00, 44.00, '2025-04-07 16:06:44', '2025-04-07 16:10:35');
INSERT INTO `pr_stok_bahan_baku`(`id`, `bahan_id`, `divisi_id`, `stok_awal`, `stok_masuk`, `stok_keluar`, `stok_penyesuaian`, `stok_sisa`, `hpp`, `created_at`, `updated_at`) VALUES (21, 369, 2, 0.00, 1.00, 0.00, 0.00, 1.00, 44.00, '2025-04-07 16:09:20', '2025-04-07 16:09:20');
INSERT INTO `pr_stok_bahan_baku`(`id`, `bahan_id`, `divisi_id`, `stok_awal`, `stok_masuk`, `stok_keluar`, `stok_penyesuaian`, `stok_sisa`, `hpp`, `created_at`, `updated_at`) VALUES (22, 268, 2, 0.00, 1.00, 0.00, 0.00, 1.00, 29.00, '2025-04-07 16:12:04', '2025-04-07 16:12:04');
INSERT INTO `pr_stok_bahan_baku`(`id`, `bahan_id`, `divisi_id`, `stok_awal`, `stok_masuk`, `stok_keluar`, `stok_penyesuaian`, `stok_sisa`, `hpp`, `created_at`, `updated_at`) VALUES (23, 266, 2, 0.00, 10.00, 0.00, 0.00, 10.00, 30000.00, '2025-04-07 16:14:45', '2025-04-07 16:14:45');
INSERT INTO `pr_stok_bahan_baku`(`id`, `bahan_id`, `divisi_id`, `stok_awal`, `stok_masuk`, `stok_keluar`, `stok_penyesuaian`, `stok_sisa`, `hpp`, `created_at`, `updated_at`) VALUES (24, 267, 2, 0.00, 5.00, 0.00, 0.00, 5.00, 67000.00, '2025-04-08 11:40:19', '2025-04-08 11:40:19');
INSERT INTO `pr_stok_bahan_baku`(`id`, `bahan_id`, `divisi_id`, `stok_awal`, `stok_masuk`, `stok_keluar`, `stok_penyesuaian`, `stok_sisa`, `hpp`, `created_at`, `updated_at`) VALUES (25, 47, 2, 0.00, 1.00, 0.00, 0.00, 1.00, 120.00, '2025-04-08 11:56:41', '2025-04-08 11:56:41');
INSERT INTO `pr_stok_bahan_baku`(`id`, `bahan_id`, `divisi_id`, `stok_awal`, `stok_masuk`, `stok_keluar`, `stok_penyesuaian`, `stok_sisa`, `hpp`, `created_at`, `updated_at`) VALUES (26, 334, 2, 0.00, 4.00, 0.00, 0.00, 4.00, 4000.00, '2025-04-08 12:00:01', '2025-04-11 11:29:27');
INSERT INTO `pr_stok_bahan_baku`(`id`, `bahan_id`, `divisi_id`, `stok_awal`, `stok_masuk`, `stok_keluar`, `stok_penyesuaian`, `stok_sisa`, `hpp`, `created_at`, `updated_at`) VALUES (27, 190, 1, 0.00, 12.00, 0.00, 0.00, 12.00, 17.08, '2025-04-08 12:11:01', '2025-04-08 12:11:01');
INSERT INTO `pr_stok_bahan_baku`(`id`, `bahan_id`, `divisi_id`, `stok_awal`, `stok_masuk`, `stok_keluar`, `stok_penyesuaian`, `stok_sisa`, `hpp`, `created_at`, `updated_at`) VALUES (28, 194, 1, 0.00, 2.00, 0.00, 0.00, 2.00, 31.25, '2025-04-08 13:23:59', '2025-04-08 13:23:59');
INSERT INTO `pr_stok_bahan_baku`(`id`, `bahan_id`, `divisi_id`, `stok_awal`, `stok_masuk`, `stok_keluar`, `stok_penyesuaian`, `stok_sisa`, `hpp`, `created_at`, `updated_at`) VALUES (29, 94, 2, 0.00, 7.00, 0.00, 0.00, 7.00, 3400.00, '2025-04-08 14:16:22', '2025-04-08 14:16:22');
INSERT INTO `pr_stok_bahan_baku`(`id`, `bahan_id`, `divisi_id`, `stok_awal`, `stok_masuk`, `stok_keluar`, `stok_penyesuaian`, `stok_sisa`, `hpp`, `created_at`, `updated_at`) VALUES (30, 95, 2, 0.00, 8.00, 0.00, 0.00, 8.00, 3200.00, '2025-04-08 14:24:14', '2025-04-08 14:24:14');
INSERT INTO `pr_stok_bahan_baku`(`id`, `bahan_id`, `divisi_id`, `stok_awal`, `stok_masuk`, `stok_keluar`, `stok_penyesuaian`, `stok_sisa`, `hpp`, `created_at`, `updated_at`) VALUES (31, 142, 2, 0.00, 1.00, 0.00, 0.00, 1.00, 19.30, '2025-04-08 14:25:59', '2025-04-08 14:25:59');
INSERT INTO `pr_stok_bahan_baku`(`id`, `bahan_id`, `divisi_id`, `stok_awal`, `stok_masuk`, `stok_keluar`, `stok_penyesuaian`, `stok_sisa`, `hpp`, `created_at`, `updated_at`) VALUES (32, 188, 2, 0.00, 1.00, 0.00, 0.00, 1.00, 35.71, '2025-04-08 14:26:54', '2025-04-08 14:26:54');
INSERT INTO `pr_stok_bahan_baku`(`id`, `bahan_id`, `divisi_id`, `stok_awal`, `stok_masuk`, `stok_keluar`, `stok_penyesuaian`, `stok_sisa`, `hpp`, `created_at`, `updated_at`) VALUES (33, 105, 2, 0.00, 1.00, 0.00, 0.00, 1.00, 117.50, '2025-04-08 14:28:48', '2025-04-08 14:28:48');
INSERT INTO `pr_stok_bahan_baku`(`id`, `bahan_id`, `divisi_id`, `stok_awal`, `stok_masuk`, `stok_keluar`, `stok_penyesuaian`, `stok_sisa`, `hpp`, `created_at`, `updated_at`) VALUES (34, 44, 2, 0.00, 2.00, 0.00, 0.00, 2.00, 35.00, '2025-04-08 14:29:13', '2025-04-08 14:29:13');
INSERT INTO `pr_stok_bahan_baku`(`id`, `bahan_id`, `divisi_id`, `stok_awal`, `stok_masuk`, `stok_keluar`, `stok_penyesuaian`, `stok_sisa`, `hpp`, `created_at`, `updated_at`) VALUES (35, 85, 2, 0.00, 2.00, 0.00, 0.00, 2.00, 27.00, '2025-04-08 14:29:42', '2025-04-08 14:29:42');
INSERT INTO `pr_stok_bahan_baku`(`id`, `bahan_id`, `divisi_id`, `stok_awal`, `stok_masuk`, `stok_keluar`, `stok_penyesuaian`, `stok_sisa`, `hpp`, `created_at`, `updated_at`) VALUES (36, 204, 2, 0.00, 7.00, 0.00, 0.00, 7.00, 350.00, '2025-04-08 14:30:17', '2025-04-11 12:15:03');
INSERT INTO `pr_stok_bahan_baku`(`id`, `bahan_id`, `divisi_id`, `stok_awal`, `stok_masuk`, `stok_keluar`, `stok_penyesuaian`, `stok_sisa`, `hpp`, `created_at`, `updated_at`) VALUES (37, 225, 2, 0.00, 2.00, 0.00, 0.00, 2.00, 180.00, '2025-04-08 14:31:22', '2025-04-08 14:31:22');
INSERT INTO `pr_stok_bahan_baku`(`id`, `bahan_id`, `divisi_id`, `stok_awal`, `stok_masuk`, `stok_keluar`, `stok_penyesuaian`, `stok_sisa`, `hpp`, `created_at`, `updated_at`) VALUES (38, 109, 2, 0.00, 1.00, 0.00, 0.00, 1.00, 142.00, '2025-04-08 14:32:21', '2025-04-08 14:32:21');
INSERT INTO `pr_stok_bahan_baku`(`id`, `bahan_id`, `divisi_id`, `stok_awal`, `stok_masuk`, `stok_keluar`, `stok_penyesuaian`, `stok_sisa`, `hpp`, `created_at`, `updated_at`) VALUES (39, 491, 2, 0.00, 1.00, 0.00, 0.00, 1.00, 48.50, '2025-04-08 14:34:53', '2025-04-08 14:34:53');
INSERT INTO `pr_stok_bahan_baku`(`id`, `bahan_id`, `divisi_id`, `stok_awal`, `stok_masuk`, `stok_keluar`, `stok_penyesuaian`, `stok_sisa`, `hpp`, `created_at`, `updated_at`) VALUES (40, 81, 2, 0.00, 1.00, 0.00, 0.00, 1.00, 74.00, '2025-04-08 14:35:34', '2025-04-08 14:35:34');
INSERT INTO `pr_stok_bahan_baku`(`id`, `bahan_id`, `divisi_id`, `stok_awal`, `stok_masuk`, `stok_keluar`, `stok_penyesuaian`, `stok_sisa`, `hpp`, `created_at`, `updated_at`) VALUES (41, 72, 2, 0.00, 1.00, 0.00, 0.00, 1.00, 15.00, '2025-04-08 14:36:34', '2025-04-08 14:36:34');
INSERT INTO `pr_stok_bahan_baku`(`id`, `bahan_id`, `divisi_id`, `stok_awal`, `stok_masuk`, `stok_keluar`, `stok_penyesuaian`, `stok_sisa`, `hpp`, `created_at`, `updated_at`) VALUES (42, 134, 1, 0.00, 1.00, 0.00, 0.00, 1.00, 76.00, '2025-04-08 14:37:12', '2025-04-08 14:37:12');
INSERT INTO `pr_stok_bahan_baku`(`id`, `bahan_id`, `divisi_id`, `stok_awal`, `stok_masuk`, `stok_keluar`, `stok_penyesuaian`, `stok_sisa`, `hpp`, `created_at`, `updated_at`) VALUES (43, 52, 1, 0.00, 2.00, 0.00, 0.00, 2.00, 1425.00, '2025-04-08 14:38:21', '2025-04-08 14:38:21');
INSERT INTO `pr_stok_bahan_baku`(`id`, `bahan_id`, `divisi_id`, `stok_awal`, `stok_masuk`, `stok_keluar`, `stok_penyesuaian`, `stok_sisa`, `hpp`, `created_at`, `updated_at`) VALUES (44, 148, 2, 0.00, 6.00, 0.00, 0.00, 6.00, 20.00, '2025-04-08 14:40:30', '2025-04-11 14:06:39');
INSERT INTO `pr_stok_bahan_baku`(`id`, `bahan_id`, `divisi_id`, `stok_awal`, `stok_masuk`, `stok_keluar`, `stok_penyesuaian`, `stok_sisa`, `hpp`, `created_at`, `updated_at`) VALUES (45, 365, 2, 0.00, 1.00, 0.00, 0.00, 1.00, 16.47, '2025-04-08 14:41:54', '2025-04-08 14:41:54');
INSERT INTO `pr_stok_bahan_baku`(`id`, `bahan_id`, `divisi_id`, `stok_awal`, `stok_masuk`, `stok_keluar`, `stok_penyesuaian`, `stok_sisa`, `hpp`, `created_at`, `updated_at`) VALUES (46, 296, 2, 0.00, 2.00, 0.00, 0.00, 2.00, 43.00, '2025-04-08 14:44:53', '2025-04-11 14:12:27');
INSERT INTO `pr_stok_bahan_baku`(`id`, `bahan_id`, `divisi_id`, `stok_awal`, `stok_masuk`, `stok_keluar`, `stok_penyesuaian`, `stok_sisa`, `hpp`, `created_at`, `updated_at`) VALUES (47, 316, 2, 0.00, 1.00, 0.00, 0.00, 1.00, 14.00, '2025-04-08 14:45:22', '2025-04-08 14:45:22');
INSERT INTO `pr_stok_bahan_baku`(`id`, `bahan_id`, `divisi_id`, `stok_awal`, `stok_masuk`, `stok_keluar`, `stok_penyesuaian`, `stok_sisa`, `hpp`, `created_at`, `updated_at`) VALUES (48, 344, 2, 0.00, 1.00, 0.00, 0.00, 1.00, 8.00, '2025-04-08 14:46:50', '2025-04-08 14:46:50');
INSERT INTO `pr_stok_bahan_baku`(`id`, `bahan_id`, `divisi_id`, `stok_awal`, `stok_masuk`, `stok_keluar`, `stok_penyesuaian`, `stok_sisa`, `hpp`, `created_at`, `updated_at`) VALUES (49, 353, 2, 0.00, 2.00, 0.00, 0.00, 2.00, 18.00, '2025-04-08 14:48:01', '2025-04-10 15:23:31');
INSERT INTO `pr_stok_bahan_baku`(`id`, `bahan_id`, `divisi_id`, `stok_awal`, `stok_masuk`, `stok_keluar`, `stok_penyesuaian`, `stok_sisa`, `hpp`, `created_at`, `updated_at`) VALUES (50, 357, 2, 0.00, 1.00, 0.00, 0.00, 1.00, 12.00, '2025-04-08 14:49:06', '2025-04-11 14:08:16');
INSERT INTO `pr_stok_bahan_baku`(`id`, `bahan_id`, `divisi_id`, `stok_awal`, `stok_masuk`, `stok_keluar`, `stok_penyesuaian`, `stok_sisa`, `hpp`, `created_at`, `updated_at`) VALUES (51, 357, 1, 0.00, 1.00, 0.00, 0.00, 1.00, 12.00, '2025-04-08 14:50:18', '2025-04-08 14:50:18');
INSERT INTO `pr_stok_bahan_baku`(`id`, `bahan_id`, `divisi_id`, `stok_awal`, `stok_masuk`, `stok_keluar`, `stok_penyesuaian`, `stok_sisa`, `hpp`, `created_at`, `updated_at`) VALUES (52, 125, 2, 0.00, 4.00, 0.00, 0.00, 4.00, 19.88, '2025-04-08 15:04:06', '2025-04-10 14:15:13');
INSERT INTO `pr_stok_bahan_baku`(`id`, `bahan_id`, `divisi_id`, `stok_awal`, `stok_masuk`, `stok_keluar`, `stok_penyesuaian`, `stok_sisa`, `hpp`, `created_at`, `updated_at`) VALUES (53, 97, 1, 0.00, 4.00, 0.00, 0.00, 4.00, 183.33, '2025-04-08 15:23:39', '2025-04-11 14:14:47');
INSERT INTO `pr_stok_bahan_baku`(`id`, `bahan_id`, `divisi_id`, `stok_awal`, `stok_masuk`, `stok_keluar`, `stok_penyesuaian`, `stok_sisa`, `hpp`, `created_at`, `updated_at`) VALUES (54, 297, 2, 0.00, 2.00, 0.00, 0.00, 2.00, 40.00, '2025-04-08 15:31:39', '2025-04-11 11:14:27');
INSERT INTO `pr_stok_bahan_baku`(`id`, `bahan_id`, `divisi_id`, `stok_awal`, `stok_masuk`, `stok_keluar`, `stok_penyesuaian`, `stok_sisa`, `hpp`, `created_at`, `updated_at`) VALUES (55, 299, 2, 0.00, 1.00, 0.00, 0.00, 1.00, 40.00, '2025-04-08 15:32:35', '2025-04-08 15:32:35');
INSERT INTO `pr_stok_bahan_baku`(`id`, `bahan_id`, `divisi_id`, `stok_awal`, `stok_masuk`, `stok_keluar`, `stok_penyesuaian`, `stok_sisa`, `hpp`, `created_at`, `updated_at`) VALUES (56, 150, 2, 0.00, 8.00, 0.00, 0.00, 8.00, 10.00, '2025-04-08 15:33:39', '2025-04-11 14:04:57');
INSERT INTO `pr_stok_bahan_baku`(`id`, `bahan_id`, `divisi_id`, `stok_awal`, `stok_masuk`, `stok_keluar`, `stok_penyesuaian`, `stok_sisa`, `hpp`, `created_at`, `updated_at`) VALUES (57, 50, 1, 0.00, 1.00, 0.00, 0.00, 1.00, 1200.00, '2025-04-08 15:34:08', '2025-04-08 15:34:08');
INSERT INTO `pr_stok_bahan_baku`(`id`, `bahan_id`, `divisi_id`, `stok_awal`, `stok_masuk`, `stok_keluar`, `stok_penyesuaian`, `stok_sisa`, `hpp`, `created_at`, `updated_at`) VALUES (58, 184, 2, 0.00, 1.00, 0.00, 0.00, 1.00, 100.00, '2025-04-10 07:05:02', '2025-04-10 07:05:02');
INSERT INTO `pr_stok_bahan_baku`(`id`, `bahan_id`, `divisi_id`, `stok_awal`, `stok_masuk`, `stok_keluar`, `stok_penyesuaian`, `stok_sisa`, `hpp`, `created_at`, `updated_at`) VALUES (59, 185, 2, 0.00, 1.00, 0.00, 0.00, 1.00, 95.00, '2025-04-10 07:08:05', '2025-04-10 07:08:05');
INSERT INTO `pr_stok_bahan_baku`(`id`, `bahan_id`, `divisi_id`, `stok_awal`, `stok_masuk`, `stok_keluar`, `stok_penyesuaian`, `stok_sisa`, `hpp`, `created_at`, `updated_at`) VALUES (60, 186, 2, 0.00, 1.00, 0.00, 0.00, 1.00, 211.09, '2025-04-10 07:09:39', '2025-04-10 07:09:39');
INSERT INTO `pr_stok_bahan_baku`(`id`, `bahan_id`, `divisi_id`, `stok_awal`, `stok_masuk`, `stok_keluar`, `stok_penyesuaian`, `stok_sisa`, `hpp`, `created_at`, `updated_at`) VALUES (61, 350, 2, 0.00, 2.00, 0.00, 0.00, 2.00, 1000.00, '2025-04-10 11:57:49', '2025-04-11 11:40:33');
INSERT INTO `pr_stok_bahan_baku`(`id`, `bahan_id`, `divisi_id`, `stok_awal`, `stok_masuk`, `stok_keluar`, `stok_penyesuaian`, `stok_sisa`, `hpp`, `created_at`, `updated_at`) VALUES (62, 352, 2, 0.00, 4.00, 0.00, 0.00, 4.00, 5000.00, '2025-04-10 12:00:35', '2025-04-11 11:36:43');
INSERT INTO `pr_stok_bahan_baku`(`id`, `bahan_id`, `divisi_id`, `stok_awal`, `stok_masuk`, `stok_keluar`, `stok_penyesuaian`, `stok_sisa`, `hpp`, `created_at`, `updated_at`) VALUES (63, 56, 1, 0.00, 2.00, 0.00, 0.00, 2.00, 833.33, '2025-04-10 12:03:29', '2025-04-11 11:26:34');
INSERT INTO `pr_stok_bahan_baku`(`id`, `bahan_id`, `divisi_id`, `stok_awal`, `stok_masuk`, `stok_keluar`, `stok_penyesuaian`, `stok_sisa`, `hpp`, `created_at`, `updated_at`) VALUES (64, 304, 2, 0.00, 1.00, 0.00, 0.00, 1.00, 16.00, '2025-04-10 14:34:05', '2025-04-10 14:34:05');
INSERT INTO `pr_stok_bahan_baku`(`id`, `bahan_id`, `divisi_id`, `stok_awal`, `stok_masuk`, `stok_keluar`, `stok_penyesuaian`, `stok_sisa`, `hpp`, `created_at`, `updated_at`) VALUES (65, 333, 2, 0.00, 1.00, 0.00, 0.00, 1.00, 16.00, '2025-04-10 14:34:55', '2025-04-10 14:34:55');
INSERT INTO `pr_stok_bahan_baku`(`id`, `bahan_id`, `divisi_id`, `stok_awal`, `stok_masuk`, `stok_keluar`, `stok_penyesuaian`, `stok_sisa`, `hpp`, `created_at`, `updated_at`) VALUES (66, 338, 2, 0.00, 1.00, 0.00, 0.00, 1.00, 18.00, '2025-04-10 14:36:16', '2025-04-10 14:36:16');
INSERT INTO `pr_stok_bahan_baku`(`id`, `bahan_id`, `divisi_id`, `stok_awal`, `stok_masuk`, `stok_keluar`, `stok_penyesuaian`, `stok_sisa`, `hpp`, `created_at`, `updated_at`) VALUES (67, 319, 2, 0.00, 1.00, 0.00, 0.00, 1.00, 10.00, '2025-04-10 14:36:40', '2025-04-10 14:36:40');
INSERT INTO `pr_stok_bahan_baku`(`id`, `bahan_id`, `divisi_id`, `stok_awal`, `stok_masuk`, `stok_keluar`, `stok_penyesuaian`, `stok_sisa`, `hpp`, `created_at`, `updated_at`) VALUES (68, 209, 2, 0.00, 1.00, 0.00, 0.00, 1.00, 100.00, '2025-04-10 14:38:32', '2025-04-10 14:38:32');
INSERT INTO `pr_stok_bahan_baku`(`id`, `bahan_id`, `divisi_id`, `stok_awal`, `stok_masuk`, `stok_keluar`, `stok_penyesuaian`, `stok_sisa`, `hpp`, `created_at`, `updated_at`) VALUES (69, 346, 2, 0.00, 1.00, 0.00, 0.00, 1.00, 15.00, '2025-04-11 14:07:33', '2025-04-11 14:07:33');
INSERT INTO `pr_stok_bahan_baku`(`id`, `bahan_id`, `divisi_id`, `stok_awal`, `stok_masuk`, `stok_keluar`, `stok_penyesuaian`, `stok_sisa`, `hpp`, `created_at`, `updated_at`) VALUES (70, 93, 1, 0.00, 4.00, 0.00, 0.00, 4.00, 18.50, '2025-04-11 14:15:29', '2025-04-11 14:15:29');
INSERT INTO `pr_stok_bahan_baku`(`id`, `bahan_id`, `divisi_id`, `stok_awal`, `stok_masuk`, `stok_keluar`, `stok_penyesuaian`, `stok_sisa`, `hpp`, `created_at`, `updated_at`) VALUES (71, 10, 1, 0.00, 1.00, 0.00, 0.00, 1.00, 130.00, '2025-04-11 14:22:23', '2025-04-11 14:22:23');
INSERT INTO `pr_stok_bahan_baku`(`id`, `bahan_id`, `divisi_id`, `stok_awal`, `stok_masuk`, `stok_keluar`, `stok_penyesuaian`, `stok_sisa`, `hpp`, `created_at`, `updated_at`) VALUES (72, 91, 2, 0.00, 2.00, 0.00, 0.00, 2.00, 17.00, '2025-04-12 12:15:14', '2025-04-12 12:15:14');
INSERT INTO `pr_struk`(`id`, `nama_outlet`, `alamat`, `email`, `no_telepon`, `custom_header`, `custom_footer`, `logo`, `created_at`, `updated_at`) VALUES (2, 'Namua Coffee & Eatery', 'Jalan Magnolia, Desa Kabongan Kidul - Rembang', 'namuacoffee@gmail.com', '085150737377', 'Selamat Datang di Namua Coffee & Eatery', 'Terima kasih telah berkunjung. Kunjungi lagi dan dapatkan promo menarik lainnya! Follow kami di Instagram: @namuacoffee', 'logo_1744019362.jpg', NULL, '2025-04-13 06:34:19');
INSERT INTO `pr_struk_tampilan`(`id`, `printer_id`, `show_logo`, `show_outlet`, `show_alamat`, `show_no_telepon`, `show_custom_header`, `show_invoice`, `show_kasir_order`, `show_kasir_bayar`, `show_no_transaksi`, `show_customer`, `show_nomor_meja`, `show_waktu_order`, `show_waktu_bayar`, `show_custom_footer`, `created_at`, `updated_at`) VALUES (1, 1, 0, 1, 1, 1, 1, 0, 0, 1, 1, 1, 1, 1, 1, 1, '2025-04-12 13:39:14', '2025-04-18 22:00:46');
INSERT INTO `pr_struk_tampilan`(`id`, `printer_id`, `show_logo`, `show_outlet`, `show_alamat`, `show_no_telepon`, `show_custom_header`, `show_invoice`, `show_kasir_order`, `show_kasir_bayar`, `show_no_transaksi`, `show_customer`, `show_nomor_meja`, `show_waktu_order`, `show_waktu_bayar`, `show_custom_footer`, `created_at`, `updated_at`) VALUES (2, 2, 0, 0, 0, 0, 0, 0, 1, 0, 1, 1, 1, 1, 0, 0, '2025-04-12 13:39:14', '2025-04-13 09:35:39');
INSERT INTO `pr_struk_tampilan`(`id`, `printer_id`, `show_logo`, `show_outlet`, `show_alamat`, `show_no_telepon`, `show_custom_header`, `show_invoice`, `show_kasir_order`, `show_kasir_bayar`, `show_no_transaksi`, `show_customer`, `show_nomor_meja`, `show_waktu_order`, `show_waktu_bayar`, `show_custom_footer`, `created_at`, `updated_at`) VALUES (3, 3, 0, 0, 0, 0, 0, 0, 1, 0, 1, 1, 1, 1, 0, 0, '2025-04-12 13:39:14', '2025-04-13 11:14:19');
INSERT INTO `pr_struk_tampilan`(`id`, `printer_id`, `show_logo`, `show_outlet`, `show_alamat`, `show_no_telepon`, `show_custom_header`, `show_invoice`, `show_kasir_order`, `show_kasir_bayar`, `show_no_transaksi`, `show_customer`, `show_nomor_meja`, `show_waktu_order`, `show_waktu_bayar`, `show_custom_footer`, `created_at`, `updated_at`) VALUES (4, 4, 0, 0, 0, 0, 0, 0, 1, 0, 1, 1, 1, 1, 0, 0, '2025-04-12 13:39:14', '2025-04-13 11:17:40');
INSERT INTO `pr_transaksi`(`id`, `customer_id`, `tanggal`, `no_transaksi`, `waktu_order`, `waktu_bayar`, `jenis_order_id`, `customer`, `nomor_meja`, `total_penjualan`, `kasir_order`, `kasir_bayar`, `kode_voucher`, `diskon`, `total_pembayaran`, `sisa_pembayaran`, `status_pembayaran`, `created_at`, `updated_at`) VALUES (1, NULL, '2025-04-21', 'CS/63/250421/0001', '2025-04-21 21:37:31', '2025-04-21 22:00:33', 1, 'Bagos Banget', '2', 152000.00, 98, 98, 'tes 20', 10000, 142000, 0, 'REFUND', '2025-04-21 21:37:31', '2025-04-23 21:49:29');
INSERT INTO `pr_transaksi`(`id`, `customer_id`, `tanggal`, `no_transaksi`, `waktu_order`, `waktu_bayar`, `jenis_order_id`, `customer`, `nomor_meja`, `total_penjualan`, `kasir_order`, `kasir_bayar`, `kode_voucher`, `diskon`, `total_pembayaran`, `sisa_pembayaran`, `status_pembayaran`, `created_at`, `updated_at`) VALUES (2, NULL, '2025-04-21', 'CS/63/250421/0002', '2025-04-21 21:43:52', '2025-04-21 22:00:01', 1, 'ANDI', '4', 117000.00, 98, 98, '', 0, 117000, 0, 'REFUND', '2025-04-21 21:43:52', '2025-04-23 21:46:50');
INSERT INTO `pr_transaksi`(`id`, `customer_id`, `tanggal`, `no_transaksi`, `waktu_order`, `waktu_bayar`, `jenis_order_id`, `customer`, `nomor_meja`, `total_penjualan`, `kasir_order`, `kasir_bayar`, `kode_voucher`, `diskon`, `total_pembayaran`, `sisa_pembayaran`, `status_pembayaran`, `created_at`, `updated_at`) VALUES (3, NULL, '2025-04-21', 'CS/63/250421/0003', '2025-04-21 21:45:35', '2025-04-21 23:52:22', 1, 'Devi Tri Silviana', '4', 52000.00, 98, 98, '', 0, 52000, 0, 'REFUND', '2025-04-21 21:45:35', '2025-04-23 21:54:41');
INSERT INTO `pr_transaksi`(`id`, `customer_id`, `tanggal`, `no_transaksi`, `waktu_order`, `waktu_bayar`, `jenis_order_id`, `customer`, `nomor_meja`, `total_penjualan`, `kasir_order`, `kasir_bayar`, `kode_voucher`, `diskon`, `total_pembayaran`, `sisa_pembayaran`, `status_pembayaran`, `created_at`, `updated_at`) VALUES (4, NULL, '2025-04-21', 'CS/63/250421/0004', '2025-04-21 21:48:42', '2025-04-21 21:59:50', 1, 'Nanda', '', 52000.00, 98, 98, '', 0, 52000, 0, 'REFUND', '2025-04-21 21:48:42', '2025-04-24 06:09:13');
INSERT INTO `pr_transaksi`(`id`, `customer_id`, `tanggal`, `no_transaksi`, `waktu_order`, `waktu_bayar`, `jenis_order_id`, `customer`, `nomor_meja`, `total_penjualan`, `kasir_order`, `kasir_bayar`, `kode_voucher`, `diskon`, `total_pembayaran`, `sisa_pembayaran`, `status_pembayaran`, `created_at`, `updated_at`) VALUES (5, 1, '2025-04-21', 'CS/63/250421/0005', '2025-04-21 22:01:06', '2025-04-21 22:01:23', 1, 'ANDI', '2', 16000.00, 98, 98, '', 0, 16000, 0, 'REFUND', '2025-04-21 22:01:06', '2025-04-23 21:46:04');
INSERT INTO `pr_transaksi`(`id`, `customer_id`, `tanggal`, `no_transaksi`, `waktu_order`, `waktu_bayar`, `jenis_order_id`, `customer`, `nomor_meja`, `total_penjualan`, `kasir_order`, `kasir_bayar`, `kode_voucher`, `diskon`, `total_pembayaran`, `sisa_pembayaran`, `status_pembayaran`, `created_at`, `updated_at`) VALUES (6, 1, '2025-04-22', 'CS/63/250422/0001', '2025-04-22 20:01:38', '2025-04-23 21:58:43', 1, 'ANDI', '3', 197500.00, 98, 98, '', 0, 197500, 0, 'REFUND', '2025-04-22 20:01:38', '2025-04-24 06:08:30');
INSERT INTO `pr_transaksi`(`id`, `customer_id`, `tanggal`, `no_transaksi`, `waktu_order`, `waktu_bayar`, `jenis_order_id`, `customer`, `nomor_meja`, `total_penjualan`, `kasir_order`, `kasir_bayar`, `kode_voucher`, `diskon`, `total_pembayaran`, `sisa_pembayaran`, `status_pembayaran`, `created_at`, `updated_at`) VALUES (7, 2, '2025-04-22', 'CS/63/250422/0002', '2025-04-22 20:03:03', '2025-04-22 20:05:13', 1, 'ANIS FITRIYA', '4', 124500.00, 98, 98, 'TES 20', 10000, 114500, 0, 'REFUND', '2025-04-22 20:03:03', '2025-04-23 21:51:11');
INSERT INTO `pr_transaksi`(`id`, `customer_id`, `tanggal`, `no_transaksi`, `waktu_order`, `waktu_bayar`, `jenis_order_id`, `customer`, `nomor_meja`, `total_penjualan`, `kasir_order`, `kasir_bayar`, `kode_voucher`, `diskon`, `total_pembayaran`, `sisa_pembayaran`, `status_pembayaran`, `created_at`, `updated_at`) VALUES (8, 2, '2025-04-22', 'CS/63/250422/0003', '2025-04-22 20:05:37', '2025-04-23 22:05:07', 1, 'ANIS FITRIYA', '2', 126000.00, 98, 98, '', 0, 126000, 0, 'REFUND', '2025-04-22 20:05:37', '2025-04-24 12:02:35');
INSERT INTO `pr_transaksi`(`id`, `customer_id`, `tanggal`, `no_transaksi`, `waktu_order`, `waktu_bayar`, `jenis_order_id`, `customer`, `nomor_meja`, `total_penjualan`, `kasir_order`, `kasir_bayar`, `kode_voucher`, `diskon`, `total_pembayaran`, `sisa_pembayaran`, `status_pembayaran`, `created_at`, `updated_at`) VALUES (9, 37, '2025-04-23', 'CS/63/250423/0001', '2025-04-23 22:09:44', '2025-04-23 22:10:53', 1, 'FAJAR ADI P', '2', 39000.00, 98, 98, '', 0, 39000, 0, 'REFUND', '2025-04-23 22:09:44', '2025-04-24 05:42:25');
INSERT INTO `pr_transaksi`(`id`, `customer_id`, `tanggal`, `no_transaksi`, `waktu_order`, `waktu_bayar`, `jenis_order_id`, `customer`, `nomor_meja`, `total_penjualan`, `kasir_order`, `kasir_bayar`, `kode_voucher`, `diskon`, `total_pembayaran`, `sisa_pembayaran`, `status_pembayaran`, `created_at`, `updated_at`) VALUES (10, 1, '2025-04-24', 'CS/63/250424/0001', '2025-04-24 12:10:11', '2025-04-24 12:10:43', 1, 'ANDI', '3', 67500.00, 98, 98, '', 0, 67500, 0, 'REFUND', '2025-04-24 12:10:11', '2025-04-24 13:58:02');
INSERT INTO `pr_transaksi`(`id`, `customer_id`, `tanggal`, `no_transaksi`, `waktu_order`, `waktu_bayar`, `jenis_order_id`, `customer`, `nomor_meja`, `total_penjualan`, `kasir_order`, `kasir_bayar`, `kode_voucher`, `diskon`, `total_pembayaran`, `sisa_pembayaran`, `status_pembayaran`, `created_at`, `updated_at`) VALUES (11, 2, '2025-04-24', 'CS/63/250424/0002', '2025-04-24 13:42:35', '2025-04-25 10:35:40', 1, 'ANIS FITRIYA', '3', 36000.00, 98, 98, '', 0, 36000, 0, 'REFUND', '2025-04-24 13:42:35', '2025-04-26 16:15:05');
INSERT INTO `pr_transaksi`(`id`, `customer_id`, `tanggal`, `no_transaksi`, `waktu_order`, `waktu_bayar`, `jenis_order_id`, `customer`, `nomor_meja`, `total_penjualan`, `kasir_order`, `kasir_bayar`, `kode_voucher`, `diskon`, `total_pembayaran`, `sisa_pembayaran`, `status_pembayaran`, `created_at`, `updated_at`) VALUES (12, 1, '2025-04-27', 'CS/63/250427/0001', '2025-04-27 05:40:34', '2025-04-27 21:19:31', 1, 'ANDI', '3', 127500.00, 98, 98, '', 0, 127500, 0, 'LUNAS', '2025-04-27 05:40:34', '2025-04-27 21:19:31');
INSERT INTO `pr_transaksi`(`id`, `customer_id`, `tanggal`, `no_transaksi`, `waktu_order`, `waktu_bayar`, `jenis_order_id`, `customer`, `nomor_meja`, `total_penjualan`, `kasir_order`, `kasir_bayar`, `kode_voucher`, `diskon`, `total_pembayaran`, `sisa_pembayaran`, `status_pembayaran`, `created_at`, `updated_at`) VALUES (13, 2, '2025-04-27', 'CS/63/250427/0002', '2025-04-27 06:02:33', '2025-04-27 21:19:21', 1, 'ANIS FITRIYA', '10', 74500.00, 98, 98, '', 0, 74500, 0, 'LUNAS', '2025-04-27 06:02:33', '2025-04-27 22:01:34');
INSERT INTO `pr_transaksi`(`id`, `customer_id`, `tanggal`, `no_transaksi`, `waktu_order`, `waktu_bayar`, `jenis_order_id`, `customer`, `nomor_meja`, `total_penjualan`, `kasir_order`, `kasir_bayar`, `kode_voucher`, `diskon`, `total_pembayaran`, `sisa_pembayaran`, `status_pembayaran`, `created_at`, `updated_at`) VALUES (14, 28, '2025-04-27', 'CS/63/250427/0003', '2025-04-27 19:35:49', '2025-04-27 21:19:12', 1, 'sasa', '33', 16000.00, 98, 98, '', 0, 16000, 0, 'LUNAS', '2025-04-27 19:35:49', '2025-04-27 21:19:12');
INSERT INTO `pr_transaksi`(`id`, `customer_id`, `tanggal`, `no_transaksi`, `waktu_order`, `waktu_bayar`, `jenis_order_id`, `customer`, `nomor_meja`, `total_penjualan`, `kasir_order`, `kasir_bayar`, `kode_voucher`, `diskon`, `total_pembayaran`, `sisa_pembayaran`, `status_pembayaran`, `created_at`, `updated_at`) VALUES (15, 4, '2025-04-27', 'CS/63/250427/0004', '2025-04-27 19:40:07', '2025-04-27 21:19:41', 1, 'Prayogo Ryza ', '3', 17000.00, 98, 98, '', 0, 17000, 0, 'LUNAS', '2025-04-27 19:40:07', '2025-04-27 21:19:41');
INSERT INTO `pr_transaksi`(`id`, `customer_id`, `tanggal`, `no_transaksi`, `waktu_order`, `waktu_bayar`, `jenis_order_id`, `customer`, `nomor_meja`, `total_penjualan`, `kasir_order`, `kasir_bayar`, `kode_voucher`, `diskon`, `total_pembayaran`, `sisa_pembayaran`, `status_pembayaran`, `created_at`, `updated_at`) VALUES (16, 34, '2025-04-27', 'CS/63/250427/0005', '2025-04-27 19:40:30', '2025-04-27 21:18:52', 1, 'Yola', '6', 47000.00, 98, 98, '', 0, 47000, 0, 'LUNAS', '2025-04-27 19:40:30', '2025-04-27 21:18:52');
INSERT INTO `pr_transaksi`(`id`, `customer_id`, `tanggal`, `no_transaksi`, `waktu_order`, `waktu_bayar`, `jenis_order_id`, `customer`, `nomor_meja`, `total_penjualan`, `kasir_order`, `kasir_bayar`, `kode_voucher`, `diskon`, `total_pembayaran`, `sisa_pembayaran`, `status_pembayaran`, `created_at`, `updated_at`) VALUES (17, 18, '2025-04-27', 'CS/63/250427/0006', '2025-04-27 19:40:48', '2025-04-27 21:19:02', 1, 'Muzaki', '', 53000.00, 98, 98, '', 0, 53000, 0, 'LUNAS', '2025-04-27 19:40:48', '2025-04-27 21:19:02');
INSERT INTO `pr_transaksi`(`id`, `customer_id`, `tanggal`, `no_transaksi`, `waktu_order`, `waktu_bayar`, `jenis_order_id`, `customer`, `nomor_meja`, `total_penjualan`, `kasir_order`, `kasir_bayar`, `kode_voucher`, `diskon`, `total_pembayaran`, `sisa_pembayaran`, `status_pembayaran`, `created_at`, `updated_at`) VALUES (20, 37, '2025-04-27', 'CS/63/250427/0009', '2025-04-27 20:07:30', '2025-04-27 21:18:40', 1, 'FAJAR ADI P', '3', 72000.00, 98, 98, '', 0, 72000, 0, 'LUNAS', '2025-04-27 20:07:30', '2025-04-27 21:18:40');
INSERT INTO `pr_transaksi`(`id`, `customer_id`, `tanggal`, `no_transaksi`, `waktu_order`, `waktu_bayar`, `jenis_order_id`, `customer`, `nomor_meja`, `total_penjualan`, `kasir_order`, `kasir_bayar`, `kode_voucher`, `diskon`, `total_pembayaran`, `sisa_pembayaran`, `status_pembayaran`, `created_at`, `updated_at`) VALUES (21, 1, '2025-04-28', 'CS/63/250428/0001', '2025-04-28 05:08:56', NULL, 1, 'ANDI', '', 45500.00, 98, NULL, NULL, NULL, 0, 45500, 'BELUM_LUNAS', '2025-04-28 05:08:56', '2025-04-28 05:08:56');
INSERT INTO `pr_transaksi`(`id`, `customer_id`, `tanggal`, `no_transaksi`, `waktu_order`, `waktu_bayar`, `jenis_order_id`, `customer`, `nomor_meja`, `total_penjualan`, `kasir_order`, `kasir_bayar`, `kode_voucher`, `diskon`, `total_pembayaran`, `sisa_pembayaran`, `status_pembayaran`, `created_at`, `updated_at`) VALUES (22, 2, '2025-04-28', 'CS/63/250428/0002', '2025-04-28 05:09:35', NULL, 1, 'ANIS FITRIYA', '4', 45000.00, 98, NULL, NULL, NULL, 0, 45000, 'BELUM_LUNAS', '2025-04-28 05:09:35', '2025-04-28 05:09:35');
INSERT INTO `pr_transaksi`(`id`, `customer_id`, `tanggal`, `no_transaksi`, `waktu_order`, `waktu_bayar`, `jenis_order_id`, `customer`, `nomor_meja`, `total_penjualan`, `kasir_order`, `kasir_bayar`, `kode_voucher`, `diskon`, `total_pembayaran`, `sisa_pembayaran`, `status_pembayaran`, `created_at`, `updated_at`) VALUES (23, 4, '2025-04-28', 'CS/63/250428/0003', '2025-04-28 05:11:03', '2025-04-28 05:47:26', 1, 'Prayogo Ryza ', '21', 109000.00, 98, 98, '', 0, 109000, 0, 'LUNAS', '2025-04-28 05:11:03', '2025-04-28 05:47:26');
INSERT INTO `pr_transaksi`(`id`, `customer_id`, `tanggal`, `no_transaksi`, `waktu_order`, `waktu_bayar`, `jenis_order_id`, `customer`, `nomor_meja`, `total_penjualan`, `kasir_order`, `kasir_bayar`, `kode_voucher`, `diskon`, `total_pembayaran`, `sisa_pembayaran`, `status_pembayaran`, `created_at`, `updated_at`) VALUES (24, 8, '2025-04-28', 'CS/63/250428/0004', '2025-04-28 05:11:23', '2025-04-28 05:11:40', 1, 'Bagos Banget', '', 78000.00, 98, 98, '', 0, 78000, 0, 'LUNAS', '2025-04-28 05:11:23', '2025-04-28 05:11:40');
INSERT INTO `pr_transaksi`(`id`, `customer_id`, `tanggal`, `no_transaksi`, `waktu_order`, `waktu_bayar`, `jenis_order_id`, `customer`, `nomor_meja`, `total_penjualan`, `kasir_order`, `kasir_bayar`, `kode_voucher`, `diskon`, `total_pembayaran`, `sisa_pembayaran`, `status_pembayaran`, `created_at`, `updated_at`) VALUES (25, NULL, '2025-04-28', 'CS/63/250428/0005', '2025-04-28 05:45:43', NULL, 1, 'JONO', '4', 43000.00, 98, NULL, NULL, NULL, 0, 43000, 'BELUM_LUNAS', '2025-04-28 05:45:43', '2025-04-28 05:45:43');
INSERT INTO `pr_transaksi`(`id`, `customer_id`, `tanggal`, `no_transaksi`, `waktu_order`, `waktu_bayar`, `jenis_order_id`, `customer`, `nomor_meja`, `total_penjualan`, `kasir_order`, `kasir_bayar`, `kode_voucher`, `diskon`, `total_pembayaran`, `sisa_pembayaran`, `status_pembayaran`, `created_at`, `updated_at`) VALUES (26, 12, '2025-04-28', 'CS/63/250428/0006', '2025-04-28 06:00:17', NULL, 1, 'Kartika', '3', 66000.00, 98, NULL, NULL, NULL, 0, 66000, 'BELUM_LUNAS', '2025-04-28 06:00:17', '2025-04-28 06:00:17');
INSERT INTO `pr_void`(`id`, `pr_transaksi_id`, `no_transaksi`, `detail_transaksi_id`, `pr_produk_id`, `nama_produk`, `detail_extra_id`, `produk_extra_id`, `nama_extra`, `jumlah`, `harga`, `catatan`, `alasan`, `void_by`, `waktu`, `created_at`, `updated_at`, `is_printed`) VALUES (1, 2, 'CS/63/250420/0002', 9, 76, 'CHICKEN KARAGE', NULL, NULL, NULL, 1, 22000, '', 'batal', 98, '2025-04-20 11:17:24', '2025-04-20 11:17:24', '2025-04-20 11:17:27', 1);
INSERT INTO `pr_void`(`id`, `pr_transaksi_id`, `no_transaksi`, `detail_transaksi_id`, `pr_produk_id`, `nama_produk`, `detail_extra_id`, `produk_extra_id`, `nama_extra`, `jumlah`, `harga`, `catatan`, `alasan`, `void_by`, `waktu`, `created_at`, `updated_at`, `is_printed`) VALUES (2, 2, 'CS/63/250420/0002', 16, 7, 'AMERICANO ICE', NULL, NULL, NULL, 1, 17000, '', 'batal', 98, '2025-04-20 11:17:24', '2025-04-20 11:17:24', '2025-04-20 11:17:27', 1);
INSERT INTO `pr_void`(`id`, `pr_transaksi_id`, `no_transaksi`, `detail_transaksi_id`, `pr_produk_id`, `nama_produk`, `detail_extra_id`, `produk_extra_id`, `nama_extra`, `jumlah`, `harga`, `catatan`, `alasan`, `void_by`, `waktu`, `created_at`, `updated_at`, `is_printed`) VALUES (3, 2, 'CS/63/250420/0002', 16, 7, 'AMERICANO ICE', 6, 2, 'PAPPER BOX', 1, 1500, 'Extra', 'batal', 98, '2025-04-20 11:17:24', '2025-04-20 11:17:24', '2025-04-20 11:17:27', 1);
INSERT INTO `pr_void`(`id`, `pr_transaksi_id`, `no_transaksi`, `detail_transaksi_id`, `pr_produk_id`, `nama_produk`, `detail_extra_id`, `produk_extra_id`, `nama_extra`, `jumlah`, `harga`, `catatan`, `alasan`, `void_by`, `waktu`, `created_at`, `updated_at`, `is_printed`) VALUES (4, 2, 'CS/63/250420/0002', 17, 7, 'AMERICANO ICE', NULL, NULL, NULL, 1, 17000, '', 'batal', 98, '2025-04-20 11:17:24', '2025-04-20 11:17:24', '2025-04-20 11:17:27', 1);
INSERT INTO `pr_void`(`id`, `pr_transaksi_id`, `no_transaksi`, `detail_transaksi_id`, `pr_produk_id`, `nama_produk`, `detail_extra_id`, `produk_extra_id`, `nama_extra`, `jumlah`, `harga`, `catatan`, `alasan`, `void_by`, `waktu`, `created_at`, `updated_at`, `is_printed`) VALUES (5, 2, 'CS/63/250420/0002', 17, 7, 'AMERICANO ICE', 7, 2, 'PAPPER BOX', 1, 1500, 'Extra', 'batal', 98, '2025-04-20 11:17:24', '2025-04-20 11:17:24', '2025-04-20 11:17:27', 1);
INSERT INTO `pr_void`(`id`, `pr_transaksi_id`, `no_transaksi`, `detail_transaksi_id`, `pr_produk_id`, `nama_produk`, `detail_extra_id`, `produk_extra_id`, `nama_extra`, `jumlah`, `harga`, `catatan`, `alasan`, `void_by`, `waktu`, `created_at`, `updated_at`, `is_printed`) VALUES (6, 6, 'CS/63/250422/0001', 24, 7, 'AMERICANO ICE', NULL, NULL, NULL, 1, 17000, '', 'salah pesan', 98, '2025-04-23 06:57:51', '2025-04-23 06:57:51', '2025-04-23 06:57:56', 1);
INSERT INTO `pr_void`(`id`, `pr_transaksi_id`, `no_transaksi`, `detail_transaksi_id`, `pr_produk_id`, `nama_produk`, `detail_extra_id`, `produk_extra_id`, `nama_extra`, `jumlah`, `harga`, `catatan`, `alasan`, `void_by`, `waktu`, `created_at`, `updated_at`, `is_printed`) VALUES (7, 6, 'CS/63/250422/0001', 24, 7, 'AMERICANO ICE', 13, 2, 'PAPPER BOX', 2, 1500, 'Extra', 'salah pesan', 98, '2025-04-23 06:57:51', '2025-04-23 06:57:51', '2025-04-23 06:57:56', 1);
INSERT INTO `pr_void`(`id`, `pr_transaksi_id`, `no_transaksi`, `detail_transaksi_id`, `pr_produk_id`, `nama_produk`, `detail_extra_id`, `produk_extra_id`, `nama_extra`, `jumlah`, `harga`, `catatan`, `alasan`, `void_by`, `waktu`, `created_at`, `updated_at`, `is_printed`) VALUES (8, 6, 'CS/63/250422/0001', 25, 7, 'AMERICANO ICE', NULL, NULL, NULL, 1, 17000, '', 'salah pesan', 98, '2025-04-23 06:57:51', '2025-04-23 06:57:51', '2025-04-23 06:57:56', 1);
INSERT INTO `pr_void`(`id`, `pr_transaksi_id`, `no_transaksi`, `detail_transaksi_id`, `pr_produk_id`, `nama_produk`, `detail_extra_id`, `produk_extra_id`, `nama_extra`, `jumlah`, `harga`, `catatan`, `alasan`, `void_by`, `waktu`, `created_at`, `updated_at`, `is_printed`) VALUES (9, 6, 'CS/63/250422/0001', 25, 7, 'AMERICANO ICE', 14, 2, 'PAPPER BOX', 2, 1500, 'Extra', 'salah pesan', 98, '2025-04-23 06:57:51', '2025-04-23 06:57:51', '2025-04-23 06:57:56', 1);
INSERT INTO `pr_void`(`id`, `pr_transaksi_id`, `no_transaksi`, `detail_transaksi_id`, `pr_produk_id`, `nama_produk`, `detail_extra_id`, `produk_extra_id`, `nama_extra`, `jumlah`, `harga`, `catatan`, `alasan`, `void_by`, `waktu`, `created_at`, `updated_at`, `is_printed`) VALUES (10, 8, 'CS/63/250422/0003', 34, 14, 'AYAM BAKAR SAMBAL DABU-DABU + NASI', NULL, NULL, NULL, 1, 28000, '', 'sasa', 98, '2025-04-23 22:04:15', '2025-04-23 22:04:15', '2025-04-23 22:04:15', 0);
INSERT INTO `pr_void`(`id`, `pr_transaksi_id`, `no_transaksi`, `detail_transaksi_id`, `pr_produk_id`, `nama_produk`, `detail_extra_id`, `produk_extra_id`, `nama_extra`, `jumlah`, `harga`, `catatan`, `alasan`, `void_by`, `waktu`, `created_at`, `updated_at`, `is_printed`) VALUES (11, 9, 'CS/63/250423/0001', 43, 6, 'AMERICANO HOT', NULL, NULL, NULL, 1, 16000, '', 'sa', 98, '2025-04-23 22:10:07', '2025-04-23 22:10:07', '2025-04-23 22:10:12', 1);
INSERT INTO `pr_void`(`id`, `pr_transaksi_id`, `no_transaksi`, `detail_transaksi_id`, `pr_produk_id`, `nama_produk`, `detail_extra_id`, `produk_extra_id`, `nama_extra`, `jumlah`, `harga`, `catatan`, `alasan`, `void_by`, `waktu`, `created_at`, `updated_at`, `is_printed`) VALUES (15, 11, 'CS/63/250424/0002', 47, 218, 'RICE BOWL DORY CANGGU', NULL, NULL, NULL, 1, 22000, '', 'dss', 98, '2025-04-24 14:11:05', '2025-04-24 14:11:05', '2025-04-24 14:11:09', 1);
INSERT INTO `pr_voucher`(`id`, `kode_voucher`, `jenis`, `nilai`, `min_pembelian`, `produk_id`, `jumlah_gratis`, `max_diskon`, `maksimal_voucher`, `sisa_voucher`, `status`, `tanggal_mulai`, `tanggal_berakhir`, `created_at`, `updated_at`) VALUES (4, 'TES01', 'persentase', 15, 10000, 0, 0, 0, 100, 97, 'aktif', '2025-01-01', '2025-05-08', '2025-03-24 06:18:07', '2025-04-20 09:38:56');
INSERT INTO `pr_voucher`(`id`, `kode_voucher`, `jenis`, `nilai`, `min_pembelian`, `produk_id`, `jumlah_gratis`, `max_diskon`, `maksimal_voucher`, `sisa_voucher`, `status`, `tanggal_mulai`, `tanggal_berakhir`, `created_at`, `updated_at`) VALUES (5, 'BEBEK10', 'persentase', 10, 0, 25, 100, 20000, 100, 93, 'aktif', '2025-01-01', '2025-05-08', '2025-03-24 06:18:07', '2025-04-20 07:24:44');
INSERT INTO `pr_voucher`(`id`, `kode_voucher`, `jenis`, `nilai`, `min_pembelian`, `produk_id`, `jumlah_gratis`, `max_diskon`, `maksimal_voucher`, `sisa_voucher`, `status`, `tanggal_mulai`, `tanggal_berakhir`, `created_at`, `updated_at`) VALUES (6, 'TES 20', 'persentase', 20, 100000, 0, 0, 10000, 100, 96, 'aktif', '2025-01-01', '2025-05-08', '2025-03-24 06:18:07', '2025-04-22 20:05:13');
INSERT INTO `pr_voucher`(`id`, `kode_voucher`, `jenis`, `nilai`, `min_pembelian`, `produk_id`, `jumlah_gratis`, `max_diskon`, `maksimal_voucher`, `sisa_voucher`, `status`, `tanggal_mulai`, `tanggal_berakhir`, `created_at`, `updated_at`) VALUES (7, 'TES03', 'nominal', 10000, 0, 0, 0, 0, 100, 100, 'aktif', '2025-01-01', '2025-05-08', '2025-03-24 06:18:07', '2025-04-16 21:32:11');
INSERT INTO `pr_voucher`(`id`, `kode_voucher`, `jenis`, `nilai`, `min_pembelian`, `produk_id`, `jumlah_gratis`, `max_diskon`, `maksimal_voucher`, `sisa_voucher`, `status`, `tanggal_mulai`, `tanggal_berakhir`, `created_at`, `updated_at`) VALUES (8, 'TES02', 'persentase', 10, 1000000, 0, 0, 0, 100, 100, 'aktif', '2025-03-15', '2026-05-17', '2025-04-16 19:33:11', '2025-04-16 21:32:08');
