-- MariaDB dump 10.19  Distrib 10.4.32-MariaDB, for Win64 (AMD64)
--
-- Host: localhost    Database: namua
-- ------------------------------------------------------
-- Server version	10.4.32-MariaDB

/*!40101 SET @OLD_CHARACTER_SET_CLIENT=@@CHARACTER_SET_CLIENT */;
/*!40101 SET @OLD_CHARACTER_SET_RESULTS=@@CHARACTER_SET_RESULTS */;
/*!40101 SET @OLD_COLLATION_CONNECTION=@@COLLATION_CONNECTION */;
/*!40101 SET NAMES utf8mb4 */;
/*!40103 SET @OLD_TIME_ZONE=@@TIME_ZONE */;
/*!40103 SET TIME_ZONE='+00:00' */;
/*!40014 SET @OLD_UNIQUE_CHECKS=@@UNIQUE_CHECKS, UNIQUE_CHECKS=0 */;
/*!40014 SET @OLD_FOREIGN_KEY_CHECKS=@@FOREIGN_KEY_CHECKS, FOREIGN_KEY_CHECKS=0 */;
/*!40101 SET @OLD_SQL_MODE=@@SQL_MODE, SQL_MODE='NO_AUTO_VALUE_ON_ZERO' */;
/*!40111 SET @OLD_SQL_NOTES=@@SQL_NOTES, SQL_NOTES=0 */;

--
-- Table structure for table `pr_base`
--

DROP TABLE IF EXISTS `pr_base`;
/*!40101 SET @saved_cs_client     = @@character_set_client */;
/*!40101 SET character_set_client = utf8 */;
CREATE TABLE `pr_base` (
  `id` int(11) NOT NULL AUTO_INCREMENT,
  `nama_base` varchar(100) NOT NULL,
  `deskripsi` text DEFAULT NULL,
  `satuan` varchar(20) DEFAULT NULL,
  `hpp` decimal(12,2) DEFAULT 0.00,
  `created_at` datetime DEFAULT current_timestamp(),
  `updated_at` datetime DEFAULT current_timestamp() ON UPDATE current_timestamp(),
  PRIMARY KEY (`id`) USING BTREE
) ENGINE=InnoDB DEFAULT CHARSET=utf8 COLLATE=utf8_general_ci ROW_FORMAT=DYNAMIC;
/*!40101 SET character_set_client = @saved_cs_client */;

--
-- Dumping data for table `pr_base`
--

LOCK TABLES `pr_base` WRITE;
/*!40000 ALTER TABLE `pr_base` DISABLE KEYS */;
/*!40000 ALTER TABLE `pr_base` ENABLE KEYS */;
UNLOCK TABLES;

--
-- Table structure for table `pr_customer`
--

DROP TABLE IF EXISTS `pr_customer`;
/*!40101 SET @saved_cs_client     = @@character_set_client */;
/*!40101 SET character_set_client = utf8 */;
CREATE TABLE `pr_customer` (
  `id` int(11) NOT NULL AUTO_INCREMENT,
  `nama` varchar(255) NOT NULL,
  `kode_pelanggan` varchar(20) NOT NULL,
  `jenis_kelamin` varchar(20) DEFAULT NULL,
  `tanggal_lahir` date DEFAULT NULL,
  `alamat` text DEFAULT NULL,
  `telepon` varchar(15) NOT NULL,
  `email` varchar(100) DEFAULT NULL,
  `foto` varchar(255) DEFAULT NULL,
  `created_at` datetime DEFAULT current_timestamp(),
  `updated_at` datetime DEFAULT current_timestamp() ON UPDATE current_timestamp(),
  `level` varchar(20) DEFAULT 'Silver',
  PRIMARY KEY (`id`) USING BTREE,
  UNIQUE KEY `kode_pelanggan` (`kode_pelanggan`) USING BTREE
) ENGINE=InnoDB AUTO_INCREMENT=41 DEFAULT CHARSET=utf8 COLLATE=utf8_general_ci ROW_FORMAT=DYNAMIC;
/*!40101 SET character_set_client = @saved_cs_client */;

--
-- Dumping data for table `pr_customer`
--

LOCK TABLES `pr_customer` WRITE;
/*!40000 ALTER TABLE `pr_customer` DISABLE KEYS */;
INSERT INTO `pr_customer` VALUES (1,'ANDI','202501270001','Laki-Laki','1989-01-29','TANJUNGSARI','085730012324','fuadmuhammad29@gmail.com','andi_085730012324.jpeg','2025-03-24 06:18:03','2025-04-03 22:14:56','Silver'),(2,'ANIS FITRIYA','202501270002',NULL,NULL,'TANJUNGSARI','085292961993',NULL,NULL,'2025-03-24 06:18:03','2025-03-24 06:18:03','Silver'),(3,'RAMA','202501270003',NULL,NULL,NULL,'085292961993',NULL,NULL,'2025-03-24 06:18:03','2025-03-24 06:18:03','Silver'),(4,'Prayogo Ryza ','202501270004',NULL,NULL,NULL,'085730012324',NULL,NULL,'2025-03-24 06:18:03','2025-03-24 06:18:03','Silver'),(5,'Aziz','202501270005',NULL,NULL,NULL,'085198374391',NULL,NULL,'2025-03-24 06:18:03','2025-03-24 06:18:03','Silver'),(6,'Nanda','202501270006',NULL,NULL,'','081228815181',NULL,NULL,'2025-03-24 06:18:03','2025-04-03 13:11:13','Silver'),(7,'Alex ','202501270007',NULL,NULL,NULL,'089691302986',NULL,NULL,'2025-03-24 06:18:03','2025-03-24 06:18:03','Silver'),(8,'Bagos Banget','202501270008',NULL,NULL,NULL,'085229547468',NULL,NULL,'2025-03-24 06:18:03','2025-03-24 06:18:03','Silver'),(9,'Naril','202501270009',NULL,NULL,NULL,'0895359761768',NULL,NULL,'2025-03-24 06:18:03','2025-03-24 06:18:03','Silver'),(10,'Valen cantik','202501270010',NULL,NULL,NULL,'085290512278',NULL,NULL,'2025-03-24 06:18:03','2025-03-24 06:18:03','Silver'),(11,'Devi Tri Silviana','202501270011',NULL,NULL,NULL,'085158788153',NULL,NULL,'2025-03-24 06:18:03','2025-03-24 06:18:03','Silver'),(12,'Kartika','202501270012',NULL,NULL,NULL,'082133583801',NULL,NULL,'2025-03-24 06:18:03','2025-03-24 06:18:03','Silver'),(13,'Kiki Cindi','202501270013',NULL,NULL,NULL,'082137845117',NULL,NULL,'2025-03-24 06:18:03','2025-03-24 06:18:03','Silver'),(14,'Devi Febriyanti','202501270014',NULL,NULL,NULL,'085647875301',NULL,NULL,'2025-03-24 06:18:03','2025-03-24 06:18:03','Silver'),(15,'Bara','202501270015',NULL,NULL,NULL,'089517342383',NULL,NULL,'2025-03-24 06:18:03','2025-03-24 06:18:03','Silver'),(16,'Deni Prasetyo','202501270016',NULL,NULL,NULL,'089635552547',NULL,NULL,'2025-03-24 06:18:03','2025-03-24 06:18:03','Silver'),(17,'Aprilia Foni Kartini','202501270017',NULL,NULL,NULL,'081261111557',NULL,NULL,'2025-03-24 06:18:03','2025-03-24 06:18:03','Silver'),(18,'Muzaki','202501270018',NULL,NULL,NULL,'082147049482',NULL,NULL,'2025-03-24 06:18:03','2025-03-24 06:18:03','Silver'),(19,'achid s','202501270019',NULL,NULL,NULL,'082321473796',NULL,NULL,'2025-03-24 06:18:03','2025-03-24 06:18:03','Silver'),(20,'Putri ','202501270020',NULL,NULL,NULL,'087717495260',NULL,NULL,'2025-03-24 06:18:03','2025-03-24 06:18:03','Silver'),(21,'Rizki Putri Amanda','202501270021',NULL,NULL,NULL,'087717030391',NULL,NULL,'2025-03-24 06:18:03','2025-03-24 06:18:03','Silver'),(22,'Faris','202501270022',NULL,NULL,NULL,'082241605959',NULL,NULL,'2025-03-24 06:18:03','2025-03-24 06:18:03','Silver'),(23,'Iswara','202501270023',NULL,NULL,NULL,'08136225424',NULL,NULL,'2025-03-24 06:18:03','2025-03-24 06:18:03','Silver'),(24,'Sonny ade kurniawan','202501270024',NULL,NULL,NULL,'089649758324',NULL,NULL,'2025-03-24 06:18:03','2025-03-24 06:18:03','Silver'),(25,'Rahmadiana','202501270025',NULL,NULL,NULL,'082242878980',NULL,NULL,'2025-03-24 06:18:03','2025-03-24 06:18:03','Silver'),(26,'Faradina','202501270026',NULL,NULL,NULL,'085649441639',NULL,NULL,'2025-03-24 06:18:03','2025-03-24 06:18:03','Silver'),(27,'Tasdiq','202501270027',NULL,NULL,NULL,'081227294641',NULL,NULL,'2025-03-24 06:18:03','2025-03-24 06:18:03','Silver'),(28,'sasa','202501270028',NULL,NULL,NULL,'085974131503',NULL,NULL,'2025-03-24 06:18:03','2025-03-24 06:18:03','Silver'),(29,'Novi','202501270029',NULL,NULL,NULL,'082220717979',NULL,NULL,'2025-03-24 06:18:03','2025-03-24 06:18:03','Silver'),(30,'Hasan','202501270030',NULL,NULL,NULL,'085889024254',NULL,NULL,'2025-03-24 06:18:03','2025-03-24 06:18:03','Silver'),(31,'Dwi Meika Wati','202501270031',NULL,NULL,NULL,'081326456821',NULL,NULL,'2025-03-24 06:18:03','2025-03-24 06:18:03','Silver'),(32,'vivi','202501270032',NULL,NULL,NULL,'082221477456',NULL,NULL,'2025-03-24 06:18:03','2025-03-24 06:18:03','Silver'),(33,'Rifka','202501270033',NULL,NULL,NULL,'081232945133',NULL,NULL,'2025-03-24 06:18:03','2025-03-24 06:18:03','Silver'),(34,'Yola','202501270034',NULL,NULL,NULL,'082243417440',NULL,NULL,'2025-03-24 06:18:03','2025-03-24 06:18:03','Silver'),(35,'Okta Nugrahandini ','202501270035',NULL,NULL,NULL,'085216402420',NULL,NULL,'2025-03-24 06:18:03','2025-03-24 06:18:03','Silver'),(36,'DAVID RIDWAN','202501270036',NULL,NULL,NULL,'083144830603',NULL,NULL,'2025-03-24 06:18:03','2025-03-24 06:18:03','Silver'),(37,'FAJAR ADI P','202501270037',NULL,NULL,NULL,'081325344139',NULL,NULL,'2025-03-24 06:18:03','2025-03-24 06:18:03','Silver'),(38,'AGUS FAIZAL','202501270038',NULL,NULL,NULL,'08984942809',NULL,NULL,'2025-03-24 06:18:03','2025-03-24 06:18:03','Silver'),(39,'NATAN HERDIAN','202501270039',NULL,NULL,NULL,'082220969977',NULL,NULL,'2025-03-24 06:18:03','2025-03-24 06:18:03','Silver'),(40,'ANI ','202501270040',NULL,NULL,NULL,'0895322138438',NULL,NULL,'2025-03-24 06:18:03','2025-03-24 06:18:03','Silver');
/*!40000 ALTER TABLE `pr_customer` ENABLE KEYS */;
UNLOCK TABLES;

--
-- Table structure for table `pr_customer_poin`
--

DROP TABLE IF EXISTS `pr_customer_poin`;
/*!40101 SET @saved_cs_client     = @@character_set_client */;
/*!40101 SET character_set_client = utf8 */;
CREATE TABLE `pr_customer_poin` (
  `id` int(11) NOT NULL AUTO_INCREMENT,
  `customer_id` int(11) NOT NULL,
  `transaksi_id` int(11) DEFAULT NULL,
  `jumlah_poin` int(11) NOT NULL,
  `jenis` enum('per_produk','per_pembelian','penukaran') DEFAULT 'per_produk',
  `sumber` varchar(255) DEFAULT NULL,
  `tanggal_kedaluwarsa` date DEFAULT NULL,
  `status` enum('aktif','digunakan','kedaluwarsa') DEFAULT 'aktif',
  `created_at` datetime DEFAULT current_timestamp(),
  `updated_at` datetime DEFAULT current_timestamp() ON UPDATE current_timestamp(),
  PRIMARY KEY (`id`) USING BTREE
) ENGINE=InnoDB AUTO_INCREMENT=56 DEFAULT CHARSET=utf8 COLLATE=utf8_general_ci ROW_FORMAT=DYNAMIC;
/*!40101 SET character_set_client = @saved_cs_client */;

--
-- Dumping data for table `pr_customer_poin`
--

LOCK TABLES `pr_customer_poin` WRITE;
/*!40000 ALTER TABLE `pr_customer_poin` DISABLE KEYS */;
INSERT INTO `pr_customer_poin` VALUES (7,8,221,2,'per_produk','per_produk','2025-10-01','aktif','2025-04-02 00:10:50','2025-04-02 00:10:50'),(8,8,221,9,'per_produk','per_produk','2025-10-01','aktif','2025-04-02 00:10:51','2025-04-02 00:10:51'),(9,8,221,1,'per_pembelian','per_pembelian','2025-10-01','aktif','2025-04-02 00:10:52','2025-04-02 00:10:52'),(12,2,223,9,'per_produk','BEBEK BUMBU IRENG MADURA (JUMBO) + NASI','2025-10-02','aktif','2025-04-02 22:44:30','2025-04-02 22:44:30'),(13,2,223,1,'per_pembelian','189000','2025-10-02','aktif','2025-04-02 22:44:31','2025-04-02 22:44:31'),(14,2,223,9,'per_produk','BEBEK BUMBU IRENG MADURA (JUMBO) + NASI','2025-10-02','aktif','2025-04-02 23:01:30','2025-04-02 23:01:30'),(15,2,223,1,'per_pembelian','171000','2025-10-02','aktif','2025-04-02 23:01:31','2025-04-02 23:01:31'),(16,4,230,6,'per_produk','BEBEK BUMBU IRENG MADURA (JUMBO) + NASI','2025-10-02','aktif','2025-04-03 00:49:48','2025-04-03 00:49:48'),(17,4,230,1,'per_pembelian','117000','2025-10-02','aktif','2025-04-03 00:49:49','2025-04-03 00:49:49'),(18,20,231,6,'per_produk','BEBEK BUMBU IRENG MADURA (JUMBO) + NASI','2025-10-02','aktif','2025-04-03 00:51:43','2025-04-03 00:51:43'),(19,20,231,1,'per_pembelian','118000','2025-10-02','aktif','2025-04-03 00:51:44','2025-04-03 00:51:44'),(20,8,236,6,'per_produk','BEBEK BUMBU IRENG MADURA (JUMBO) + NASI','2025-10-03','aktif','2025-04-03 01:04:51','2025-04-03 01:04:51'),(21,8,236,1,'per_pembelian','108000','2025-10-03','aktif','2025-04-03 01:04:51','2025-04-03 01:04:51'),(22,10,239,3,'per_produk','BEBEK BUMBU IRENG MADURA (JUMBO) + NASI','2025-10-03','aktif','2025-04-03 14:48:40','2025-04-03 14:48:40'),(23,10,239,1,'per_pembelian','100000','2025-10-03','aktif','2025-04-03 14:48:41','2025-04-03 14:48:41'),(24,1,260,6,'per_produk','BEBEK BUMBU IRENG MADURA (JUMBO) + NASI','2025-10-03','aktif','2025-04-03 16:31:50','2025-04-03 16:31:50'),(25,1,260,1,'per_pembelian','137000','2025-10-03','aktif','2025-04-03 16:31:51','2025-04-03 16:31:51'),(26,1,251,3,'per_produk','BEBEK BUMBU IRENG MADURA (JUMBO) + NASI','2025-10-03','aktif','2025-04-03 16:38:06','2025-04-03 16:38:06'),(27,1,251,3,'per_produk','BEBEK BUMBU IRENG MADURA (JUMBO) + NASI','2025-10-03','aktif','2025-04-03 16:38:07','2025-04-03 16:38:07'),(28,1,251,1,'per_pembelian','126000','2025-10-03','aktif','2025-04-03 16:38:08','2025-04-03 16:38:08'),(29,2,262,6,'per_produk','BEBEK BUMBU IRENG MADURA (JUMBO) + NASI','2025-10-03','aktif','2025-04-03 16:48:45','2025-04-03 16:48:45'),(30,2,262,1,'per_pembelian','108000','2025-10-03','aktif','2025-04-03 16:48:46','2025-04-03 16:48:46'),(31,1,257,1,'per_pembelian','117000','2025-10-03','aktif','2025-04-03 17:54:35','2025-04-03 17:54:35'),(32,1,270,1,'per_pembelian','183000','2025-10-05','aktif','2025-04-05 07:10:20','2025-04-05 07:10:20'),(33,1,270,1,'per_pembelian','183000','2025-10-05','aktif','2025-04-05 07:10:22','2025-04-05 07:10:22'),(34,1,270,1,'per_pembelian','183000','2025-10-05','aktif','2025-04-05 07:12:41','2025-04-05 07:12:41'),(35,37,273,2,'per_produk','AYAM BAKAR SAMBAL DABU DABU','2025-10-05','aktif','2025-04-05 22:25:25','2025-04-05 22:25:25'),(36,37,273,2,'per_produk','AYAM BAKAR SAMBAL DABU DABU','2025-10-05','aktif','2025-04-05 22:25:26','2025-04-05 22:25:26'),(37,37,273,2,'per_produk','AYAM BAKAR SAMBAL DABU DABU','2025-10-05','aktif','2025-04-05 22:25:31','2025-04-05 22:25:31'),(38,1,291,1,'per_pembelian','119000','2025-10-09','aktif','2025-04-09 20:45:44','2025-04-09 20:45:44'),(39,4,291,2,'per_produk','AYAM BAKAR SAMBAL DABU DABU','2025-10-09','aktif','2025-04-09 20:52:03','2025-04-09 20:52:03'),(40,2,4,1,'per_pembelian',NULL,'2026-04-29','aktif','2025-04-29 09:12:12','2025-04-29 09:12:12'),(41,18,5,3,'per_produk','25','2026-04-29','aktif','2025-04-29 09:12:32','2025-04-29 09:12:32'),(42,18,5,3,'per_produk','25','2026-04-29','aktif','2025-04-29 09:12:32','2025-04-29 09:12:32'),(43,18,5,3,'per_produk','25','2026-04-29','aktif','2025-04-29 09:12:32','2025-04-29 09:12:32'),(44,18,5,1,'per_pembelian',NULL,'2026-04-29','aktif','2025-04-29 09:12:32','2025-04-29 09:12:32'),(45,6,7,1,'per_pembelian',NULL,'2026-04-29','aktif','2025-04-29 10:10:33','2025-04-29 10:10:33'),(46,15,20,3,'per_produk','25','2026-04-29','aktif','2025-04-29 21:04:04','2025-04-29 21:04:04'),(47,15,20,3,'per_produk','25','2026-04-29','aktif','2025-04-29 21:04:04','2025-04-29 21:04:04'),(48,15,20,3,'per_produk','25','2026-04-29','aktif','2025-04-29 21:04:04','2025-04-29 21:04:04'),(49,15,20,3,'per_produk','25','2026-04-29','aktif','2025-04-29 21:04:04','2025-04-29 21:04:04'),(50,15,20,1,'per_pembelian',NULL,'2026-04-29','aktif','2025-04-29 21:04:04','2025-04-29 21:04:04'),(51,15,20,3,'per_produk','25','2026-04-29','aktif','2025-04-29 21:07:21','2025-04-29 21:07:21'),(52,15,20,3,'per_produk','25','2026-04-29','aktif','2025-04-29 21:07:21','2025-04-29 21:07:21'),(53,15,20,3,'per_produk','25','2026-04-29','aktif','2025-04-29 21:07:21','2025-04-29 21:07:21'),(54,15,20,3,'per_produk','25','2026-04-29','aktif','2025-04-29 21:07:21','2025-04-29 21:07:21'),(55,15,20,1,'per_pembelian',NULL,'2026-04-29','aktif','2025-04-29 21:07:21','2025-04-29 21:07:21');
/*!40000 ALTER TABLE `pr_customer_poin` ENABLE KEYS */;
UNLOCK TABLES;

--
-- Table structure for table `pr_detail_extra`
--

DROP TABLE IF EXISTS `pr_detail_extra`;
/*!40101 SET @saved_cs_client     = @@character_set_client */;
/*!40101 SET character_set_client = utf8 */;
CREATE TABLE `pr_detail_extra` (
  `id` int(11) NOT NULL AUTO_INCREMENT,
  `detail_transaksi_id` int(11) NOT NULL,
  `pr_produk_extra_id` int(11) NOT NULL,
  `jumlah` int(11) NOT NULL DEFAULT 1,
  `harga` int(11) NOT NULL,
  `subtotal` int(11) NOT NULL,
  `sku` varchar(50) DEFAULT NULL,
  `satuan` varchar(50) DEFAULT NULL,
  `hpp` int(11) DEFAULT 0,
  `created_at` timestamp NULL DEFAULT current_timestamp(),
  `updated_at` timestamp NULL DEFAULT current_timestamp(),
  `status` enum('BERHASIL','BATAL','REFUND') DEFAULT NULL,
  PRIMARY KEY (`id`) USING BTREE,
  KEY `detail_transaksi_id` (`detail_transaksi_id`) USING BTREE,
  KEY `pr_produk_extra_id` (`pr_produk_extra_id`) USING BTREE,
  CONSTRAINT `pr_detail_extra_ibfk_1` FOREIGN KEY (`detail_transaksi_id`) REFERENCES `pr_detail_transaksi` (`id`),
  CONSTRAINT `pr_detail_extra_ibfk_2` FOREIGN KEY (`pr_produk_extra_id`) REFERENCES `pr_produk_extra` (`id`)
) ENGINE=InnoDB AUTO_INCREMENT=80 DEFAULT CHARSET=utf8 COLLATE=utf8_general_ci ROW_FORMAT=DYNAMIC;
/*!40101 SET character_set_client = @saved_cs_client */;

--
-- Dumping data for table `pr_detail_extra`
--

LOCK TABLES `pr_detail_extra` WRITE;
/*!40000 ALTER TABLE `pr_detail_extra` DISABLE KEYS */;
INSERT INTO `pr_detail_extra` VALUES (1,55,2,1,1500,1500,'PPBX','PCS',800,'2025-04-29 13:36:27','2025-04-29 13:36:27','REFUND'),(2,56,1,1,1500,1500,'PPBWL','PCS',800,'2025-04-29 13:36:27','2025-04-29 13:36:27','REFUND'),(3,56,2,1,1500,1500,'PPBX','PCS',800,'2025-04-29 13:36:27','2025-04-29 13:36:27','REFUND'),(4,57,2,1,1500,1500,'PPBX','PCS',800,'2025-04-29 22:21:06','2025-04-29 22:21:06','BATAL'),(5,59,1,1,1500,1500,'PPBWL','PCS',800,'2025-04-29 22:21:06','2025-04-29 22:21:06','BATAL'),(6,59,2,1,1500,1500,'PPBX','PCS',800,'2025-04-29 22:21:06','2025-04-29 22:21:06','BATAL'),(7,61,2,1,1500,1500,'PPBX','PCS',800,'2025-04-30 23:37:02','2025-04-30 23:37:02','BATAL'),(8,62,2,1,1500,1500,'PPBX','PCS',800,'2025-04-30 23:37:02','2025-04-30 23:37:02','BATAL'),(9,66,2,1,1500,1500,'PPBX','PCS',800,'2025-04-30 23:37:02','2025-04-30 23:37:02','BATAL'),(10,68,1,1,1500,1500,'PPBWL','PCS',800,'2025-05-01 00:09:11','2025-05-01 00:09:11','BATAL'),(11,68,2,1,1500,1500,'PPBX','PCS',800,'2025-05-01 00:09:11','2025-05-01 00:09:11','BATAL'),(12,69,1,1,1500,1500,'PPBWL','PCS',800,'2025-05-01 00:09:11','2025-05-01 00:09:11','BATAL'),(13,69,2,1,1500,1500,'PPBX','PCS',800,'2025-05-01 00:09:11','2025-05-01 00:09:11','BATAL'),(14,70,1,1,1500,1500,'PPBWL','PCS',800,'2025-05-01 00:09:11','2025-05-01 00:09:11','BATAL'),(15,70,2,1,1500,1500,'PPBX','PCS',800,'2025-05-01 00:09:11','2025-05-01 00:09:11','BATAL'),(16,71,1,1,1500,1500,'PPBWL','PCS',800,'2025-05-01 00:09:11','2025-05-01 00:09:11','BATAL'),(17,71,2,1,1500,1500,'PPBX','PCS',800,'2025-05-01 00:09:11','2025-05-01 00:09:11','BATAL'),(18,72,1,1,1500,1500,'PPBWL','PCS',800,'2025-05-01 00:09:11','2025-05-01 00:09:11','BATAL'),(19,72,2,1,1500,1500,'PPBX','PCS',800,'2025-05-01 00:09:11','2025-05-01 00:09:11','BATAL'),(20,73,1,1,1500,1500,'PPBWL','PCS',800,'2025-05-01 00:09:11','2025-05-01 00:09:11','BATAL'),(21,73,2,1,1500,1500,'PPBX','PCS',800,'2025-05-01 00:09:11','2025-05-01 00:09:11','BATAL'),(22,76,1,1,1500,1500,'PPBWL','PCS',800,'2025-05-01 00:32:40','2025-05-01 00:32:40',NULL),(23,76,2,1,1500,1500,'PPBX','PCS',800,'2025-05-01 00:32:40','2025-05-01 00:32:40',NULL),(24,77,1,1,1500,1500,'PPBWL','PCS',800,'2025-05-01 00:32:40','2025-05-01 00:32:40',NULL),(25,77,2,1,1500,1500,'PPBX','PCS',800,'2025-05-01 00:32:40','2025-05-01 00:32:40',NULL),(26,78,1,1,1500,1500,'PPBWL','PCS',800,'2025-05-01 00:32:40','2025-05-01 00:32:40',NULL),(27,78,2,1,1500,1500,'PPBX','PCS',800,'2025-05-01 00:32:40','2025-05-01 00:32:40',NULL),(28,79,2,3,1500,4500,'PPBX','PCS',800,'2025-05-01 00:32:40','2025-05-01 00:32:40',NULL),(29,80,2,3,1500,4500,'PPBX','PCS',800,'2025-05-01 00:32:40','2025-05-01 00:32:40',NULL),(30,81,2,3,1500,4500,'PPBX','PCS',800,'2025-05-01 00:32:40','2025-05-01 00:32:40',NULL),(31,82,1,1,1500,1500,'PPBWL','PCS',800,'2025-05-01 00:34:07','2025-05-01 00:34:07',NULL),(32,83,1,1,1500,1500,'PPBWL','PCS',800,'2025-05-01 00:34:07','2025-05-01 00:34:07',NULL),(33,84,2,5,1500,7500,'PPBX','PCS',800,'2025-05-01 00:34:41','2025-05-01 00:34:41',NULL),(34,85,2,5,1500,7500,'PPBX','PCS',800,'2025-05-01 00:34:41','2025-05-01 00:34:41',NULL),(35,86,2,5,1500,7500,'PPBX','PCS',800,'2025-05-01 00:34:41','2025-05-01 00:34:41',NULL),(36,87,2,5,1500,7500,'PPBX','PCS',800,'2025-05-01 00:34:41','2025-05-01 00:34:41',NULL),(37,88,2,5,1500,7500,'PPBX','PCS',800,'2025-05-01 00:34:41','2025-05-01 00:34:41',NULL),(38,89,1,3,1500,4500,'PPBWL','PCS',800,'2025-05-01 00:35:42','2025-05-01 00:35:42',NULL),(39,89,2,3,1500,4500,'PPBX','PCS',800,'2025-05-01 00:35:42','2025-05-01 00:35:42',NULL),(40,90,1,3,1500,4500,'PPBWL','PCS',800,'2025-05-01 00:35:42','2025-05-01 00:35:42',NULL),(41,90,2,3,1500,4500,'PPBX','PCS',800,'2025-05-01 00:35:42','2025-05-01 00:35:42',NULL),(42,91,1,3,1500,4500,'PPBWL','PCS',800,'2025-05-01 00:35:42','2025-05-01 00:35:42',NULL),(43,91,2,3,1500,4500,'PPBX','PCS',800,'2025-05-01 00:35:42','2025-05-01 00:35:42',NULL),(44,92,1,1,1500,1500,'PPBWL','PCS',800,'2025-05-01 00:36:39','2025-05-01 00:36:39',NULL),(45,92,2,1,1500,1500,'PPBX','PCS',800,'2025-05-01 00:36:39','2025-05-01 00:36:39',NULL),(46,93,1,1,1500,1500,'PPBWL','PCS',800,'2025-05-01 00:36:39','2025-05-01 00:36:39',NULL),(47,93,2,1,1500,1500,'PPBX','PCS',800,'2025-05-01 00:36:39','2025-05-01 00:36:39',NULL),(48,94,1,1,1500,1500,'PPBWL','PCS',800,'2025-05-01 00:36:39','2025-05-01 00:36:39',NULL),(49,94,2,1,1500,1500,'PPBX','PCS',800,'2025-05-01 00:36:39','2025-05-01 00:36:39',NULL),(50,95,1,1,1500,1500,'PPBWL','PCS',800,'2025-05-01 00:36:39','2025-05-01 00:36:39',NULL),(51,95,2,1,1500,1500,'PPBX','PCS',800,'2025-05-01 00:36:39','2025-05-01 00:36:39',NULL),(52,96,1,1,1500,1500,'PPBWL','PCS',800,'2025-05-01 00:36:39','2025-05-01 00:36:39',NULL),(53,96,2,1,1500,1500,'PPBX','PCS',800,'2025-05-01 00:36:39','2025-05-01 00:36:39',NULL),(54,97,2,1,1500,1500,'PPBX','PCS',800,'2025-05-01 00:38:00','2025-05-01 00:38:00',NULL),(55,98,2,1,1500,1500,'PPBX','PCS',800,'2025-05-01 00:38:00','2025-05-01 00:38:00',NULL),(56,99,2,1,1500,1500,'PPBX','PCS',800,'2025-05-01 00:38:00','2025-05-01 00:38:00',NULL),(57,100,2,3,1500,4500,'PPBX','PCS',800,'2025-05-01 00:38:33','2025-05-01 00:38:33',NULL),(58,101,2,3,1500,4500,'PPBX','PCS',800,'2025-05-01 00:38:33','2025-05-01 00:38:33',NULL),(59,102,2,3,1500,4500,'PPBX','PCS',800,'2025-05-01 00:38:33','2025-05-01 00:38:33',NULL),(60,103,2,1,1500,1500,'PPBX','PCS',800,'2025-05-01 00:38:33','2025-05-01 00:38:33',NULL),(61,104,2,1,1500,1500,'PPBX','PCS',800,'2025-05-01 00:38:33','2025-05-01 00:38:33',NULL),(62,105,2,1,1500,1500,'PPBX','PCS',800,'2025-05-01 00:38:33','2025-05-01 00:38:33',NULL),(63,106,2,1,1500,1500,'PPBX','PCS',800,'2025-05-01 00:39:21','2025-05-01 00:39:21',NULL),(64,107,2,1,1500,1500,'PPBX','PCS',800,'2025-05-01 00:39:21','2025-05-01 00:39:21',NULL),(65,108,2,1,1500,1500,'PPBX','PCS',800,'2025-05-01 00:39:21','2025-05-01 00:39:21',NULL),(66,109,2,1,1500,1500,'PPBX','PCS',800,'2025-05-01 00:39:21','2025-05-01 00:39:21',NULL),(67,110,2,5,1500,7500,'PPBX','PCS',800,'2025-05-01 00:39:21','2025-05-01 00:39:21',NULL),(68,111,2,5,1500,7500,'PPBX','PCS',800,'2025-05-01 00:39:21','2025-05-01 00:39:21',NULL),(69,112,2,5,1500,7500,'PPBX','PCS',800,'2025-05-01 00:39:21','2025-05-01 00:39:21',NULL),(70,113,2,5,1500,7500,'PPBX','PCS',800,'2025-05-01 00:39:21','2025-05-01 00:39:21',NULL),(71,114,2,5,1500,7500,'PPBX','PCS',800,'2025-05-01 00:39:21','2025-05-01 00:39:21',NULL),(72,115,1,4,1500,6000,'PPBWL','PCS',800,'2025-05-01 00:39:57','2025-05-01 00:39:57',NULL),(73,115,2,4,1500,6000,'PPBX','PCS',800,'2025-05-01 00:39:57','2025-05-01 00:39:57',NULL),(74,116,1,4,1500,6000,'PPBWL','PCS',800,'2025-05-01 00:39:57','2025-05-01 00:39:57',NULL),(75,116,2,4,1500,6000,'PPBX','PCS',800,'2025-05-01 00:39:57','2025-05-01 00:39:57',NULL),(76,117,1,4,1500,6000,'PPBWL','PCS',800,'2025-05-01 00:39:57','2025-05-01 00:39:57',NULL),(77,117,2,4,1500,6000,'PPBX','PCS',800,'2025-05-01 00:39:57','2025-05-01 00:39:57',NULL),(78,118,1,4,1500,6000,'PPBWL','PCS',800,'2025-05-01 00:39:57','2025-05-01 00:39:57',NULL),(79,118,2,4,1500,6000,'PPBX','PCS',800,'2025-05-01 00:39:57','2025-05-01 00:39:57',NULL);
/*!40000 ALTER TABLE `pr_detail_extra` ENABLE KEYS */;
UNLOCK TABLES;

--
-- Table structure for table `pr_detail_transaksi`
--

DROP TABLE IF EXISTS `pr_detail_transaksi`;
/*!40101 SET @saved_cs_client     = @@character_set_client */;
/*!40101 SET character_set_client = utf8 */;
CREATE TABLE `pr_detail_transaksi` (
  `id` int(11) NOT NULL AUTO_INCREMENT,
  `pr_transaksi_id` int(11) NOT NULL,
  `pr_produk_id` int(11) NOT NULL,
  `detail_unit_id` varchar(64) DEFAULT NULL,
  `jumlah` int(11) NOT NULL,
  `harga` decimal(12,2) NOT NULL,
  `catatan` text DEFAULT NULL,
  `is_printed` int(10) DEFAULT NULL,
  `status` enum('BERHASIL','BATAL','REFUND') DEFAULT NULL,
  `created_at` datetime DEFAULT current_timestamp(),
  `updated_at` datetime DEFAULT current_timestamp() ON UPDATE current_timestamp(),
  `is_checked` tinyint(1) DEFAULT 0,
  PRIMARY KEY (`id`) USING BTREE,
  KEY `pr_transaksi_id` (`pr_transaksi_id`) USING BTREE,
  KEY `pr_produk_id` (`pr_produk_id`) USING BTREE,
  CONSTRAINT `pr_detail_transaksi_ibfk_1` FOREIGN KEY (`pr_transaksi_id`) REFERENCES `pr_transaksi` (`id`) ON DELETE CASCADE,
  CONSTRAINT `pr_detail_transaksi_ibfk_2` FOREIGN KEY (`pr_produk_id`) REFERENCES `pr_produk` (`id`)
) ENGINE=InnoDB AUTO_INCREMENT=119 DEFAULT CHARSET=utf8 COLLATE=utf8_general_ci ROW_FORMAT=DYNAMIC;
/*!40101 SET character_set_client = @saved_cs_client */;

--
-- Dumping data for table `pr_detail_transaksi`
--

LOCK TABLES `pr_detail_transaksi` WRITE;
/*!40000 ALTER TABLE `pr_detail_transaksi` DISABLE KEYS */;
INSERT INTO `pr_detail_transaksi` VALUES (1,1,6,'680f045d543a0',1,16000.00,'',1,'BERHASIL','2025-04-28 11:30:21','2025-04-28 11:30:58',0),(2,1,7,'680f045d54e2d',1,17000.00,'',1,'BERHASIL','2025-04-28 11:30:21','2025-04-28 11:30:58',0),(3,1,6,'680f045d54fb6',1,16000.00,'',1,'BERHASIL','2025-04-28 11:30:21','2025-04-28 11:30:58',0),(4,2,50,'680f04a4eba09',1,19000.00,'',1,'BERHASIL','2025-04-28 11:31:32','2025-04-28 11:32:38',0),(5,3,138,'681034fc158cf',1,17000.00,'',1,'BERHASIL','2025-04-29 09:10:04','2025-04-29 10:10:52',0),(6,3,138,'681034fc158cf',1,17000.00,'',1,'BERHASIL','2025-04-29 09:10:04','2025-04-29 10:10:52',0),(7,3,138,'681034fc158cf',1,17000.00,'',1,'BERHASIL','2025-04-29 09:10:04','2025-04-29 10:10:52',0),(8,3,7,'681034fc16aac',1,17000.00,'',1,'BERHASIL','2025-04-29 09:10:04','2025-04-29 10:10:52',0),(9,3,6,'681034fc16ccc',1,16000.00,'',1,'BERHASIL','2025-04-29 09:10:04','2025-04-29 10:10:52',0),(10,4,77,'6810354580b45',1,28000.00,'',1,'BERHASIL','2025-04-29 09:11:17','2025-04-29 09:12:12',0),(11,4,77,'6810354580b45',1,28000.00,'',1,'BERHASIL','2025-04-29 09:11:17','2025-04-29 09:12:12',0),(12,4,77,'6810354580b45',1,28000.00,'',1,'BERHASIL','2025-04-29 09:11:17','2025-04-29 09:12:12',0),(13,4,165,'68103545810a1',1,20000.00,'',1,'BERHASIL','2025-04-29 09:11:17','2025-04-29 09:12:12',0),(14,4,89,'681035458284e',1,18000.00,'',1,'BERHASIL','2025-04-29 09:11:17','2025-04-29 09:12:12',0),(15,4,139,'68103545829a2',1,5000.00,'',1,'BERHASIL','2025-04-29 09:11:17','2025-04-29 09:12:12',0),(16,5,51,'681035665504d',1,20000.00,'',1,'BERHASIL','2025-04-29 09:11:50','2025-04-29 09:12:32',0),(17,5,6,'6810356656667',1,16000.00,'',1,'BERHASIL','2025-04-29 09:11:50','2025-04-29 09:12:32',0),(18,5,25,'68103566568c9',1,60000.00,'',1,'BERHASIL','2025-04-29 09:11:50','2025-04-29 09:12:32',0),(19,5,25,'68103566568c9',1,60000.00,'',1,'BERHASIL','2025-04-29 09:11:50','2025-04-29 09:12:32',0),(20,5,25,'68103566568c9',1,60000.00,'',1,'BERHASIL','2025-04-29 09:11:50','2025-04-29 09:12:32',0),(21,5,14,'6810356658af2',1,28000.00,'',1,'BERHASIL','2025-04-29 09:11:50','2025-04-29 09:12:32',0),(22,6,26,'6810402db9057',1,40000.00,'',1,'BERHASIL','2025-04-29 09:57:49','2025-04-29 10:04:04',0),(23,6,25,'6810402db9a0c',1,60000.00,'',1,'BERHASIL','2025-04-29 09:57:49','2025-04-29 10:04:04',0),(24,7,52,'681042f21ac0b',1,23000.00,'',1,'BERHASIL','2025-04-29 10:09:38','2025-04-29 10:10:33',0),(25,7,77,'681042f21aece',1,28000.00,'',1,'BERHASIL','2025-04-29 10:09:38','2025-04-29 10:10:33',0),(26,7,77,'681042f21c578',1,28000.00,'',1,'BERHASIL','2025-04-29 10:09:38','2025-04-29 10:10:33',0),(27,7,81,'681042f21c7ca',1,25000.00,'',1,'BERHASIL','2025-04-29 10:09:38','2025-04-29 10:10:33',0),(28,7,139,'681042f21ca36',1,5000.00,'',1,'BERHASIL','2025-04-29 10:09:38','2025-04-29 10:10:33',0),(29,7,6,'681042f21cca9',1,16000.00,'',1,'BERHASIL','2025-04-29 10:09:38','2025-04-29 10:10:33',0),(30,8,17,'68106176c0fe7',1,29000.00,'',1,'BATAL','2025-04-29 12:19:50','2025-05-01 06:03:44',0),(31,8,13,'68106176c2246',1,25000.00,'',1,'BATAL','2025-04-29 12:19:50','2025-05-01 06:02:51',0),(32,8,7,'68106176c2419',1,17000.00,'',1,'BATAL','2025-04-29 12:19:50','2025-05-01 06:03:44',0),(33,8,6,'68106176c3038',1,16000.00,'',1,'BATAL','2025-04-29 12:19:50','2025-05-01 06:03:32',0),(34,9,25,'681075019a533',1,60000.00,'',1,'BERHASIL','2025-04-29 13:43:13','2025-04-29 13:53:02',0),(35,9,25,'681075019a745',1,60000.00,'',1,'BERHASIL','2025-04-29 13:43:13','2025-04-29 13:53:02',0),(36,9,25,'681075019b7fd',1,60000.00,'',1,'BERHASIL','2025-04-29 13:43:13','2025-04-29 13:53:02',0),(37,9,6,'681075019b8e8',1,16000.00,'',1,'BERHASIL','2025-04-29 13:43:13','2025-04-29 13:53:02',0),(38,10,125,'6810755320cf6',1,21000.00,'',1,NULL,'2025-04-29 13:44:35','2025-04-29 13:44:41',0),(39,10,50,'6810755320dd9',1,19000.00,'',1,NULL,'2025-04-29 13:44:35','2025-04-29 13:44:41',0),(40,10,7,'6810755321fc1',1,17000.00,'',1,'BATAL','2025-04-29 13:44:35','2025-05-01 06:03:16',0),(41,10,6,'6810755322085',1,16000.00,'',1,NULL,'2025-04-29 13:44:35','2025-04-29 13:44:41',0),(42,11,125,'6810756d3ad95',1,21000.00,'',1,'BATAL','2025-04-29 13:45:01','2025-05-01 06:03:03',0),(43,12,126,'68107580c1e13',1,24000.00,'',1,NULL,'2025-04-29 13:45:20','2025-04-29 13:45:24',0),(44,12,125,'68107580c213d',1,21000.00,'',1,NULL,'2025-04-29 13:45:20','2025-04-29 13:45:24',0),(45,13,6,'6810d34b5ae97',1,16000.00,'',1,NULL,'2025-04-29 20:25:31','2025-04-29 20:25:35',0),(46,14,50,'6810d35d8f35c',1,19000.00,'',1,'BERHASIL','2025-04-29 20:25:49','2025-04-30 20:42:29',0),(47,14,7,'6810d35d8f534',1,17000.00,'',1,'BERHASIL','2025-04-29 20:25:49','2025-04-30 20:42:29',0),(48,15,6,'6810d386d2966',1,16000.00,'',1,NULL,'2025-04-29 20:26:30','2025-04-29 20:26:34',0),(49,16,7,'6810d3922b25b',1,17000.00,'',1,'BATAL','2025-04-29 20:26:42','2025-05-01 05:46:23',0),(50,17,66,'6810d3a2691b8',1,20000.00,'',1,'BERHASIL','2025-04-29 20:26:58','2025-04-30 12:45:33',0),(51,18,66,'6810d3b6d82e6',1,20000.00,'',1,'BATAL','2025-04-29 20:27:18','2025-05-01 06:02:39',0),(52,19,51,'6810d4056ff08',1,20000.00,'',1,'BERHASIL','2025-04-29 20:28:37','2025-04-30 20:42:16',0),(53,20,25,'6810d5dbdf956',1,60000.00,'',1,'REFUND','2025-04-29 20:36:27','2025-04-30 22:53:45',0),(54,20,25,'6810d5dbdfacd',1,60000.00,'',1,'REFUND','2025-04-29 20:36:27','2025-04-30 22:53:45',0),(55,20,25,'6810d5dbdfbf3',1,60000.00,'',1,'REFUND','2025-04-29 20:36:27','2025-04-30 22:42:27',0),(56,20,25,'6810d5dbdfeee',1,60000.00,'',1,'REFUND','2025-04-29 20:36:27','2025-04-30 22:53:12',0),(57,21,14,'681150d26f264',1,28000.00,'pedas',1,'BATAL','2025-04-30 05:21:06','2025-05-01 06:02:32',0),(58,21,16,'681150d270565',1,25000.00,'manis',1,NULL,'2025-04-30 05:21:06','2025-04-30 22:57:16',0),(59,21,6,'681150d27118d',1,16000.00,'aaaa',1,'BATAL','2025-04-30 05:21:06','2025-05-01 06:02:32',0),(60,22,17,'6812b41e90557',1,29000.00,'',1,'BATAL','2025-05-01 06:37:02','2025-05-01 07:22:00',0),(61,22,14,'6812b41e9161e',1,28000.00,'',1,'BATAL','2025-05-01 06:37:02','2025-05-01 07:22:00',0),(62,22,14,'6812b41e9161e',1,28000.00,'',1,'BATAL','2025-05-01 06:37:02','2025-05-01 07:22:00',0),(63,22,13,'6812b41e933be',1,25000.00,'',1,'BATAL','2025-05-01 06:37:02','2025-05-01 07:22:00',0),(64,22,13,'6812b41e933be',1,25000.00,'',1,'BATAL','2025-05-01 06:37:02','2025-05-01 07:22:00',0),(65,22,13,'6812b41e933be',1,25000.00,'',1,'BATAL','2025-05-01 06:37:02','2025-05-01 07:22:00',0),(66,22,7,'6812b41e935d0',1,17000.00,'',1,'BATAL','2025-05-01 06:37:02','2025-05-01 07:22:00',0),(67,22,6,'6812b41e936f0',1,16000.00,'',1,'BATAL','2025-05-01 06:37:02','2025-05-01 07:22:00',0),(68,22,25,'6812bba70b07c',1,60000.00,'',1,'BATAL','2025-05-01 07:09:11','2025-05-01 07:22:00',0),(69,22,25,'6812bba70b07c',1,60000.00,'',1,'BATAL','2025-05-01 07:09:11','2025-05-01 07:22:00',0),(70,22,25,'6812bba70b07c',1,60000.00,'',1,'BATAL','2025-05-01 07:09:11','2025-05-01 07:22:00',0),(71,22,25,'6812bba70b07c',1,60000.00,'',1,'BATAL','2025-05-01 07:09:11','2025-05-01 07:22:00',0),(72,22,25,'6812bba70b07c',1,60000.00,'',1,'BATAL','2025-05-01 07:09:11','2025-05-01 07:22:00',0),(73,22,25,'6812bba70b07c',1,60000.00,'',1,'BATAL','2025-05-01 07:09:11','2025-05-01 07:22:00',0),(74,23,7,'6812c0f9147b4',1,17000.00,'',1,NULL,'2025-05-01 07:31:53','2025-05-01 07:31:57',0),(75,23,6,'6812c0f9158ee',1,16000.00,'',1,NULL,'2025-05-01 07:31:53','2025-05-01 07:31:57',0),(76,23,13,'6812c128dd040',1,25000.00,'',1,NULL,'2025-05-01 07:32:40','2025-05-01 07:32:46',0),(77,23,13,'6812c128dd040',1,25000.00,'',1,NULL,'2025-05-01 07:32:40','2025-05-01 07:32:46',0),(78,23,13,'6812c128dd040',1,25000.00,'',1,NULL,'2025-05-01 07:32:40','2025-05-01 07:32:46',0),(79,23,7,'6812c128de923',1,17000.00,'',1,NULL,'2025-05-01 07:32:40','2025-05-01 07:32:46',0),(80,23,7,'6812c128de923',1,17000.00,'',1,NULL,'2025-05-01 07:32:40','2025-05-01 07:32:46',0),(81,23,7,'6812c128de923',1,17000.00,'',1,NULL,'2025-05-01 07:32:40','2025-05-01 07:32:46',0),(82,23,15,'6812c17f4cefe',1,22000.00,'',1,NULL,'2025-05-01 07:34:07','2025-05-01 07:34:11',0),(83,23,15,'6812c17f4cefe',1,22000.00,'',1,NULL,'2025-05-01 07:34:07','2025-05-01 07:34:11',0),(84,23,13,'6812c1a177062',1,25000.00,'',1,NULL,'2025-05-01 07:34:41','2025-05-01 07:34:45',0),(85,23,13,'6812c1a177062',1,25000.00,'',1,NULL,'2025-05-01 07:34:41','2025-05-01 07:34:45',0),(86,23,13,'6812c1a177062',1,25000.00,'',1,NULL,'2025-05-01 07:34:41','2025-05-01 07:34:45',0),(87,23,13,'6812c1a177062',1,25000.00,'',1,NULL,'2025-05-01 07:34:41','2025-05-01 07:34:45',0),(88,23,13,'6812c1a177062',1,25000.00,'',1,NULL,'2025-05-01 07:34:41','2025-05-01 07:34:45',0),(89,23,16,'6812c1deb9ddf',1,25000.00,'',1,NULL,'2025-05-01 07:35:42','2025-05-01 07:35:46',0),(90,23,16,'6812c1deb9ddf',1,25000.00,'',1,NULL,'2025-05-01 07:35:42','2025-05-01 07:35:46',0),(91,23,16,'6812c1deb9ddf',1,25000.00,'',1,NULL,'2025-05-01 07:35:42','2025-05-01 07:35:46',0),(92,23,17,'6812c217c0ddf',1,29000.00,'',1,NULL,'2025-05-01 07:36:39','2025-05-01 07:36:43',0),(93,23,17,'6812c217c0ddf',1,29000.00,'',1,NULL,'2025-05-01 07:36:39','2025-05-01 07:36:43',0),(94,23,17,'6812c217c0ddf',1,29000.00,'',1,NULL,'2025-05-01 07:36:39','2025-05-01 07:36:43',0),(95,23,17,'6812c217c0ddf',1,29000.00,'',1,NULL,'2025-05-01 07:36:39','2025-05-01 07:36:43',0),(96,23,17,'6812c217c0ddf',1,29000.00,'',1,NULL,'2025-05-01 07:36:39','2025-05-01 07:36:43',0),(97,24,13,'6812c2688d5f2',1,25000.00,'',1,NULL,'2025-05-01 07:38:00','2025-05-01 07:38:04',0),(98,24,13,'6812c2688d5f2',1,25000.00,'',1,NULL,'2025-05-01 07:38:00','2025-05-01 07:38:04',0),(99,24,13,'6812c2688d5f2',1,25000.00,'',1,NULL,'2025-05-01 07:38:00','2025-05-01 07:38:04',0),(100,25,26,'6812c289591a2',1,40000.00,'',1,NULL,'2025-05-01 07:38:33','2025-05-01 07:38:37',0),(101,25,26,'6812c289591a2',1,40000.00,'',1,NULL,'2025-05-01 07:38:33','2025-05-01 07:38:37',0),(102,25,26,'6812c289591a2',1,40000.00,'',1,NULL,'2025-05-01 07:38:33','2025-05-01 07:38:37',0),(103,25,25,'6812c289596d4',1,60000.00,'',1,NULL,'2025-05-01 07:38:33','2025-05-01 07:38:37',0),(104,25,25,'6812c289596d4',1,60000.00,'',1,NULL,'2025-05-01 07:38:33','2025-05-01 07:38:37',0),(105,25,25,'6812c289596d4',1,60000.00,'',1,NULL,'2025-05-01 07:38:33','2025-05-01 07:38:37',0),(106,26,26,'6812c2b9c88f4',1,40000.00,'',1,NULL,'2025-05-01 07:39:21','2025-05-01 07:39:25',0),(107,26,26,'6812c2b9c88f4',1,40000.00,'',1,NULL,'2025-05-01 07:39:21','2025-05-01 07:39:25',0),(108,26,26,'6812c2b9c88f4',1,40000.00,'',1,NULL,'2025-05-01 07:39:21','2025-05-01 07:39:25',0),(109,26,26,'6812c2b9c88f4',1,40000.00,'',1,NULL,'2025-05-01 07:39:21','2025-05-01 07:39:25',0),(110,26,25,'6812c2b9ccaed',1,60000.00,'',1,NULL,'2025-05-01 07:39:21','2025-05-01 07:39:25',0),(111,26,25,'6812c2b9ccaed',1,60000.00,'',1,NULL,'2025-05-01 07:39:21','2025-05-01 07:39:25',0),(112,26,25,'6812c2b9ccaed',1,60000.00,'',1,NULL,'2025-05-01 07:39:21','2025-05-01 07:39:25',0),(113,26,25,'6812c2b9ccaed',1,60000.00,'',1,NULL,'2025-05-01 07:39:21','2025-05-01 07:39:25',0),(114,26,25,'6812c2b9ccaed',1,60000.00,'',1,NULL,'2025-05-01 07:39:21','2025-05-01 07:39:25',0),(115,27,13,'6812c2dd87b8f',1,25000.00,'',1,NULL,'2025-05-01 07:39:57','2025-05-01 07:40:01',0),(116,27,13,'6812c2dd87b8f',1,25000.00,'',1,NULL,'2025-05-01 07:39:57','2025-05-01 07:40:01',0),(117,27,13,'6812c2dd87b8f',1,25000.00,'',1,NULL,'2025-05-01 07:39:57','2025-05-01 07:40:01',0),(118,27,13,'6812c2dd87b8f',1,25000.00,'',1,NULL,'2025-05-01 07:39:57','2025-05-01 07:40:01',0);
/*!40000 ALTER TABLE `pr_detail_transaksi` ENABLE KEYS */;
UNLOCK TABLES;

--
-- Table structure for table `pr_divisi`
--

DROP TABLE IF EXISTS `pr_divisi`;
/*!40101 SET @saved_cs_client     = @@character_set_client */;
/*!40101 SET character_set_client = utf8 */;
CREATE TABLE `pr_divisi` (
  `id` int(11) NOT NULL AUTO_INCREMENT,
  `nama_divisi` varchar(100) NOT NULL,
  `urutan_tampilan` int(3) NOT NULL DEFAULT 0,
  `created_at` datetime DEFAULT current_timestamp(),
  `updated_at` datetime DEFAULT current_timestamp() ON UPDATE current_timestamp(),
  PRIMARY KEY (`id`) USING BTREE
) ENGINE=InnoDB AUTO_INCREMENT=4 DEFAULT CHARSET=utf8 COLLATE=utf8_general_ci ROW_FORMAT=DYNAMIC;
/*!40101 SET character_set_client = @saved_cs_client */;

--
-- Dumping data for table `pr_divisi`
--

LOCK TABLES `pr_divisi` WRITE;
/*!40000 ALTER TABLE `pr_divisi` DISABLE KEYS */;
INSERT INTO `pr_divisi` VALUES (1,'BEVERAGE',1,'2025-03-24 06:18:03','2025-03-24 06:18:03'),(2,'FOOD',2,'2025-03-24 06:18:03','2025-03-24 06:18:03'),(3,'EVENT',3,'2025-03-24 06:18:03','2025-03-24 06:18:03');
/*!40000 ALTER TABLE `pr_divisi` ENABLE KEYS */;
UNLOCK TABLES;

--
-- Table structure for table `pr_extra`
--

DROP TABLE IF EXISTS `pr_extra`;
/*!40101 SET @saved_cs_client     = @@character_set_client */;
/*!40101 SET character_set_client = utf8 */;
CREATE TABLE `pr_extra` (
  `id` int(11) NOT NULL AUTO_INCREMENT,
  `nama_extra` varchar(255) NOT NULL,
  `sku` varchar(50) NOT NULL,
  `satuan` varchar(50) NOT NULL,
  `hpp` decimal(10,2) NOT NULL DEFAULT 0.00,
  `harga_jual` decimal(10,2) NOT NULL DEFAULT 0.00,
  `created_at` datetime DEFAULT current_timestamp(),
  `updated_at` datetime DEFAULT current_timestamp() ON UPDATE current_timestamp(),
  PRIMARY KEY (`id`) USING BTREE,
  UNIQUE KEY `sku` (`sku`) USING BTREE
) ENGINE=InnoDB AUTO_INCREMENT=18 DEFAULT CHARSET=utf8 COLLATE=utf8_general_ci ROW_FORMAT=DYNAMIC;
/*!40101 SET character_set_client = @saved_cs_client */;

--
-- Dumping data for table `pr_extra`
--

LOCK TABLES `pr_extra` WRITE;
/*!40000 ALTER TABLE `pr_extra` DISABLE KEYS */;
INSERT INTO `pr_extra` VALUES (1,'PAPER BOWL','PPBWL','PACK',800.00,1500.00,'2025-03-24 06:18:03','2025-03-24 06:18:03'),(2,'PAPPER BOX','PPRBX','PACK',1000.00,1500.00,'2025-03-24 06:18:03','2025-03-24 06:18:03'),(5,'qq','qq','PACK',800.00,1500.00,'2025-03-24 06:18:03','2025-03-24 06:18:03'),(6,'ww','qqq','PACK',1000.00,1500.00,'2025-03-24 06:18:03','2025-03-24 06:18:03'),(7,'ee','ssa','PACK',800.00,1500.00,'2025-03-24 06:18:03','2025-03-24 06:18:03'),(8,'rr','aas','PACK',1000.00,1500.00,'2025-03-24 06:18:03','2025-03-24 06:18:03'),(9,'aa','as','PACK',800.00,1500.00,'2025-03-24 06:18:03','2025-03-24 06:18:03'),(10,'xx','vfds','PACK',1000.00,1500.00,'2025-03-24 06:18:03','2025-03-24 06:18:03'),(11,'tt','atrq','PACK',800.00,1500.00,'2025-03-24 06:18:03','2025-03-24 06:18:03'),(12,'4','yd','PACK',1000.00,1500.00,'2025-03-24 06:18:03','2025-03-24 06:18:03'),(13,'asa','asa','PACK',1000.00,1500.00,'2025-03-24 06:18:03','2025-03-24 06:18:03'),(14,'fsd','fsd','PACK',800.00,1500.00,'2025-03-24 06:18:03','2025-03-24 06:18:03'),(15,'2Q','2Q','PACK',1000.00,1500.00,'2025-03-24 06:18:03','2025-03-24 06:18:03'),(16,'SDDS','SDDS','PACK',800.00,1500.00,'2025-03-24 06:18:03','2025-03-24 06:18:03'),(17,'ASSA','ASSA','PACK',1000.00,1500.00,'2025-03-24 06:18:03','2025-03-24 06:18:03');
/*!40000 ALTER TABLE `pr_extra` ENABLE KEYS */;
UNLOCK TABLES;

--
-- Table structure for table `pr_jenis_order`
--

DROP TABLE IF EXISTS `pr_jenis_order`;
/*!40101 SET @saved_cs_client     = @@character_set_client */;
/*!40101 SET character_set_client = utf8 */;
CREATE TABLE `pr_jenis_order` (
  `id` int(11) NOT NULL AUTO_INCREMENT,
  `jenis_order` varchar(50) NOT NULL,
  `created_at` datetime DEFAULT current_timestamp(),
  `updated_at` datetime DEFAULT current_timestamp() ON UPDATE current_timestamp(),
  PRIMARY KEY (`id`) USING BTREE,
  UNIQUE KEY `jenis_order` (`jenis_order`) USING BTREE
) ENGINE=InnoDB AUTO_INCREMENT=6 DEFAULT CHARSET=utf8 COLLATE=utf8_general_ci ROW_FORMAT=DYNAMIC;
/*!40101 SET character_set_client = @saved_cs_client */;

--
-- Dumping data for table `pr_jenis_order`
--

LOCK TABLES `pr_jenis_order` WRITE;
/*!40000 ALTER TABLE `pr_jenis_order` DISABLE KEYS */;
INSERT INTO `pr_jenis_order` VALUES (1,'Dine in','2025-03-24 06:18:04','2025-03-24 06:18:04'),(2,'Take Away','2025-03-24 06:18:04','2025-03-24 06:18:04'),(3,'Grab Food','2025-03-24 06:18:04','2025-03-24 06:18:04'),(4,'Shoope Food','2025-03-24 06:18:04','2025-03-24 06:18:04'),(5,'Lainnya','2025-03-24 06:18:04','2025-03-24 06:18:04');
/*!40000 ALTER TABLE `pr_jenis_order` ENABLE KEYS */;
UNLOCK TABLES;

--
-- Table structure for table `pr_kasir_shift`
--

DROP TABLE IF EXISTS `pr_kasir_shift`;
/*!40101 SET @saved_cs_client     = @@character_set_client */;
/*!40101 SET character_set_client = utf8 */;
CREATE TABLE `pr_kasir_shift` (
  `id` int(11) NOT NULL AUTO_INCREMENT,
  `kasir_id` int(11) NOT NULL,
  `modal_awal` decimal(15,2) NOT NULL,
  `waktu_mulai` datetime NOT NULL,
  `total_penjualan` decimal(15,2) DEFAULT 0.00,
  `total_pending` decimal(15,2) DEFAULT 0.00,
  `modal_akhir` decimal(15,2) DEFAULT 0.00,
  `selisih` decimal(15,2) DEFAULT 0.00,
  `waktu_tutup` datetime DEFAULT NULL,
  `waktu_selesai` datetime DEFAULT NULL,
  `total_pendapatan` decimal(15,2) DEFAULT 0.00,
  `keterangan` text DEFAULT NULL,
  `status` enum('OPEN','CLOSE') DEFAULT 'OPEN',
  `created_at` timestamp NOT NULL DEFAULT current_timestamp(),
  `updated_at` timestamp NOT NULL DEFAULT current_timestamp() ON UPDATE current_timestamp(),
  `transaksi_selesai` int(11) DEFAULT 0,
  `transaksi_pending` int(11) DEFAULT 0,
  PRIMARY KEY (`id`) USING BTREE
) ENGINE=InnoDB AUTO_INCREMENT=6 DEFAULT CHARSET=utf8mb4 COLLATE=utf8mb4_general_ci ROW_FORMAT=DYNAMIC;
/*!40101 SET character_set_client = @saved_cs_client */;

--
-- Dumping data for table `pr_kasir_shift`
--

LOCK TABLES `pr_kasir_shift` WRITE;
/*!40000 ALTER TABLE `pr_kasir_shift` DISABLE KEYS */;
INSERT INTO `pr_kasir_shift` VALUES (1,99,300000.00,'2025-04-28 11:29:46',0.00,0.00,0.00,0.00,'2025-04-28 16:29:46',NULL,0.00,'SHIFT 1','CLOSE','2025-04-28 04:29:46','2025-04-29 04:27:38',0,0),(5,99,300000.00,'2025-04-29 12:14:00',0.00,0.00,0.00,0.00,NULL,NULL,0.00,'SHIFT 1','OPEN','2025-04-29 05:14:00','2025-04-29 05:14:00',0,0);
/*!40000 ALTER TABLE `pr_kasir_shift` ENABLE KEYS */;
UNLOCK TABLES;

--
-- Table structure for table `pr_kategori`
--

DROP TABLE IF EXISTS `pr_kategori`;
/*!40101 SET @saved_cs_client     = @@character_set_client */;
/*!40101 SET character_set_client = utf8 */;
CREATE TABLE `pr_kategori` (
  `id` int(11) NOT NULL AUTO_INCREMENT,
  `nama_kategori` varchar(100) NOT NULL,
  `pr_divisi_id` int(11) DEFAULT NULL,
  `urutan` int(11) NOT NULL,
  `status` tinyint(1) NOT NULL DEFAULT 1,
  `created_at` datetime DEFAULT current_timestamp(),
  `updated_at` datetime DEFAULT current_timestamp() ON UPDATE current_timestamp(),
  PRIMARY KEY (`id`) USING BTREE,
  KEY `pr_divisi_id` (`pr_divisi_id`) USING BTREE,
  CONSTRAINT `pr_kategori_ibfk_1` FOREIGN KEY (`pr_divisi_id`) REFERENCES `pr_divisi` (`id`)
) ENGINE=InnoDB AUTO_INCREMENT=29 DEFAULT CHARSET=utf8 COLLATE=utf8_general_ci ROW_FORMAT=DYNAMIC;
/*!40101 SET character_set_client = @saved_cs_client */;

--
-- Dumping data for table `pr_kategori`
--

LOCK TABLES `pr_kategori` WRITE;
/*!40000 ALTER TABLE `pr_kategori` DISABLE KEYS */;
INSERT INTO `pr_kategori` VALUES (1,'CLASSIC COFFEE',1,1,1,'2025-03-24 06:18:04','2025-03-24 06:18:04'),(2,'LATTEE SERIES',1,2,1,'2025-03-24 06:18:04','2025-03-24 06:18:04'),(3,'MOCKTAIL',1,3,1,'2025-03-24 06:18:04','2025-03-24 06:18:04'),(4,'REFRESHING',1,4,1,'2025-03-24 06:18:04','2025-03-24 06:18:04'),(5,'SWEET SERIES',1,5,1,'2025-03-24 06:18:04','2025-03-24 06:18:04'),(6,'BLEND SERIES',1,6,1,'2025-03-24 06:18:04','2025-03-24 06:18:04'),(7,'TEA SERIES',1,7,1,'2025-03-24 06:18:04','2025-03-24 06:18:04'),(8,'WEDANGAN',1,8,1,'2025-03-24 06:18:04','2025-03-24 06:18:04'),(9,'ICE CREAM',1,9,1,'2025-03-24 06:18:04','2025-03-24 06:18:04'),(10,'ADD BAR',1,10,1,'2025-03-24 06:18:04','2025-03-24 06:18:04'),(11,'INDONESIAN HERITAGE',2,11,1,'2025-03-24 06:18:04','2025-03-24 06:18:04'),(12,'ASIAN COURSE',2,12,1,'2025-03-24 06:18:04','2025-03-24 06:18:04'),(13,'JAPANESE FUSION',2,13,1,'2025-03-24 06:18:04','2025-03-24 06:18:04'),(14,'CLASSIC WESTERN',2,14,1,'2025-03-24 06:18:04','2025-03-24 06:18:04'),(15,'SNACK & BITES',2,15,1,'2025-03-24 06:18:04','2025-03-24 06:18:04'),(16,'SPICY',2,16,1,'2025-03-24 06:18:04','2025-03-24 06:18:04'),(17,'RICE BOWL',2,17,1,'2025-03-24 06:18:04','2025-03-24 06:18:04'),(18,'INDOMIE SERIES',2,18,1,'2025-03-24 06:18:04','2025-03-24 06:18:04'),(19,'SALAD',2,19,1,'2025-03-24 06:18:04','2025-03-24 06:18:04'),(20,'DESSERT',2,20,1,'2025-03-24 06:18:04','2025-03-24 06:18:04'),(21,'CARBO',2,21,1,'2025-03-24 06:18:04','2025-03-24 06:18:04'),(22,'SAUCE,SAMBAL & MAYO',2,22,1,'2025-03-24 06:18:04','2025-03-24 06:18:04'),(23,'OTHER CONDIMENT',2,23,1,'2025-03-24 06:18:04','2025-03-24 06:18:04'),(24,'EVENT BEVERAGE',3,24,1,'2025-03-24 06:18:04','2025-03-24 06:18:04'),(25,'EVENT FOOD CATERING',3,25,1,'2025-03-24 06:18:04','2025-03-24 06:18:04'),(26,'EVENT',3,26,1,'2025-03-24 06:18:04','2025-03-24 06:18:04'),(27,'EVENT RAMADHAN',3,27,1,'2025-03-24 06:18:04','2025-03-24 06:18:04'),(28,'SEASONAL RAMADHAN',3,28,1,'2025-03-24 06:18:04','2025-03-24 06:18:04');
/*!40000 ALTER TABLE `pr_kategori` ENABLE KEYS */;
UNLOCK TABLES;

--
-- Table structure for table `pr_log_stok_bahan_baku`
--

DROP TABLE IF EXISTS `pr_log_stok_bahan_baku`;
/*!40101 SET @saved_cs_client     = @@character_set_client */;
/*!40101 SET character_set_client = utf8 */;
CREATE TABLE `pr_log_stok_bahan_baku` (
  `id` int(11) NOT NULL AUTO_INCREMENT,
  `bahan_id` int(11) NOT NULL,
  `divisi_id` int(11) NOT NULL,
  `jenis_transaksi` enum('purchase','store_request','penyesuaian','penjualan') NOT NULL,
  `jumlah` decimal(10,2) NOT NULL,
  `hpp` decimal(15,2) DEFAULT 0.00,
  `tanggal` date NOT NULL,
  `keterangan` varchar(255) DEFAULT NULL,
  `created_at` datetime DEFAULT current_timestamp(),
  `updated_at` datetime DEFAULT current_timestamp() ON UPDATE current_timestamp(),
  PRIMARY KEY (`id`) USING BTREE,
  KEY `bahan_id` (`bahan_id`) USING BTREE,
  KEY `divisi_id` (`divisi_id`) USING BTREE,
  CONSTRAINT `pr_log_stok_bahan_baku_ibfk_1` FOREIGN KEY (`bahan_id`) REFERENCES `bl_db_belanja` (`id`),
  CONSTRAINT `pr_log_stok_bahan_baku_ibfk_2` FOREIGN KEY (`divisi_id`) REFERENCES `bl_divisi` (`id`)
) ENGINE=InnoDB AUTO_INCREMENT=386 DEFAULT CHARSET=utf8 COLLATE=utf8_general_ci ROW_FORMAT=DYNAMIC;
/*!40101 SET character_set_client = @saved_cs_client */;

--
-- Dumping data for table `pr_log_stok_bahan_baku`
--

LOCK TABLES `pr_log_stok_bahan_baku` WRITE;
/*!40000 ALTER TABLE `pr_log_stok_bahan_baku` DISABLE KEYS */;
INSERT INTO `pr_log_stok_bahan_baku` VALUES (4,66,2,'purchase',1.00,110.00,'2025-04-07','Otomatis dari purchase','2025-04-07 01:41:14','2025-04-12 13:36:24'),(5,66,2,'purchase',-1.00,0.00,'2025-04-07','Hapus Purchase ID #3038','2025-04-07 01:41:23','2025-04-12 13:36:24'),(6,147,1,'purchase',-5.00,0.00,'2025-04-03','Hapus Purchase ID #2859','2025-04-07 07:59:59','2025-04-12 13:36:24'),(7,147,2,'purchase',5.00,1588.24,'2025-04-03','Otomatis dari purchase','2025-04-07 15:22:06','2025-04-12 13:36:24'),(8,111,2,'purchase',1.00,1100.00,'2025-04-07','Otomatis dari purchase','2025-04-07 15:25:59','2025-04-12 13:36:24'),(9,102,2,'purchase',1.00,428.00,'2025-04-07','Otomatis dari purchase','2025-04-07 15:27:06','2025-04-12 13:36:24'),(10,406,2,'purchase',1.00,38.00,'2025-04-07','Otomatis dari purchase','2025-04-07 15:28:22','2025-04-12 13:36:24'),(11,190,2,'purchase',1.00,24.70,'2025-04-07','Otomatis dari purchase','2025-04-07 15:30:07','2025-04-12 13:36:24'),(12,226,2,'purchase',5.00,150.00,'2025-04-07','Otomatis dari purchase','2025-04-07 15:33:55','2025-04-12 13:36:24'),(13,328,2,'purchase',1.00,33.33,'2025-04-07','Otomatis dari purchase','2025-04-07 15:35:12','2025-04-12 13:36:24'),(14,348,2,'purchase',1.00,36.00,'2025-04-07','Otomatis dari purchase','2025-04-07 15:35:54','2025-04-12 13:36:24'),(15,57,2,'purchase',1.00,10.00,'2025-04-07','Otomatis dari purchase','2025-04-07 15:36:40','2025-04-12 13:36:24'),(16,292,1,'purchase',1.00,85.00,'2025-04-07','Otomatis dari purchase','2025-04-07 15:37:28','2025-04-12 13:36:24'),(17,293,1,'purchase',1.00,85.00,'2025-04-07','Otomatis dari purchase','2025-04-07 15:38:17','2025-04-12 13:36:24'),(18,348,2,'purchase',1.00,60.00,'2025-04-07','Otomatis dari purchase','2025-04-07 15:39:22','2025-04-12 13:36:24'),(19,147,2,'purchase',2.00,1617.65,'2025-04-07','Otomatis dari purchase','2025-04-07 15:40:11','2025-04-12 13:36:24'),(20,57,2,'purchase',1.00,10.00,'2025-04-07','Otomatis dari purchase','2025-04-07 15:41:08','2025-04-12 13:36:24'),(21,215,1,'purchase',3.00,1.38,'2025-04-07','Otomatis dari purchase','2025-04-07 15:47:36','2025-04-12 13:36:24'),(22,313,2,'purchase',1.00,96.00,'2025-04-07','Otomatis dari purchase','2025-04-07 15:58:30','2025-04-12 13:36:24'),(23,264,2,'purchase',1.00,44.00,'2025-04-07','Otomatis dari purchase','2025-04-07 17:06:44','2025-04-12 13:36:24'),(24,369,2,'purchase',1.00,44.00,'2025-04-07','Otomatis dari purchase','2025-04-07 17:09:20','2025-04-12 13:36:24'),(25,264,2,'purchase',-1.00,0.00,'2025-04-07','Hapus Purchase ID #3062','2025-04-07 17:09:45','2025-04-12 13:36:24'),(26,264,2,'purchase',1.00,44.00,'2025-04-07','Otomatis dari purchase','2025-04-07 17:10:35','2025-04-12 13:36:24'),(27,268,2,'purchase',1.00,29.00,'2025-04-07','Otomatis dari purchase','2025-04-07 17:12:04','2025-04-12 13:36:24'),(28,266,2,'purchase',10.00,30000.00,'2025-04-07','Otomatis dari purchase','2025-04-07 17:14:45','2025-04-12 13:36:24'),(29,267,2,'purchase',5.00,67000.00,'2025-04-08','Otomatis dari purchase','2025-04-08 12:40:19','2025-04-12 13:36:24'),(30,147,2,'purchase',5.00,1588.24,'2025-04-08','Otomatis dari purchase','2025-04-08 12:49:44','2025-04-12 13:36:24'),(31,47,2,'purchase',1.00,120.00,'2025-04-08','Otomatis dari purchase','2025-04-08 12:56:41','2025-04-12 13:36:24'),(32,334,2,'purchase',2.00,4000.00,'2025-04-08','Otomatis dari purchase','2025-04-08 13:00:01','2025-04-12 13:36:24'),(33,190,1,'purchase',12.00,17.08,'2025-04-08','Otomatis dari purchase','2025-04-08 13:11:01','2025-04-12 13:36:24'),(34,194,1,'purchase',2.00,31.25,'2025-04-08','Otomatis dari purchase','2025-04-08 14:23:59','2025-04-12 13:36:24'),(35,94,2,'purchase',7.00,3400.00,'2025-04-08','Otomatis dari purchase','2025-04-08 15:16:22','2025-04-12 13:36:24'),(36,95,2,'purchase',8.00,3200.00,'2025-04-08','Otomatis dari purchase','2025-04-08 15:24:14','2025-04-12 13:36:24'),(37,142,2,'purchase',1.00,19.30,'2025-04-08','Otomatis dari purchase','2025-04-08 15:25:59','2025-04-12 13:36:24'),(38,188,2,'purchase',1.00,35.71,'2025-04-08','Otomatis dari purchase','2025-04-08 15:26:54','2025-04-12 13:36:24'),(39,105,2,'purchase',1.00,117.50,'2025-04-08','Otomatis dari purchase','2025-04-08 15:28:48','2025-04-12 13:36:24'),(40,44,2,'purchase',2.00,35.00,'2025-04-08','Otomatis dari purchase','2025-04-08 15:29:13','2025-04-12 13:36:24'),(41,85,2,'purchase',2.00,27.00,'2025-04-08','Otomatis dari purchase','2025-04-08 15:29:42','2025-04-12 13:36:24'),(42,204,2,'purchase',3.00,350.00,'2025-04-08','Otomatis dari purchase','2025-04-08 15:30:17','2025-04-12 13:36:24'),(43,225,2,'purchase',2.00,180.00,'2025-04-08','Otomatis dari purchase','2025-04-08 15:31:22','2025-04-12 13:36:24'),(44,109,2,'purchase',1.00,142.00,'2025-04-08','Otomatis dari purchase','2025-04-08 15:32:21','2025-04-12 13:36:24'),(45,491,2,'purchase',1.00,48.50,'2025-04-08','Otomatis dari purchase','2025-04-08 15:34:53','2025-04-12 13:36:24'),(46,81,2,'purchase',1.00,74.00,'2025-04-08','Otomatis dari purchase','2025-04-08 15:35:34','2025-04-12 13:36:24'),(47,72,2,'purchase',1.00,15.00,'2025-04-08','Otomatis dari purchase','2025-04-08 15:36:34','2025-04-12 13:36:24'),(48,134,1,'purchase',1.00,76.00,'2025-04-08','Otomatis dari purchase','2025-04-08 15:37:12','2025-04-12 13:36:24'),(49,52,1,'purchase',2.00,1425.00,'2025-04-08','Otomatis dari purchase','2025-04-08 15:38:21','2025-04-12 13:36:24'),(50,313,2,'purchase',1.00,95.33,'2025-04-08','Otomatis dari purchase','2025-04-08 15:39:32','2025-04-12 13:36:24'),(51,148,2,'purchase',2.00,20.00,'2025-04-08','Otomatis dari purchase','2025-04-08 15:40:30','2025-04-12 13:36:24'),(52,365,2,'purchase',1.00,16.47,'2025-04-08','Otomatis dari purchase','2025-04-08 15:41:54','2025-04-12 13:36:24'),(53,57,2,'purchase',1.00,10.00,'2025-04-08','Otomatis dari purchase','2025-04-08 15:42:59','2025-04-12 13:36:24'),(54,348,2,'purchase',1.00,34.67,'2025-04-08','Otomatis dari purchase','2025-04-08 15:44:01','2025-04-12 13:36:24'),(55,296,2,'purchase',1.00,43.00,'2025-04-08','Otomatis dari purchase','2025-04-08 15:44:53','2025-04-12 13:36:24'),(56,316,2,'purchase',1.00,14.00,'2025-04-08','Otomatis dari purchase','2025-04-08 15:45:22','2025-04-12 13:36:24'),(57,344,2,'purchase',1.00,8.00,'2025-04-08','Otomatis dari purchase','2025-04-08 15:46:50','2025-04-12 13:36:24'),(58,353,2,'purchase',1.00,18.00,'2025-04-08','Otomatis dari purchase','2025-04-08 15:48:01','2025-04-12 13:36:24'),(59,357,2,'purchase',1.00,12.00,'2025-04-08','Otomatis dari purchase','2025-04-08 15:49:06','2025-04-12 13:36:24'),(60,357,2,'purchase',-1.00,0.00,'2025-04-08','Hapus Purchase ID #3102','2025-04-08 15:49:33','2025-04-12 13:36:24'),(61,357,1,'purchase',1.00,12.00,'2025-04-08','Otomatis dari purchase','2025-04-08 15:50:18','2025-04-12 13:36:24'),(62,125,2,'purchase',1.00,19.88,'2025-04-08','Otomatis dari purchase','2025-04-08 16:04:06','2025-04-12 13:36:24'),(63,125,2,'purchase',-1.00,0.00,'2025-04-08','Hapus Purchase ID #3104','2025-04-08 16:16:58','2025-04-12 13:36:24'),(64,125,2,'purchase',2.00,19.88,'2025-04-08','Otomatis dari purchase','2025-04-08 16:19:39','2025-04-12 13:36:24'),(65,97,1,'purchase',1.00,183.33,'2025-04-08','Otomatis dari purchase','2025-04-08 16:23:39','2025-04-12 13:36:24'),(66,297,2,'purchase',1.00,40.00,'2025-04-08','Otomatis dari purchase','2025-04-08 16:31:39','2025-04-12 13:36:24'),(67,299,2,'purchase',1.00,40.00,'2025-04-08','Otomatis dari purchase','2025-04-08 16:32:35','2025-04-12 13:36:24'),(68,150,2,'purchase',3.00,10.00,'2025-04-08','Otomatis dari purchase','2025-04-08 16:33:39','2025-04-12 13:36:24'),(69,50,1,'purchase',1.00,1200.00,'2025-04-08','Otomatis dari purchase','2025-04-08 16:34:08','2025-04-12 13:36:24'),(70,184,2,'purchase',1.00,100.00,'2025-04-10','Otomatis dari purchase','2025-04-10 08:05:02','2025-04-12 13:36:24'),(71,185,2,'purchase',1.00,95.00,'2025-04-10','Otomatis dari purchase','2025-04-10 08:08:05','2025-04-12 13:36:24'),(72,186,2,'purchase',1.00,211.09,'2025-04-10','Otomatis dari purchase','2025-04-10 08:09:39','2025-04-12 13:36:24'),(73,215,1,'purchase',2.00,1.38,'2025-04-09','Otomatis dari purchase','2025-04-10 08:18:20','2025-04-12 13:36:24'),(74,215,1,'purchase',2.00,1.38,'2025-04-08','Otomatis dari purchase','2025-04-10 08:23:29','2025-04-12 13:36:24'),(75,350,2,'purchase',1.00,1000.00,'2025-04-10','Otomatis dari purchase','2025-04-10 12:57:49','2025-04-12 13:36:24'),(76,352,2,'purchase',2.00,5000.00,'2025-04-10','Otomatis dari purchase','2025-04-10 13:00:35','2025-04-12 13:36:24'),(77,56,1,'purchase',1.00,833.33,'2025-04-10','Otomatis dari purchase','2025-04-10 13:03:29','2025-04-12 13:36:24'),(78,328,2,'purchase',4.00,40.00,'2025-04-10','Otomatis dari purchase','2025-04-10 14:57:19','2025-04-12 13:36:24'),(79,328,2,'purchase',-4.00,0.00,'2025-04-10','Hapus Purchase ID #3131','2025-04-10 14:57:36','2025-04-12 13:36:24'),(80,328,2,'purchase',3.00,40.00,'2025-04-10','Otomatis dari purchase','2025-04-10 15:13:57','2025-04-12 13:36:24'),(81,125,2,'purchase',2.00,21.25,'2025-04-10','Otomatis dari purchase','2025-04-10 15:15:13','2025-04-12 13:36:24'),(82,304,2,'purchase',1.00,16.00,'2025-04-10','Otomatis dari purchase','2025-04-10 15:34:05','2025-04-12 13:36:24'),(83,333,2,'purchase',1.00,16.00,'2025-04-10','Otomatis dari purchase','2025-04-10 15:34:55','2025-04-12 13:36:24'),(84,338,2,'purchase',1.00,18.00,'2025-04-10','Otomatis dari purchase','2025-04-10 15:36:16','2025-04-12 13:36:24'),(85,319,2,'purchase',1.00,10.00,'2025-04-10','Otomatis dari purchase','2025-04-10 15:36:40','2025-04-12 13:36:24'),(86,209,2,'purchase',1.00,100.00,'2025-04-10','Otomatis dari purchase','2025-04-10 15:38:32','2025-04-12 13:36:24'),(87,352,2,'purchase',-2.00,0.00,'2025-04-10','Hapus Purchase ID #3124','2025-04-10 15:39:02','2025-04-12 13:36:24'),(88,352,2,'purchase',2.00,10000.00,'2025-04-10','Otomatis dari purchase','2025-04-10 15:40:01','2025-04-12 13:36:24'),(89,353,2,'purchase',1.00,11.00,'2025-04-10','Otomatis dari purchase','2025-04-10 16:23:31','2025-04-12 13:36:24'),(90,215,1,'purchase',2.00,1.38,'2025-04-10','Otomatis dari purchase','2025-04-10 16:46:01','2025-04-12 13:36:24'),(91,297,2,'purchase',1.00,40.00,'2025-04-11','Otomatis dari purchase','2025-04-11 12:14:27','2025-04-12 13:36:24'),(92,150,2,'purchase',3.00,10.00,'2025-04-11','Otomatis dari purchase','2025-04-11 12:16:53','2025-04-12 13:36:24'),(93,56,1,'purchase',1.00,833.33,'2025-04-11','Otomatis dari purchase','2025-04-11 12:26:34','2025-04-12 13:36:24'),(94,334,2,'purchase',2.00,4000.00,'2025-04-11','Otomatis dari purchase','2025-04-11 12:29:27','2025-04-12 13:36:24'),(95,352,2,'purchase',2.00,10000.00,'2025-04-11','Otomatis dari purchase','2025-04-11 12:36:43','2025-04-12 13:36:24'),(96,350,2,'purchase',1.00,1000.00,'2025-04-11','Otomatis dari purchase','2025-04-11 12:40:33','2025-04-12 13:36:24'),(97,204,2,'purchase',2.00,350.00,'2025-04-11','Otomatis dari purchase','2025-04-11 13:14:52','2025-04-12 13:36:24'),(98,204,2,'purchase',2.00,350.00,'2025-04-11','Otomatis dari purchase','2025-04-11 13:15:03','2025-04-12 13:36:24'),(99,226,2,'purchase',4.00,150.00,'2025-04-11','Otomatis dari purchase','2025-04-11 13:36:15','2025-04-12 13:36:24'),(100,328,2,'purchase',3.00,40.00,'2025-04-11','Otomatis dari purchase','2025-04-11 13:41:59','2025-04-12 13:36:24'),(101,150,2,'purchase',-3.00,0.00,'2025-04-11','Hapus Purchase ID #3157','2025-04-11 14:59:22','2025-04-12 13:36:24'),(102,150,2,'purchase',5.00,10.00,'2025-04-11','Otomatis dari purchase','2025-04-11 15:04:57','2025-04-12 13:36:24'),(103,313,2,'purchase',1.00,98.00,'2025-04-11','Otomatis dari purchase','2025-04-11 15:05:38','2025-04-12 13:36:24'),(104,148,2,'purchase',4.00,20.00,'2025-04-11','Otomatis dari purchase','2025-04-11 15:06:39','2025-04-12 13:36:24'),(105,346,2,'purchase',1.00,15.00,'2025-04-11','Otomatis dari purchase','2025-04-11 15:07:33','2025-04-12 13:36:24'),(106,357,2,'purchase',1.00,12.00,'2025-04-11','Otomatis dari purchase','2025-04-11 15:08:16','2025-04-12 13:36:24'),(107,348,2,'purchase',1.00,34.00,'2025-04-11','Otomatis dari purchase','2025-04-11 15:09:01','2025-04-12 13:36:24'),(108,57,2,'purchase',1.00,10.00,'2025-04-11','Otomatis dari purchase','2025-04-11 15:11:52','2025-04-12 13:36:24'),(109,296,2,'purchase',1.00,46.00,'2025-04-11','Otomatis dari purchase','2025-04-11 15:12:27','2025-04-12 13:36:24'),(110,97,1,'purchase',3.00,183.33,'2025-04-11','Otomatis dari purchase','2025-04-11 15:14:47','2025-04-12 13:36:24'),(111,93,1,'purchase',4.00,18.50,'2025-04-11','Otomatis dari purchase','2025-04-11 15:15:29','2025-04-12 13:36:24'),(112,147,2,'purchase',1.00,1558.82,'2025-04-11','Otomatis dari purchase','2025-04-11 15:16:38','2025-04-12 13:36:24'),(113,147,2,'purchase',-1.00,0.00,'2025-04-11','Hapus Purchase ID #3184','2025-04-11 15:16:48','2025-04-12 13:36:24'),(114,147,2,'purchase',5.00,1558.82,'2025-04-11','Otomatis dari purchase','2025-04-11 15:17:41','2025-04-12 13:36:24'),(115,10,1,'purchase',1.00,130.00,'2025-04-11','Otomatis dari purchase','2025-04-11 15:22:23','2025-04-12 13:36:24'),(116,91,2,'purchase',2.00,17.00,'2025-04-11','Otomatis dari purchase','2025-04-12 13:15:14','2025-04-12 13:36:24'),(117,352,2,'purchase',2.00,10000.00,'2025-04-12','Otomatis dari purchase','2025-04-12 15:13:01','2025-04-12 14:13:01'),(118,350,2,'purchase',2.00,1000.00,'2025-04-12','Otomatis dari purchase','2025-04-12 15:16:36','2025-04-12 14:16:36'),(119,54,2,'purchase',1.00,20000.00,'2025-04-12','Otomatis dari purchase','2025-04-12 15:21:50','2025-04-12 14:21:50'),(120,190,2,'purchase',1.00,21.50,'2025-04-12','Otomatis dari purchase','2025-04-12 15:30:42','2025-04-12 14:30:42'),(121,95,2,'purchase',5.00,3100.00,'2025-04-12','Otomatis dari purchase','2025-04-12 15:31:59','2025-04-12 14:31:59'),(122,125,2,'purchase',2.00,19.75,'2025-04-12','Otomatis dari purchase','2025-04-12 15:33:11','2025-04-12 14:33:11'),(123,215,1,'purchase',3.00,1.38,'2025-04-12','Otomatis dari purchase','2025-04-12 15:36:07','2025-04-12 14:36:07'),(124,296,2,'purchase',1.00,40.00,'2025-04-12','Otomatis dari purchase','2025-04-12 15:46:15','2025-04-12 14:46:15'),(125,299,2,'purchase',1.00,40.00,'2025-04-12','Otomatis dari purchase','2025-04-12 15:46:53','2025-04-12 14:46:53'),(126,172,1,'purchase',1.00,30.00,'2025-04-12','Otomatis dari purchase','2025-04-12 16:05:53','2025-04-12 15:05:53'),(127,51,1,'purchase',5.00,6000.00,'2025-04-12','Otomatis dari purchase','2025-04-12 16:07:56','2025-04-12 15:07:56'),(128,313,2,'purchase',1.00,98.00,'2025-04-12','Otomatis dari purchase','2025-04-12 16:08:30','2025-04-12 15:08:30'),(129,148,2,'purchase',4.00,20.00,'2025-04-12','Otomatis dari purchase','2025-04-12 16:09:18','2025-04-12 15:09:18'),(130,57,2,'purchase',1.00,11.00,'2025-04-12','Otomatis dari purchase','2025-04-12 16:10:09','2025-04-12 15:10:09'),(131,348,2,'purchase',1.00,34.00,'2025-04-12','Otomatis dari purchase','2025-04-12 16:11:07','2025-04-12 15:11:07'),(132,310,2,'purchase',1.00,52.00,'2025-04-12','Otomatis dari purchase','2025-04-12 16:12:51','2025-04-12 15:12:51'),(133,316,2,'purchase',1.00,13.00,'2025-04-12','Otomatis dari purchase','2025-04-12 16:13:20','2025-04-12 15:13:20'),(134,296,2,'purchase',1.00,46.00,'2025-04-12','Otomatis dari purchase','2025-04-12 16:13:48','2025-04-12 15:13:48'),(135,353,2,'purchase',1.00,18.00,'2025-04-12','Otomatis dari purchase','2025-04-12 16:14:41','2025-04-12 15:14:41'),(136,220,2,'purchase',1.00,20.00,'2025-04-12','Otomatis dari purchase','2025-04-12 16:15:23','2025-04-12 15:15:23'),(137,190,1,'purchase',12.00,17.08,'2025-04-12','Otomatis dari purchase','2025-04-12 16:19:20','2025-04-12 15:19:20'),(138,74,2,'purchase',1.00,23.00,'2025-04-12','Otomatis dari purchase','2025-04-12 16:19:52','2025-04-12 15:19:52'),(139,56,1,'purchase',1.00,625.00,'2025-04-12','Otomatis dari purchase','2025-04-12 16:20:55','2025-04-12 15:20:55'),(140,296,2,'purchase',-1.00,0.00,'2025-04-12','Hapus Purchase ID #3206','2025-04-12 20:18:06','2025-04-12 19:18:06'),(141,297,2,'purchase',1.00,40.00,'2025-04-12','Otomatis dari purchase','2025-04-12 20:20:20','2025-04-12 19:20:20'),(142,267,2,'purchase',5.00,67000.00,'2025-04-13','Otomatis dari purchase','2025-04-13 12:23:26','2025-04-13 11:23:26'),(143,56,1,'purchase',1.00,833.33,'2025-04-13','Otomatis dari purchase','2025-04-13 12:25:00','2025-04-13 11:25:00'),(144,47,2,'purchase',1.00,100.00,'2025-04-13','Otomatis dari purchase','2025-04-13 12:25:42','2025-04-13 11:25:42'),(145,350,2,'purchase',1.00,1000.00,'2025-04-13','Otomatis dari purchase','2025-04-13 12:26:48','2025-04-13 11:26:48'),(146,352,2,'purchase',2.00,10000.00,'2025-04-13','Otomatis dari purchase','2025-04-13 12:27:50','2025-04-13 11:27:50'),(147,85,2,'purchase',2.00,28.00,'2025-04-13','Otomatis dari purchase','2025-04-13 12:28:56','2025-04-13 11:28:56'),(148,109,2,'purchase',1.00,142.00,'2025-04-13','Otomatis dari purchase','2025-04-13 12:31:22','2025-04-13 11:31:22'),(149,226,2,'purchase',5.00,150.00,'2025-04-13','Otomatis dari purchase','2025-04-13 12:32:13','2025-04-13 11:32:13'),(150,328,2,'purchase',1.00,33.33,'2025-04-13','Otomatis dari purchase','2025-04-13 12:33:51','2025-04-13 11:33:51'),(151,44,2,'purchase',1.00,35.00,'2025-04-13','Otomatis dari purchase','2025-04-13 12:34:15','2025-04-13 11:34:15'),(152,386,2,'purchase',1.00,52.00,'2025-04-13','Otomatis dari purchase','2025-04-13 12:35:02','2025-04-13 11:35:02'),(153,224,2,'purchase',5.00,32.00,'2025-04-13','Otomatis dari purchase','2025-04-13 12:35:59','2025-04-13 11:35:59'),(154,94,2,'purchase',5.00,3100.00,'2025-04-13','Otomatis dari purchase','2025-04-13 12:44:31','2025-04-13 11:44:31'),(155,125,2,'purchase',2.00,19.28,'2025-04-13','Otomatis dari purchase','2025-04-13 12:45:37','2025-04-13 11:45:37'),(156,295,2,'purchase',1.00,70.00,'2025-04-13','Otomatis dari purchase','2025-04-13 12:48:34','2025-04-13 11:48:34'),(157,171,1,'purchase',1.00,32.00,'2025-04-13','Otomatis dari purchase','2025-04-13 12:50:10','2025-04-13 11:50:10'),(158,353,2,'purchase',1.00,18.00,'2025-04-13','Otomatis dari purchase','2025-04-13 12:51:24','2025-04-13 11:51:24'),(159,348,2,'purchase',1.00,34.00,'2025-04-13','Otomatis dari purchase','2025-04-13 12:52:16','2025-04-13 11:52:16'),(160,355,2,'purchase',1.00,20.00,'2025-04-13','Otomatis dari purchase','2025-04-13 12:52:43','2025-04-13 11:52:43'),(161,317,2,'purchase',1.00,32.00,'2025-04-13','Otomatis dari purchase','2025-04-13 12:53:15','2025-04-13 11:53:15'),(162,296,2,'purchase',1.00,45.00,'2025-04-13','Otomatis dari purchase','2025-04-13 12:54:01','2025-04-13 11:54:01'),(163,327,2,'purchase',1.00,38.00,'2025-04-13','Otomatis dari purchase','2025-04-13 12:54:20','2025-04-13 11:54:20'),(164,57,2,'purchase',1.00,10.00,'2025-04-13','Otomatis dari purchase','2025-04-13 12:55:16','2025-04-13 11:55:16'),(165,72,2,'purchase',1.00,15.00,'2025-04-13','Otomatis dari purchase','2025-04-13 12:55:47','2025-04-13 11:55:47'),(166,50,2,'purchase',1.00,1200.00,'2025-04-13','Otomatis dari purchase','2025-04-13 13:01:02','2025-04-13 12:01:02'),(167,215,1,'purchase',2.00,1.38,'2025-04-13','Otomatis dari purchase','2025-04-13 13:07:07','2025-04-13 12:07:07'),(168,51,1,'purchase',5.00,7700.00,'2025-04-13','Otomatis dari purchase','2025-04-13 15:17:26','2025-04-13 14:17:26'),(169,352,2,'purchase',1.00,10000.00,'2025-04-14','Otomatis dari purchase','2025-04-14 13:12:52','2025-04-14 12:12:52'),(170,334,2,'purchase',2.00,4000.00,'2025-04-14','Otomatis dari purchase','2025-04-14 13:17:50','2025-04-14 12:17:50'),(171,499,2,'purchase',2.00,37.00,'2025-04-14','Otomatis dari purchase','2025-04-14 13:28:07','2025-04-14 12:28:07'),(172,350,2,'purchase',1.00,1000.00,'2025-04-14','Otomatis dari purchase','2025-04-14 13:30:20','2025-04-14 12:30:20'),(173,500,3,'purchase',5.00,37.00,'2025-04-14','Otomatis dari purchase','2025-04-14 13:31:50','2025-04-14 12:31:50'),(174,500,3,'purchase',-5.00,0.00,'2025-04-14','Hapus Purchase ID #3267','2025-04-14 13:35:00','2025-04-14 12:35:00'),(175,500,2,'purchase',5.00,37.00,'2025-04-14','Otomatis dari purchase','2025-04-14 13:36:24','2025-04-14 12:36:24'),(176,297,2,'purchase',1.00,40.00,'2025-04-14','Otomatis dari purchase','2025-04-14 13:37:52','2025-04-14 12:37:52'),(177,299,2,'purchase',1.00,40.00,'2025-04-14','Otomatis dari purchase','2025-04-14 13:38:50','2025-04-14 12:38:50'),(178,65,2,'purchase',1.00,100.00,'2025-04-14','Otomatis dari purchase','2025-04-14 13:58:47','2025-04-14 12:58:47'),(179,204,2,'purchase',3.00,350.00,'2025-04-14','Otomatis dari purchase','2025-04-14 13:59:27','2025-04-14 12:59:27'),(180,501,1,'purchase',2.00,15.60,'2025-04-14','Otomatis dari purchase','2025-04-14 15:03:00','2025-04-14 14:03:00'),(181,125,2,'purchase',2.00,19.80,'2025-04-14','Otomatis dari purchase','2025-04-14 15:06:31','2025-04-14 14:06:31'),(182,127,2,'purchase',1.00,88.00,'2025-04-14','Otomatis dari purchase','2025-04-14 15:09:59','2025-04-14 14:09:59'),(183,54,1,'purchase',1.00,11.35,'2025-04-14','Otomatis dari purchase','2025-04-14 15:11:33','2025-04-14 14:11:33'),(184,57,2,'purchase',1.00,10.00,'2025-04-14','Otomatis dari purchase','2025-04-14 15:13:01','2025-04-14 14:13:01'),(185,344,2,'purchase',1.00,8.00,'2025-04-14','Otomatis dari purchase','2025-04-14 15:13:56','2025-04-14 14:13:56'),(186,343,2,'purchase',1.00,20.00,'2025-04-14','Otomatis dari purchase','2025-04-14 15:14:56','2025-04-14 14:14:56'),(187,319,2,'purchase',3.00,10.00,'2025-04-14','Otomatis dari purchase','2025-04-14 15:15:50','2025-04-14 14:15:50'),(188,357,2,'purchase',1.00,12.00,'2025-04-14','Otomatis dari purchase','2025-04-14 15:16:52','2025-04-14 14:16:52'),(189,313,2,'purchase',1.00,90.00,'2025-04-14','Otomatis dari purchase','2025-04-14 15:17:53','2025-04-14 14:17:53'),(190,348,2,'purchase',1.00,34.00,'2025-04-14','Otomatis dari purchase','2025-04-14 15:18:50','2025-04-14 14:18:50'),(191,355,2,'purchase',1.00,20.00,'2025-04-14','Otomatis dari purchase','2025-04-14 15:19:26','2025-04-14 14:19:26'),(192,353,2,'purchase',1.00,18.00,'2025-04-14','Otomatis dari purchase','2025-04-14 15:20:45','2025-04-14 14:20:45'),(193,113,2,'purchase',1.00,152.00,'2025-04-14','Otomatis dari purchase','2025-04-14 15:21:48','2025-04-14 14:21:48'),(194,356,1,'purchase',1.00,40.00,'2025-04-14','Otomatis dari purchase','2025-04-14 15:22:10','2025-04-14 14:22:10'),(195,502,2,'purchase',3.00,13.00,'2025-04-14','Otomatis dari purchase','2025-04-14 15:26:35','2025-04-14 14:26:35'),(196,190,1,'purchase',12.00,17.08,'2025-04-14','Otomatis dari purchase','2025-04-14 15:27:02','2025-04-14 14:27:02'),(197,264,2,'purchase',1.00,45.00,'2025-04-14','Otomatis dari purchase','2025-04-14 15:28:00','2025-04-14 14:28:00'),(198,369,2,'purchase',1.00,45.00,'2025-04-14','Otomatis dari purchase','2025-04-14 15:29:11','2025-04-14 14:29:11'),(199,264,2,'purchase',-1.00,0.00,'2025-04-14','Hapus Purchase ID #3299','2025-04-14 15:29:30','2025-04-14 14:29:30'),(200,264,2,'purchase',1.00,45.00,'2025-04-14','Otomatis dari purchase','2025-04-14 15:30:28','2025-04-14 14:30:28'),(201,266,2,'purchase',8.00,30000.00,'2025-04-14','Otomatis dari purchase','2025-04-14 15:34:12','2025-04-14 14:34:12'),(202,215,1,'purchase',2.00,1.38,'2025-04-14','Otomatis dari purchase','2025-04-14 15:36:17','2025-04-14 14:36:17'),(203,147,2,'purchase',5.00,1558.82,'2025-04-14','Otomatis dari purchase','2025-04-14 15:38:01','2025-04-14 14:38:01'),(204,85,2,'purchase',1.00,27.00,'2025-04-15','Otomatis dari purchase','2025-04-15 10:46:52','2025-04-15 09:46:52'),(205,125,2,'purchase',2.00,19.75,'2025-04-15','Otomatis dari purchase','2025-04-15 10:47:35','2025-04-15 09:47:35'),(206,323,2,'purchase',1.00,22.00,'2025-04-15','Otomatis dari purchase','2025-04-15 10:55:28','2025-04-15 09:55:28'),(207,72,2,'purchase',1.00,15.00,'2025-04-15','Otomatis dari purchase','2025-04-15 10:56:26','2025-04-15 09:56:26'),(208,313,2,'purchase',1.00,90.00,'2025-04-15','Otomatis dari purchase','2025-04-15 10:57:10','2025-04-15 09:57:10'),(209,57,2,'purchase',1.00,10.00,'2025-04-15','Otomatis dari purchase','2025-04-15 10:57:26','2025-04-15 09:57:26'),(210,316,2,'purchase',1.00,16.00,'2025-04-15','Otomatis dari purchase','2025-04-15 10:57:51','2025-04-15 09:57:51'),(211,297,2,'purchase',1.00,40.00,'2025-04-15','Otomatis dari purchase','2025-04-15 11:01:29','2025-04-15 10:01:29'),(212,150,2,'purchase',2.00,10.00,'2025-04-15','Otomatis dari purchase','2025-04-15 11:01:51','2025-04-15 10:01:51'),(213,352,2,'purchase',1.00,10000.00,'2025-04-15','Otomatis dari purchase','2025-04-15 11:03:32','2025-04-15 10:03:32'),(214,350,2,'purchase',1.00,1000.00,'2025-04-15','Otomatis dari purchase','2025-04-15 11:04:06','2025-04-15 10:04:06'),(215,55,1,'purchase',1.00,20.00,'2025-04-15','Otomatis dari purchase','2025-04-15 11:08:22','2025-04-15 10:08:22'),(216,348,2,'purchase',1.00,33.00,'2025-04-15','Otomatis dari purchase','2025-04-15 11:15:32','2025-04-15 10:15:32'),(217,215,1,'purchase',2.00,1.38,'2025-04-15','Otomatis dari purchase','2025-04-15 15:19:26','2025-04-15 14:19:26'),(218,50,1,'purchase',1.00,1200.00,'2025-04-17','Otomatis dari purchase','2025-04-17 10:52:35','2025-04-17 09:52:35'),(219,90,2,'purchase',1.00,16.00,'2025-04-17','Otomatis dari purchase','2025-04-17 10:53:56','2025-04-17 09:53:56'),(220,150,2,'purchase',3.00,10.00,'2025-04-17','Otomatis dari purchase','2025-04-17 10:54:15','2025-04-17 09:54:15'),(221,299,2,'purchase',1.00,40.00,'2025-04-17','Otomatis dari purchase','2025-04-17 10:54:51','2025-04-17 09:54:51'),(222,297,2,'purchase',1.00,40.00,'2025-04-17','Otomatis dari purchase','2025-04-17 10:55:32','2025-04-17 09:55:32'),(223,56,1,'purchase',1.00,833.33,'2025-04-17','Otomatis dari purchase','2025-04-17 10:56:01','2025-04-17 09:56:01'),(224,46,2,'purchase',5.00,7000.00,'2025-04-17','Otomatis dari purchase','2025-04-17 10:56:43','2025-04-17 09:56:43'),(225,352,2,'purchase',1.00,10000.00,'2025-04-17','Otomatis dari purchase','2025-04-17 10:57:55','2025-04-17 09:57:55'),(226,334,2,'purchase',2.00,4000.00,'2025-04-17','Otomatis dari purchase','2025-04-17 10:58:16','2025-04-17 09:58:16'),(227,125,2,'purchase',1.00,19.75,'2025-04-17','Otomatis dari purchase','2025-04-17 10:59:14','2025-04-17 09:59:14'),(228,147,2,'purchase',5.00,1529.41,'2025-04-17','Otomatis dari purchase','2025-04-17 10:59:48','2025-04-17 09:59:48'),(229,353,2,'purchase',1.00,20.00,'2025-04-17','Otomatis dari purchase','2025-04-17 11:06:53','2025-04-17 10:06:53'),(230,348,2,'purchase',1.00,34.00,'2025-04-17','Otomatis dari purchase','2025-04-17 11:07:17','2025-04-17 10:07:17'),(231,313,2,'purchase',1.00,90.00,'2025-04-17','Otomatis dari purchase','2025-04-17 11:08:03','2025-04-17 10:08:03'),(232,57,2,'purchase',1.00,10.00,'2025-04-17','Otomatis dari purchase','2025-04-17 11:08:17','2025-04-17 10:08:17'),(233,296,2,'purchase',1.00,45.00,'2025-04-17','Otomatis dari purchase','2025-04-17 11:08:41','2025-04-17 10:08:41'),(234,204,2,'purchase',3.00,350.00,'2025-04-17','Otomatis dari purchase','2025-04-17 11:08:59','2025-04-17 10:08:59'),(235,267,2,'purchase',5.00,67000.00,'2025-04-17','Otomatis dari purchase','2025-04-17 13:04:59','2025-04-17 12:04:59'),(236,355,2,'purchase',1.00,23.00,'2025-04-17','Otomatis dari purchase','2025-04-17 14:17:43','2025-04-17 13:17:43'),(237,509,3,'purchase',1.00,2166.67,'2025-04-17','Otomatis dari purchase','2025-04-17 14:19:45','2025-04-17 13:19:45'),(238,215,1,'purchase',2.00,1.38,'2025-04-17','Otomatis dari purchase','2025-04-17 14:58:33','2025-04-17 13:58:33'),(239,51,1,'purchase',2.00,6000.00,'2025-04-18','Otomatis dari purchase','2025-04-18 13:33:41','2025-04-18 12:33:41'),(240,352,2,'purchase',2.00,10000.00,'2025-04-18','Otomatis dari purchase','2025-04-18 13:36:54','2025-04-18 12:36:54'),(241,105,2,'purchase',1.00,117.50,'2025-04-18','Otomatis dari purchase','2025-04-18 13:37:47','2025-04-18 12:37:47'),(242,142,2,'purchase',1.00,30.50,'2025-04-18','Otomatis dari purchase','2025-04-18 13:38:16','2025-04-18 12:38:16'),(243,316,2,'purchase',1.00,14.00,'2025-04-18','Otomatis dari purchase','2025-04-18 13:38:33','2025-04-18 12:38:33'),(244,310,2,'purchase',1.00,52.00,'2025-04-18','Otomatis dari purchase','2025-04-18 13:38:51','2025-04-18 12:38:51'),(245,348,2,'purchase',1.00,34.00,'2025-04-18','Otomatis dari purchase','2025-04-18 13:39:14','2025-04-18 12:39:14'),(246,329,2,'purchase',1.00,120.00,'2025-04-18','Otomatis dari purchase','2025-04-18 13:39:31','2025-04-18 12:39:31'),(247,344,2,'purchase',1.00,8.00,'2025-04-18','Otomatis dari purchase','2025-04-18 13:39:52','2025-04-18 12:39:52'),(248,327,2,'purchase',1.00,38.00,'2025-04-18','Otomatis dari purchase','2025-04-18 13:40:09','2025-04-18 12:40:09'),(249,340,2,'purchase',1.00,40.00,'2025-04-18','Otomatis dari purchase','2025-04-18 13:40:23','2025-04-18 12:40:23'),(250,292,1,'purchase',1.00,82.50,'2025-04-18','Otomatis dari purchase','2025-04-18 13:40:41','2025-04-18 12:40:41'),(251,293,1,'purchase',1.00,80.00,'2025-04-18','Otomatis dari purchase','2025-04-18 13:40:53','2025-04-18 12:40:53'),(252,215,1,'purchase',1.00,1.38,'2025-04-18','Otomatis dari purchase','2025-04-18 14:05:02','2025-04-18 13:05:02'),(253,352,2,'purchase',2.00,10000.00,'2025-04-19','Otomatis dari purchase','2025-04-19 12:09:56','2025-04-19 11:09:56'),(254,350,2,'purchase',2.00,1000.00,'2025-04-19','Otomatis dari purchase','2025-04-19 12:10:12','2025-04-19 11:10:12'),(255,334,2,'purchase',2.00,4000.00,'2025-04-19','Otomatis dari purchase','2025-04-19 12:10:34','2025-04-19 11:10:34'),(256,150,2,'purchase',2.00,10.00,'2025-04-19','Otomatis dari purchase','2025-04-19 12:11:07','2025-04-19 11:11:07'),(257,297,2,'purchase',2.00,40.00,'2025-04-19','Otomatis dari purchase','2025-04-19 12:11:24','2025-04-19 11:11:24'),(258,299,2,'purchase',1.00,40.00,'2025-04-19','Otomatis dari purchase','2025-04-19 12:11:38','2025-04-19 11:11:38'),(259,50,2,'purchase',1.00,1200.00,'2025-04-19','Otomatis dari purchase','2025-04-19 12:11:52','2025-04-19 11:11:52'),(260,110,1,'purchase',2.00,86.88,'2025-04-19','Otomatis dari purchase','2025-04-19 12:13:28','2025-04-19 11:13:28'),(261,108,2,'purchase',1.00,99.38,'2025-04-19','Otomatis dari purchase','2025-04-19 12:14:34','2025-04-19 11:14:34'),(262,125,2,'purchase',2.00,19.75,'2025-04-19','Otomatis dari purchase','2025-04-19 12:15:57','2025-04-19 11:15:57'),(263,94,2,'purchase',5.00,3300.00,'2025-04-19','Otomatis dari purchase','2025-04-19 12:16:17','2025-04-19 11:16:17'),(264,94,2,'purchase',-5.00,0.00,'2025-04-19','Hapus Purchase ID #3406','2025-04-19 12:17:19','2025-04-19 11:17:19'),(265,94,2,'purchase',5.00,3000.00,'2025-04-19','Otomatis dari purchase','2025-04-19 12:17:38','2025-04-19 11:17:38'),(266,85,2,'purchase',2.00,27.00,'2025-04-19','Otomatis dari purchase','2025-04-19 12:18:14','2025-04-19 11:18:14'),(267,284,1,'purchase',1.00,66.13,'2025-04-19','Otomatis dari purchase','2025-04-19 12:22:39','2025-04-19 11:22:39'),(268,72,2,'purchase',1.00,15.00,'2025-04-19','Otomatis dari purchase','2025-04-19 12:23:00','2025-04-19 11:23:00'),(269,220,2,'purchase',1.00,20.00,'2025-04-19','Otomatis dari purchase','2025-04-19 12:23:20','2025-04-19 11:23:20'),(270,348,2,'purchase',1.00,33.00,'2025-04-19','Otomatis dari purchase','2025-04-19 12:23:41','2025-04-19 11:23:41'),(271,333,2,'purchase',1.00,16.00,'2025-04-19','Otomatis dari purchase','2025-04-19 12:23:59','2025-04-19 11:23:59'),(272,313,2,'purchase',1.00,80.00,'2025-04-19','Otomatis dari purchase','2025-04-19 12:24:33','2025-04-19 11:24:33'),(273,316,2,'purchase',1.00,16.00,'2025-04-19','Otomatis dari purchase','2025-04-19 12:24:49','2025-04-19 11:24:49'),(274,57,2,'purchase',1.00,10.00,'2025-04-19','Otomatis dari purchase','2025-04-19 12:25:00','2025-04-19 11:25:00'),(275,341,2,'purchase',1.00,7.69,'2025-04-19','Otomatis dari purchase','2025-04-19 12:25:30','2025-04-19 11:25:30'),(276,296,2,'purchase',1.00,45.00,'2025-04-19','Otomatis dari purchase','2025-04-19 12:25:52','2025-04-19 11:25:52'),(277,353,2,'purchase',1.00,20.00,'2025-04-19','Otomatis dari purchase','2025-04-19 12:26:09','2025-04-19 11:26:09'),(278,151,2,'purchase',1.00,60.00,'2025-04-19','Otomatis dari purchase','2025-04-19 12:26:27','2025-04-19 11:26:27'),(279,365,2,'purchase',1.00,24.00,'2025-04-19','Otomatis dari purchase','2025-04-19 12:26:44','2025-04-19 11:26:44'),(280,342,2,'purchase',1.00,80.00,'2025-04-19','Otomatis dari purchase','2025-04-19 12:27:17','2025-04-19 11:27:17'),(281,48,2,'purchase',1.00,28.00,'2025-04-19','Otomatis dari purchase','2025-04-19 12:27:43','2025-04-19 11:27:43'),(282,215,1,'purchase',3.00,1.38,'2025-04-19','Otomatis dari purchase','2025-04-19 12:33:28','2025-04-19 11:33:28'),(283,56,1,'purchase',1.00,833.33,'2025-04-21','Otomatis dari purchase','2025-04-21 10:08:30','2025-04-21 09:08:30'),(284,94,2,'purchase',5.00,3300.00,'2025-04-21','Otomatis dari purchase','2025-04-21 10:09:05','2025-04-21 09:09:05'),(285,95,2,'purchase',5.00,3400.00,'2025-04-21','Otomatis dari purchase','2025-04-21 10:09:35','2025-04-21 09:09:35'),(286,139,2,'purchase',1.00,13000.00,'2025-04-21','Otomatis dari purchase','2025-04-21 10:10:08','2025-04-21 09:10:08'),(287,98,1,'purchase',2.00,133.33,'2025-04-21','Otomatis dari purchase','2025-04-21 10:13:59','2025-04-21 09:13:59'),(288,44,2,'purchase',1.00,35.00,'2025-04-21','Otomatis dari purchase','2025-04-21 10:14:40','2025-04-21 09:14:40'),(289,224,2,'purchase',5.00,32.00,'2025-04-21','Otomatis dari purchase','2025-04-21 10:14:57','2025-04-21 09:14:57'),(290,152,2,'purchase',1.00,1000.00,'2025-04-21','Otomatis dari purchase','2025-04-21 10:15:10','2025-04-21 09:15:10'),(291,310,2,'purchase',1.00,52.00,'2025-04-21','Otomatis dari purchase','2025-04-21 10:15:33','2025-04-21 09:15:33'),(292,148,2,'purchase',2.00,16.00,'2025-04-21','Otomatis dari purchase','2025-04-21 10:15:48','2025-04-21 09:15:48'),(293,147,2,'purchase',5.00,1529.41,'2025-04-21','Otomatis dari purchase','2025-04-21 10:38:06','2025-04-21 09:38:06'),(294,264,2,'purchase',1.00,43.00,'2025-04-21','Otomatis dari purchase','2025-04-21 15:40:43','2025-04-21 14:40:43'),(295,264,2,'purchase',-1.00,0.00,'2025-04-21','Hapus Purchase ID #3453','2025-04-21 15:41:01','2025-04-21 14:41:01'),(296,264,2,'purchase',1.00,43.00,'2025-04-21','Otomatis dari purchase','2025-04-21 15:41:35','2025-04-21 14:41:35'),(297,512,2,'purchase',1.00,43.00,'2025-04-21','Otomatis dari purchase','2025-04-21 15:42:29','2025-04-21 14:42:29'),(298,266,2,'purchase',5.00,30000.00,'2025-04-21','Otomatis dari purchase','2025-04-21 15:42:50','2025-04-21 14:42:50'),(299,215,1,'purchase',2.00,1.38,'2025-04-21','Otomatis dari purchase','2025-04-21 16:15:33','2025-04-21 15:15:33'),(300,144,2,'purchase',1.00,81.25,'2025-04-22','Otomatis dari purchase','2025-04-22 10:20:50','2025-04-22 09:20:50'),(301,357,2,'purchase',1.00,12.00,'2025-04-22','Otomatis dari purchase','2025-04-22 10:21:18','2025-04-22 09:21:18'),(302,316,2,'purchase',1.00,16.00,'2025-04-22','Otomatis dari purchase','2025-04-22 10:21:35','2025-04-22 09:21:35'),(303,172,1,'purchase',1.00,30.00,'2025-04-22','Otomatis dari purchase','2025-04-22 10:22:05','2025-04-22 09:22:05'),(304,54,2,'purchase',1.00,15000.00,'2025-04-22','Otomatis dari purchase','2025-04-22 10:22:31','2025-04-22 09:22:31'),(305,51,1,'purchase',5.00,6000.00,'2025-04-22','Otomatis dari purchase','2025-04-22 10:26:53','2025-04-22 09:26:53'),(306,56,1,'purchase',1.00,833.33,'2025-04-22','Otomatis dari purchase','2025-04-22 10:27:03','2025-04-22 09:27:03'),(307,215,1,'purchase',1.00,1.38,'2025-04-22','Otomatis dari purchase','2025-04-22 16:54:51','2025-04-22 15:54:51'),(308,134,1,'purchase',1.00,76.00,'2025-04-23','Otomatis dari purchase','2025-04-23 09:39:00','2025-04-23 08:39:00'),(309,95,2,'purchase',5.00,3400.00,'2025-04-23','Otomatis dari purchase','2025-04-23 09:39:29','2025-04-23 08:39:29'),(310,348,2,'purchase',1.00,34.00,'2025-04-23','Otomatis dari purchase','2025-04-23 09:40:06','2025-04-23 08:40:06'),(311,57,2,'purchase',1.00,10.00,'2025-04-23','Otomatis dari purchase','2025-04-23 09:40:16','2025-04-23 08:40:16'),(312,115,1,'purchase',1.00,140.00,'2025-04-23','Otomatis dari purchase','2025-04-23 09:41:06','2025-04-23 08:41:06'),(313,298,2,'purchase',1.00,114.29,'2025-04-23','Otomatis dari purchase','2025-04-23 09:50:04','2025-04-23 08:50:04'),(314,215,1,'purchase',1.00,1.38,'2025-04-23','Otomatis dari purchase','2025-04-23 16:56:50','2025-04-23 15:56:50'),(315,297,2,'purchase',1.00,40.00,'2025-04-24','Otomatis dari purchase','2025-04-24 09:49:43','2025-04-24 08:49:43'),(316,299,2,'purchase',1.00,40.00,'2025-04-24','Otomatis dari purchase','2025-04-24 09:49:56','2025-04-24 08:49:56'),(317,342,2,'purchase',1.00,80.00,'2025-04-24','Otomatis dari purchase','2025-04-24 09:50:22','2025-04-24 08:50:22'),(318,365,2,'purchase',1.00,16.00,'2025-04-24','Otomatis dari purchase','2025-04-24 09:50:37','2025-04-24 08:50:37'),(319,310,2,'purchase',1.00,60.00,'2025-04-24','Otomatis dari purchase','2025-04-24 09:51:28','2025-04-24 08:51:28'),(320,267,2,'purchase',5.00,67000.00,'2025-04-24','Otomatis dari purchase','2025-04-24 12:03:05','2025-04-24 11:03:05'),(321,177,1,'purchase',46.00,1600.00,'2025-04-24','Otomatis dari purchase','2025-04-24 12:38:48','2025-04-24 11:38:48'),(322,175,1,'purchase',60.00,1200.00,'2025-04-24','Otomatis dari purchase','2025-04-24 12:39:08','2025-04-24 11:39:08'),(323,182,1,'purchase',30.00,4000.00,'2025-04-24','Otomatis dari purchase','2025-04-24 12:40:05','2025-04-24 11:40:05'),(324,515,1,'purchase',46.00,3200.00,'2025-04-24','Otomatis dari purchase','2025-04-24 12:41:21','2025-04-24 11:41:21'),(325,164,1,'purchase',22.00,4400.00,'2025-04-24','Otomatis dari purchase','2025-04-24 12:42:30','2025-04-24 11:42:30'),(326,516,1,'purchase',22.00,4400.00,'2025-04-24','Otomatis dari purchase','2025-04-24 12:43:20','2025-04-24 11:43:20'),(327,517,1,'purchase',18.00,0.00,'2025-04-24','Otomatis dari purchase','2025-04-24 13:00:28','2025-04-24 12:00:28'),(328,348,2,'purchase',1.00,60.00,'2025-04-25','Otomatis dari purchase','2025-04-25 10:09:17','2025-04-25 09:09:17'),(329,316,2,'purchase',1.00,16.00,'2025-04-25','Otomatis dari purchase','2025-04-25 10:09:38','2025-04-25 09:09:38'),(330,57,2,'purchase',1.00,10.00,'2025-04-25','Otomatis dari purchase','2025-04-25 10:09:50','2025-04-25 09:09:50'),(331,139,2,'purchase',1.00,13000.00,'2025-04-25','Otomatis dari purchase','2025-04-25 10:12:42','2025-04-25 09:12:42'),(332,72,2,'purchase',1.00,15.00,'2025-04-25','Otomatis dari purchase','2025-04-25 10:13:19','2025-04-25 09:13:19'),(333,56,1,'purchase',1.00,833.33,'2025-04-25','Otomatis dari purchase','2025-04-25 10:15:19','2025-04-25 09:15:19'),(334,215,1,'purchase',2.00,1.38,'2025-04-25','Otomatis dari purchase','2025-04-25 17:51:21','2025-04-25 16:51:21'),(335,56,1,'purchase',1.00,833.33,'2025-04-26','Otomatis dari purchase','2025-04-26 10:38:22','2025-04-26 09:38:22'),(336,352,2,'purchase',2.00,10000.00,'2025-04-26','Otomatis dari purchase','2025-04-26 10:38:45','2025-04-26 09:38:45'),(337,297,2,'purchase',1.00,40.00,'2025-04-26','Otomatis dari purchase','2025-04-26 10:39:51','2025-04-26 09:39:51'),(338,50,1,'purchase',1.00,1200.00,'2025-04-26','Otomatis dari purchase','2025-04-26 10:40:42','2025-04-26 09:40:42'),(339,50,2,'purchase',1.00,1000.00,'2025-04-26','Otomatis dari purchase','2025-04-26 10:41:17','2025-04-26 09:41:17'),(340,150,2,'purchase',3.00,10.00,'2025-04-26','Otomatis dari purchase','2025-04-26 10:41:38','2025-04-26 09:41:38'),(341,77,2,'purchase',2.00,194.44,'2025-04-26','Otomatis dari purchase','2025-04-26 10:44:38','2025-04-26 09:44:38'),(342,123,2,'purchase',6.00,41.66,'2025-04-26','Otomatis dari purchase','2025-04-26 10:45:21','2025-04-26 09:45:21'),(343,204,2,'purchase',2.00,350.00,'2025-04-26','Otomatis dari purchase','2025-04-26 10:46:27','2025-04-26 09:46:27'),(344,328,2,'purchase',1.00,33.33,'2025-04-26','Otomatis dari purchase','2025-04-26 10:46:45','2025-04-26 09:46:45'),(345,118,2,'purchase',1.00,29.00,'2025-04-26','Otomatis dari purchase','2025-04-26 10:47:02','2025-04-26 09:47:02'),(346,348,2,'purchase',1.00,33.00,'2025-04-26','Otomatis dari purchase','2025-04-26 10:47:37','2025-04-26 09:47:37'),(347,304,2,'purchase',1.00,16.00,'2025-04-26','Otomatis dari purchase','2025-04-26 10:47:53','2025-04-26 09:47:53'),(348,316,2,'purchase',1.00,12.00,'2025-04-26','Otomatis dari purchase','2025-04-26 10:48:15','2025-04-26 09:48:15'),(349,353,2,'purchase',1.00,20.00,'2025-04-26','Otomatis dari purchase','2025-04-26 10:48:32','2025-04-26 09:48:32'),(350,296,2,'purchase',1.00,43.00,'2025-04-26','Otomatis dari purchase','2025-04-26 10:48:56','2025-04-26 09:48:56'),(351,344,2,'purchase',1.00,8.00,'2025-04-26','Otomatis dari purchase','2025-04-26 10:49:14','2025-04-26 09:49:14'),(352,148,2,'purchase',1.00,16.00,'2025-04-26','Otomatis dari purchase','2025-04-26 10:49:27','2025-04-26 09:49:27'),(353,335,2,'purchase',1.00,52.00,'2025-04-26','Otomatis dari purchase','2025-04-26 10:49:46','2025-04-26 09:49:46'),(354,346,2,'purchase',1.00,16.00,'2025-04-26','Otomatis dari purchase','2025-04-26 10:50:03','2025-04-26 09:50:03'),(355,346,2,'purchase',-1.00,0.00,'2025-04-26','Hapus Purchase ID #3538','2025-04-26 10:50:20','2025-04-26 09:50:20'),(356,346,2,'purchase',1.00,20.00,'2025-04-26','Otomatis dari purchase','2025-04-26 10:50:38','2025-04-26 09:50:38'),(357,57,2,'purchase',1.00,10.00,'2025-04-26','Otomatis dari purchase','2025-04-26 11:55:24','2025-04-26 10:55:24'),(358,85,2,'purchase',1.00,26.00,'2025-04-26','Otomatis dari purchase','2025-04-26 12:24:13','2025-04-26 11:24:13'),(359,226,2,'purchase',5.00,150.00,'2025-04-26','Otomatis dari purchase','2025-04-26 12:24:33','2025-04-26 11:24:33'),(360,147,2,'purchase',5.00,1588.24,'2025-04-26','Otomatis dari purchase','2025-04-26 12:56:44','2025-04-26 11:56:44'),(361,215,1,'purchase',4.00,1.38,'2025-04-26','Otomatis dari purchase','2025-04-26 14:15:23','2025-04-26 13:15:23'),(362,190,2,'purchase',1.00,21.00,'2025-04-26','Otomatis dari purchase','2025-04-26 14:57:07','2025-04-26 13:57:07'),(363,51,1,'purchase',5.00,7200.00,'2025-04-26','Otomatis dari purchase','2025-04-26 15:40:56','2025-04-26 14:40:56'),(364,3,1,'purchase',1.00,400.00,'2025-04-27','Otomatis dari purchase','2025-04-27 14:21:18','2025-04-27 13:21:18'),(365,3,1,'purchase',1.00,300.00,'2025-04-27','Otomatis dari purchase','2025-04-27 14:22:00','2025-04-27 13:22:00'),(366,355,2,'purchase',1.00,18.00,'2025-04-27','Otomatis dari purchase','2025-04-27 14:22:45','2025-04-27 13:22:45'),(367,313,2,'purchase',1.00,48.00,'2025-04-27','Otomatis dari purchase','2025-04-27 14:23:40','2025-04-27 13:23:40'),(368,350,2,'purchase',1.00,800.00,'2025-04-27','Otomatis dari purchase','2025-04-27 14:23:54','2025-04-27 13:23:54'),(369,148,2,'purchase',1.00,20.00,'2025-04-27','Otomatis dari purchase','2025-04-27 14:24:10','2025-04-27 13:24:10'),(370,328,2,'purchase',1.00,25.00,'2025-04-27','Otomatis dari purchase','2025-04-27 14:24:28','2025-04-27 13:24:28'),(371,215,1,'purchase',1.00,1.38,'2025-04-27','Otomatis dari purchase','2025-04-28 08:29:41','2025-04-28 07:29:41'),(372,54,2,'purchase',1.00,15000.00,'2025-04-28','Otomatis dari purchase','2025-04-28 10:43:21','2025-04-28 09:43:21'),(373,297,2,'purchase',1.00,40.00,'2025-04-28','Otomatis dari purchase','2025-04-28 10:43:36','2025-04-28 09:43:36'),(374,352,2,'purchase',1.00,10000.00,'2025-04-28','Otomatis dari purchase','2025-04-28 10:43:50','2025-04-28 09:43:50'),(375,350,2,'purchase',1.00,1000.00,'2025-04-28','Otomatis dari purchase','2025-04-28 10:44:05','2025-04-28 09:44:05'),(376,56,1,'purchase',1.00,833.33,'2025-04-28','Otomatis dari purchase','2025-04-28 10:44:23','2025-04-28 09:44:23'),(377,109,2,'purchase',1.00,142.00,'2025-04-28','Otomatis dari purchase','2025-04-28 10:45:12','2025-04-28 09:45:12'),(378,293,1,'purchase',1.00,82.50,'2025-04-28','Otomatis dari purchase','2025-04-28 10:48:37','2025-04-28 09:48:37'),(379,292,1,'purchase',1.00,85.00,'2025-04-28','Otomatis dari purchase','2025-04-28 10:48:55','2025-04-28 09:48:55'),(380,333,2,'purchase',1.00,16.00,'2025-04-28','Otomatis dari purchase','2025-04-28 10:49:12','2025-04-28 09:49:12'),(381,313,2,'purchase',1.00,50.00,'2025-04-28','Otomatis dari purchase','2025-04-28 10:49:52','2025-04-28 09:49:52'),(382,139,2,'purchase',1.00,13000.00,'2025-04-28','Otomatis dari purchase','2025-04-28 10:50:05','2025-04-28 09:50:05'),(383,215,1,'purchase',2.00,1.38,'2025-04-28','Otomatis dari purchase','2025-04-28 12:44:36','2025-04-28 11:44:36');
/*!40000 ALTER TABLE `pr_log_stok_bahan_baku` ENABLE KEYS */;
UNLOCK TABLES;

--
-- Table structure for table `pr_log_voucher`
--

DROP TABLE IF EXISTS `pr_log_voucher`;
/*!40101 SET @saved_cs_client     = @@character_set_client */;
/*!40101 SET character_set_client = utf8 */;
CREATE TABLE `pr_log_voucher` (
  `id` int(11) NOT NULL AUTO_INCREMENT,
  `voucher_id` int(11) NOT NULL,
  `transaksi_id` int(11) NOT NULL,
  `detail_transaksi_id` int(11) DEFAULT NULL,
  `customer_id` int(11) DEFAULT NULL,
  `kode_voucher` varchar(50) NOT NULL,
  `jumlah_diskon` int(11) NOT NULL,
  `sisa_voucher` int(11) DEFAULT NULL,
  `created_at` datetime DEFAULT current_timestamp(),
  PRIMARY KEY (`id`) USING BTREE,
  KEY `voucher_id` (`voucher_id`) USING BTREE,
  KEY `transaksi_id` (`transaksi_id`) USING BTREE,
  KEY `detail_transaksi_id` (`detail_transaksi_id`) USING BTREE,
  KEY `customer_id` (`customer_id`) USING BTREE,
  CONSTRAINT `pr_log_voucher_ibfk_1` FOREIGN KEY (`voucher_id`) REFERENCES `pr_voucher` (`id`) ON DELETE CASCADE,
  CONSTRAINT `pr_log_voucher_ibfk_2` FOREIGN KEY (`transaksi_id`) REFERENCES `pr_transaksi` (`id`) ON DELETE CASCADE,
  CONSTRAINT `pr_log_voucher_ibfk_3` FOREIGN KEY (`detail_transaksi_id`) REFERENCES `pr_detail_transaksi` (`id`) ON DELETE CASCADE,
  CONSTRAINT `pr_log_voucher_ibfk_4` FOREIGN KEY (`customer_id`) REFERENCES `pr_customer` (`id`) ON DELETE SET NULL
) ENGINE=InnoDB AUTO_INCREMENT=9 DEFAULT CHARSET=utf8mb4 COLLATE=utf8mb4_general_ci ROW_FORMAT=DYNAMIC;
/*!40101 SET character_set_client = @saved_cs_client */;

--
-- Dumping data for table `pr_log_voucher`
--

LOCK TABLES `pr_log_voucher` WRITE;
/*!40000 ALTER TABLE `pr_log_voucher` DISABLE KEYS */;
INSERT INTO `pr_log_voucher` VALUES (1,5,5,NULL,8,'BEBEK10',0,100,'2025-04-17 01:09:33'),(2,5,5,NULL,8,'BEBEK10',6000,0,'2025-04-17 01:17:42'),(3,5,7,NULL,10,'BEBEK10',6000,99,'2025-04-17 01:30:41'),(4,5,6,NULL,NULL,'BEBEK10',6000,99,'2025-04-29 10:04:04'),(5,4,7,NULL,6,'tes01',18750,99,'2025-04-29 10:10:33'),(6,5,9,NULL,NULL,'BEBEK10',18000,98,'2025-04-29 13:53:02'),(7,5,20,NULL,15,'BEBEK10',0,97,'2025-04-29 21:04:04'),(8,5,20,NULL,15,'BEBEK10',20000,96,'2025-04-29 21:07:21');
/*!40000 ALTER TABLE `pr_log_voucher` ENABLE KEYS */;
UNLOCK TABLES;

--
-- Table structure for table `pr_lokasi_printer`
--

DROP TABLE IF EXISTS `pr_lokasi_printer`;
/*!40101 SET @saved_cs_client     = @@character_set_client */;
/*!40101 SET character_set_client = utf8 */;
CREATE TABLE `pr_lokasi_printer` (
  `id` int(11) NOT NULL AUTO_INCREMENT,
  `nama_lokasi` varchar(100) NOT NULL,
  `created_at` datetime DEFAULT current_timestamp(),
  `updated_at` datetime DEFAULT current_timestamp() ON UPDATE current_timestamp(),
  PRIMARY KEY (`id`) USING BTREE,
  UNIQUE KEY `nama_lokasi` (`nama_lokasi`) USING BTREE
) ENGINE=InnoDB AUTO_INCREMENT=5 DEFAULT CHARSET=utf8 COLLATE=utf8_general_ci ROW_FORMAT=DYNAMIC;
/*!40101 SET character_set_client = @saved_cs_client */;

--
-- Dumping data for table `pr_lokasi_printer`
--

LOCK TABLES `pr_lokasi_printer` WRITE;
/*!40000 ALTER TABLE `pr_lokasi_printer` DISABLE KEYS */;
INSERT INTO `pr_lokasi_printer` VALUES (1,'Kasir','2025-03-24 06:18:04','2025-03-24 06:18:04'),(2,'Bar','2025-03-24 06:18:04','2025-03-24 06:18:04'),(3,'Kitchen','2025-03-24 06:18:04','2025-03-24 06:18:04'),(4,'Waiters','2025-03-24 06:18:04','2025-03-24 06:18:04');
/*!40000 ALTER TABLE `pr_lokasi_printer` ENABLE KEYS */;
UNLOCK TABLES;

--
-- Table structure for table `pr_meja`
--

DROP TABLE IF EXISTS `pr_meja`;
/*!40101 SET @saved_cs_client     = @@character_set_client */;
/*!40101 SET character_set_client = utf8 */;
CREATE TABLE `pr_meja` (
  `id` int(11) NOT NULL AUTO_INCREMENT,
  `nama_meja` varchar(50) NOT NULL,
  `posisi_x` int(11) NOT NULL DEFAULT 0,
  `posisi_y` int(11) NOT NULL DEFAULT 0,
  `kapasitas` int(11) NOT NULL DEFAULT 1,
  `zona` enum('indoor','semi_indoor','teras','outdoor') NOT NULL,
  `bentuk` enum('persegi','panjang','panjang2','bulat') DEFAULT NULL,
  `created_at` datetime DEFAULT current_timestamp(),
  `updated_at` datetime DEFAULT current_timestamp() ON UPDATE current_timestamp(),
  PRIMARY KEY (`id`) USING BTREE
) ENGINE=InnoDB AUTO_INCREMENT=32 DEFAULT CHARSET=utf8 COLLATE=utf8_general_ci ROW_FORMAT=DYNAMIC;
/*!40101 SET character_set_client = @saved_cs_client */;

--
-- Dumping data for table `pr_meja`
--

LOCK TABLES `pr_meja` WRITE;
/*!40000 ALTER TABLE `pr_meja` DISABLE KEYS */;
INSERT INTO `pr_meja` VALUES (1,'M01',20,20,4,'indoor','panjang','2025-03-24 06:18:04','2025-03-25 10:15:11'),(2,'M02',120,20,4,'indoor','panjang','2025-03-24 06:18:04','2025-03-25 10:15:11'),(3,'M03',220,20,4,'indoor','panjang','2025-03-24 06:18:04','2025-03-25 10:15:11'),(4,'M04',20,200,4,'indoor','panjang2','2025-03-24 06:18:04','2025-03-25 10:35:07'),(5,'M05',100,200,4,'indoor','panjang2','2025-03-24 06:18:04','2025-03-25 10:35:07'),(6,'M06',180,200,4,'indoor','panjang2','2025-03-24 06:18:04','2025-03-25 10:35:07'),(7,'M07',320,200,4,'indoor','panjang2','2025-03-24 06:18:04','2025-03-25 09:12:24'),(8,'M08',320,20,4,'teras','panjang2','2025-03-24 06:18:04','2025-03-24 06:18:04'),(9,'M09',320,200,4,'teras','panjang2','2025-03-24 06:18:04','2025-03-24 06:18:04'),(10,'M10',198,42,2,'teras','persegi','2025-03-24 06:18:04','2025-03-25 20:26:36'),(11,'M11',77,43,2,'teras','persegi','2025-03-24 06:18:04','2025-03-25 20:26:36'),(12,'M12',200,200,4,'teras','panjang','2025-03-24 06:18:04','2025-03-24 06:18:04'),(13,'M13',100,200,4,'teras','panjang','2025-03-24 06:18:04','2025-03-24 06:18:04'),(14,'M14',0,200,4,'teras','panjang','2025-03-24 06:18:04','2025-03-24 06:18:04'),(16,'M15',320,0,4,'semi_indoor','panjang2','2025-03-24 06:18:04','2025-03-25 08:17:31'),(17,'M16',320,100,4,'semi_indoor','panjang2','2025-03-24 06:18:04','2025-03-24 06:18:04'),(18,'M17',320,200,4,'semi_indoor','panjang2','2025-03-24 06:18:04','2025-03-24 06:18:04'),(19,'M18',320,300,4,'semi_indoor','panjang2','2025-03-24 06:18:04','2025-03-24 06:18:04'),(20,'M19',250,0,4,'semi_indoor','panjang2','2025-03-24 06:18:04','2025-03-24 06:18:04'),(21,'M20',250,100,4,'semi_indoor','panjang2','2025-03-24 06:18:04','2025-03-24 06:18:04'),(22,'M21',250,200,4,'semi_indoor','panjang2','2025-03-24 06:18:04','2025-03-24 06:18:04'),(23,'M22',180,0,4,'semi_indoor','panjang2','2025-03-24 06:18:04','2025-03-24 06:18:04'),(24,'M23',180,100,4,'semi_indoor','panjang2','2025-03-24 06:18:04','2025-03-24 06:18:04'),(25,'M24',180,200,4,'semi_indoor','panjang2','2025-03-24 06:18:04','2025-03-24 06:18:04'),(26,'M25',100,0,4,'semi_indoor','persegi','2025-03-24 06:18:04','2025-03-24 06:18:04'),(27,'M26',100,100,4,'semi_indoor','persegi','2025-03-24 06:18:04','2025-03-24 06:18:04'),(28,'M27',100,200,4,'semi_indoor','persegi','2025-03-24 06:18:04','2025-03-24 06:18:04'),(29,'M28',0,100,4,'semi_indoor','persegi','2025-03-24 06:18:04','2025-03-24 06:18:04'),(30,'M29',0,200,4,'semi_indoor','persegi','2025-03-24 06:18:04','2025-03-24 06:18:04'),(31,'M30',83,190,4,'outdoor','bulat','2025-03-24 06:18:04','2025-03-25 20:25:35');
/*!40000 ALTER TABLE `pr_meja` ENABLE KEYS */;
UNLOCK TABLES;

--
-- Table structure for table `pr_meja_pembatas`
--

DROP TABLE IF EXISTS `pr_meja_pembatas`;
/*!40101 SET @saved_cs_client     = @@character_set_client */;
/*!40101 SET character_set_client = utf8 */;
CREATE TABLE `pr_meja_pembatas` (
  `id` int(11) NOT NULL AUTO_INCREMENT,
  `zona` enum('indoor','semi_indoor','teras','outdoor') NOT NULL,
  `posisi_x` int(11) NOT NULL,
  `posisi_y` int(11) NOT NULL,
  `lebar` int(11) DEFAULT 100,
  `tinggi` int(11) DEFAULT 10,
  `orientasi` enum('horizontal','vertikal') DEFAULT 'horizontal',
  `created_at` datetime DEFAULT current_timestamp(),
  `updated_at` datetime DEFAULT current_timestamp() ON UPDATE current_timestamp(),
  PRIMARY KEY (`id`) USING BTREE
) ENGINE=InnoDB AUTO_INCREMENT=4 DEFAULT CHARSET=utf8 COLLATE=utf8_general_ci ROW_FORMAT=DYNAMIC;
/*!40101 SET character_set_client = @saved_cs_client */;

--
-- Dumping data for table `pr_meja_pembatas`
--

LOCK TABLES `pr_meja_pembatas` WRITE;
/*!40000 ALTER TABLE `pr_meja_pembatas` DISABLE KEYS */;
INSERT INTO `pr_meja_pembatas` VALUES (3,'semi_indoor',50,50,100,10,'horizontal','2025-03-25 06:58:17','2025-03-25 06:58:17');
/*!40000 ALTER TABLE `pr_meja_pembatas` ENABLE KEYS */;
UNLOCK TABLES;

--
-- Table structure for table `pr_metode_pembayaran`
--

DROP TABLE IF EXISTS `pr_metode_pembayaran`;
/*!40101 SET @saved_cs_client     = @@character_set_client */;
/*!40101 SET character_set_client = utf8 */;
CREATE TABLE `pr_metode_pembayaran` (
  `id` int(11) NOT NULL AUTO_INCREMENT,
  `metode_pembayaran` varchar(50) NOT NULL,
  `bl_rekening_id` int(11) DEFAULT NULL,
  `created_at` datetime DEFAULT current_timestamp(),
  `updated_at` datetime DEFAULT current_timestamp() ON UPDATE current_timestamp(),
  PRIMARY KEY (`id`) USING BTREE,
  UNIQUE KEY `metode_pembayaran` (`metode_pembayaran`) USING BTREE
) ENGINE=InnoDB AUTO_INCREMENT=14 DEFAULT CHARSET=utf8 COLLATE=utf8_general_ci ROW_FORMAT=DYNAMIC;
/*!40101 SET character_set_client = @saved_cs_client */;

--
-- Dumping data for table `pr_metode_pembayaran`
--

LOCK TABLES `pr_metode_pembayaran` WRITE;
/*!40000 ALTER TABLE `pr_metode_pembayaran` DISABLE KEYS */;
INSERT INTO `pr_metode_pembayaran` VALUES (1,'TUNAI',1,'2025-03-24 06:18:05','2025-03-24 06:18:05'),(2,'QRIS MANDIRI',2,'2025-03-24 06:18:05','2025-03-24 06:18:05'),(3,'QRIS BCA',3,'2025-03-24 06:18:05','2025-03-24 06:18:05'),(4,'QRIS BRI',4,'2025-03-24 06:18:05','2025-03-24 06:18:05'),(5,'TRANSFER MANDIRI',2,'2025-03-24 06:18:05','2025-03-24 06:18:05'),(6,'TRANSFER BRI',4,'2025-03-24 06:18:05','2025-03-24 06:18:05'),(7,'TRANSFER BCA',3,'2025-03-24 06:18:05','2025-03-24 06:18:05'),(8,'TRANSFER BPD JATENG',5,'2025-03-24 06:18:05','2025-03-24 06:18:05'),(9,'EDC MANDIRI',2,'2025-03-24 06:18:05','2025-03-24 06:18:05'),(10,'EDC BRI',4,'2025-03-24 06:18:05','2025-03-24 06:18:05'),(11,'GRAB FOOD',2,'2025-03-24 06:18:05','2025-03-24 06:18:05'),(12,'SHOPEE FOOD',3,'2025-03-24 06:18:05','2025-03-24 06:18:05'),(13,'MAXIM',1,'2025-03-24 06:18:05','2025-03-24 06:18:05');
/*!40000 ALTER TABLE `pr_metode_pembayaran` ENABLE KEYS */;
UNLOCK TABLES;

--
-- Table structure for table `pr_pembayaran`
--

DROP TABLE IF EXISTS `pr_pembayaran`;
/*!40101 SET @saved_cs_client     = @@character_set_client */;
/*!40101 SET character_set_client = utf8 */;
CREATE TABLE `pr_pembayaran` (
  `id` int(11) NOT NULL AUTO_INCREMENT,
  `transaksi_id` int(11) DEFAULT NULL,
  `metode_id` int(11) DEFAULT NULL,
  `jumlah` decimal(12,0) DEFAULT NULL,
  `waktu_bayar` datetime DEFAULT NULL,
  `keterangan` varchar(255) DEFAULT NULL,
  `kasir_id` int(11) DEFAULT NULL,
  `created_at` datetime DEFAULT current_timestamp(),
  `updated_at` datetime DEFAULT current_timestamp(),
  PRIMARY KEY (`id`) USING BTREE,
  KEY `transaksi_id` (`transaksi_id`) USING BTREE,
  KEY `metode_id` (`metode_id`) USING BTREE,
  CONSTRAINT `pr_pembayaran_ibfk_1` FOREIGN KEY (`transaksi_id`) REFERENCES `pr_transaksi` (`id`),
  CONSTRAINT `pr_pembayaran_ibfk_2` FOREIGN KEY (`metode_id`) REFERENCES `pr_metode_pembayaran` (`id`)
) ENGINE=InnoDB AUTO_INCREMENT=6 DEFAULT CHARSET=utf8 COLLATE=utf8_general_ci ROW_FORMAT=DYNAMIC;
/*!40101 SET character_set_client = @saved_cs_client */;

--
-- Dumping data for table `pr_pembayaran`
--

LOCK TABLES `pr_pembayaran` WRITE;
/*!40000 ALTER TABLE `pr_pembayaran` DISABLE KEYS */;
INSERT INTO `pr_pembayaran` VALUES (1,20,1,20000,'2025-04-29 21:07:21','',99,'2025-04-29 21:07:21','2025-04-29 21:07:21'),(2,20,2,204500,'2025-04-29 21:07:21','',99,'2025-04-29 21:07:21','2025-04-29 21:07:21'),(3,17,1,20000,'2025-04-30 12:45:33','',99,'2025-04-30 12:45:33','2025-04-30 12:45:33'),(4,19,1,20000,'2025-04-30 20:42:16','',99,'2025-04-30 20:42:16','2025-04-30 20:42:16'),(5,14,1,36000,'2025-04-30 20:42:29','',99,'2025-04-30 20:42:29','2025-04-30 20:42:29');
/*!40000 ALTER TABLE `pr_pembayaran` ENABLE KEYS */;
UNLOCK TABLES;

--
-- Table structure for table `pr_pengaturan`
--

DROP TABLE IF EXISTS `pr_pengaturan`;
/*!40101 SET @saved_cs_client     = @@character_set_client */;
/*!40101 SET character_set_client = utf8 */;
CREATE TABLE `pr_pengaturan` (
  `id` int(11) NOT NULL AUTO_INCREMENT,
  `nama_outlet` varchar(255) NOT NULL,
  `alamat` text NOT NULL,
  `email` varchar(100) DEFAULT NULL,
  `no_telepon` varchar(50) DEFAULT NULL,
  `logo` varchar(255) DEFAULT NULL,
  `text_header` text DEFAULT NULL,
  `text_footer` text DEFAULT NULL,
  `show_header_text` tinyint(1) NOT NULL DEFAULT 1,
  `show_footer_text` tinyint(1) NOT NULL DEFAULT 1,
  `show_logo` tinyint(1) DEFAULT 1,
  `show_outlet` tinyint(1) DEFAULT 1,
  `show_address` tinyint(1) DEFAULT 1,
  `show_email` tinyint(1) DEFAULT 1,
  `show_phone` tinyint(1) DEFAULT 1,
  `show_invoice` tinyint(1) DEFAULT 1,
  `show_cashier_order` tinyint(1) DEFAULT 1,
  `show_order_time` tinyint(1) NOT NULL DEFAULT 1,
  `show_payment_time` tinyint(1) NOT NULL DEFAULT 1,
  `show_cashier_payment` tinyint(1) NOT NULL DEFAULT 1,
  `show_customer` tinyint(1) DEFAULT 1,
  `show_order_type` tinyint(1) NOT NULL DEFAULT 1,
  `show_table_number` tinyint(1) NOT NULL DEFAULT 1,
  `printer_name` varchar(255) DEFAULT NULL,
  `printer_type` enum('usb','bluetooth') DEFAULT 'usb',
  `created_at` datetime DEFAULT current_timestamp(),
  `updated_at` datetime DEFAULT current_timestamp() ON UPDATE current_timestamp(),
  PRIMARY KEY (`id`) USING BTREE
) ENGINE=InnoDB AUTO_INCREMENT=2 DEFAULT CHARSET=utf8 COLLATE=utf8_general_ci ROW_FORMAT=DYNAMIC;
/*!40101 SET character_set_client = @saved_cs_client */;

--
-- Dumping data for table `pr_pengaturan`
--

LOCK TABLES `pr_pengaturan` WRITE;
/*!40000 ALTER TABLE `pr_pengaturan` DISABLE KEYS */;
INSERT INTO `pr_pengaturan` VALUES (1,'Namua Coffee & Eatery','Jl. Magnolia, Kabongan Kidul, Rembang','namuacoffee@gmail.com','085150737377','LogoNamua_MaroonxCream1.png','','',1,1,1,1,1,1,1,1,0,0,1,1,1,1,1,'','bluetooth','2025-03-24 06:18:05','2025-03-24 06:18:05');
/*!40000 ALTER TABLE `pr_pengaturan` ENABLE KEYS */;
UNLOCK TABLES;

--
-- Table structure for table `pr_poin`
--

DROP TABLE IF EXISTS `pr_poin`;
/*!40101 SET @saved_cs_client     = @@character_set_client */;
/*!40101 SET character_set_client = utf8 */;
CREATE TABLE `pr_poin` (
  `id` int(11) NOT NULL AUTO_INCREMENT,
  `jenis_point` enum('per_produk','per_pembelian') NOT NULL,
  `produk_id` int(11) DEFAULT NULL,
  `min_pembelian` decimal(10,2) DEFAULT NULL,
  `nilai_point` int(11) NOT NULL,
  `kedaluwarsa_hari` int(11) DEFAULT NULL,
  `created_at` datetime DEFAULT current_timestamp(),
  `updated_at` datetime DEFAULT current_timestamp() ON UPDATE current_timestamp(),
  PRIMARY KEY (`id`) USING BTREE
) ENGINE=InnoDB AUTO_INCREMENT=13 DEFAULT CHARSET=utf8 COLLATE=utf8_general_ci ROW_FORMAT=DYNAMIC;
/*!40101 SET character_set_client = @saved_cs_client */;

--
-- Dumping data for table `pr_poin`
--

LOCK TABLES `pr_poin` WRITE;
/*!40000 ALTER TABLE `pr_poin` DISABLE KEYS */;
INSERT INTO `pr_poin` VALUES (3,'per_produk',242,0.00,2,365,'2025-03-24 06:18:05','2025-04-16 20:50:32'),(4,'per_pembelian',NULL,100000.00,1,365,'2025-03-24 06:18:05','2025-04-16 20:50:37'),(7,'per_produk',235,0.00,5,365,'2025-03-24 06:18:05','2025-04-16 20:50:37'),(10,'per_produk',23,0.00,2,365,'2025-03-24 06:18:05','2025-04-16 20:50:37'),(11,'per_produk',25,0.00,3,365,'2025-03-24 06:18:05','2025-04-16 20:50:37'),(12,'per_produk',13,0.00,2,365,'2025-03-24 06:18:05','2025-04-16 20:50:37');
/*!40000 ALTER TABLE `pr_poin` ENABLE KEYS */;
UNLOCK TABLES;

--
-- Table structure for table `pr_printer`
--

DROP TABLE IF EXISTS `pr_printer`;
/*!40101 SET @saved_cs_client     = @@character_set_client */;
/*!40101 SET character_set_client = utf8 */;
CREATE TABLE `pr_printer` (
  `id` int(11) NOT NULL AUTO_INCREMENT,
  `lokasi_printer` varchar(50) DEFAULT NULL,
  `divisi` int(11) NOT NULL,
  `printer_name` varchar(100) NOT NULL,
  `port` varchar(50) NOT NULL,
  `created_at` datetime DEFAULT current_timestamp(),
  `updated_at` datetime DEFAULT current_timestamp() ON UPDATE current_timestamp(),
  `python_port` int(11) DEFAULT 3000,
  PRIMARY KEY (`id`) USING BTREE
) ENGINE=InnoDB AUTO_INCREMENT=5 DEFAULT CHARSET=utf8mb4 COLLATE=utf8mb4_general_ci ROW_FORMAT=DYNAMIC;
/*!40101 SET character_set_client = @saved_cs_client */;

--
-- Dumping data for table `pr_printer`
--

LOCK TABLES `pr_printer` WRITE;
/*!40000 ALTER TABLE `pr_printer` DISABLE KEYS */;
INSERT INTO `pr_printer` VALUES (1,'KASIR',0,'EP5802AI','COM5','2025-04-12 12:28:12','2025-04-12 23:53:33',3000),(2,'BAR',1,'EP5802AI','COM5','2025-04-12 12:30:30','2025-04-12 18:05:24',3001),(3,'KITCHEN',2,'RPP210A','COM8','2025-04-12 12:30:48','2025-04-12 18:06:36',3002),(4,'CHECKER',0,'RPP210A','COM8','2025-04-12 13:56:43','2025-04-12 23:54:02',3003);
/*!40000 ALTER TABLE `pr_printer` ENABLE KEYS */;
UNLOCK TABLES;

--
-- Table structure for table `pr_printer_setting`
--

DROP TABLE IF EXISTS `pr_printer_setting`;
/*!40101 SET @saved_cs_client     = @@character_set_client */;
/*!40101 SET character_set_client = utf8 */;
CREATE TABLE `pr_printer_setting` (
  `id` int(11) NOT NULL AUTO_INCREMENT,
  `divisi_id` int(11) NOT NULL,
  `nama_outlet` varchar(255) DEFAULT NULL,
  `alamat` text DEFAULT NULL,
  `kota` varchar(100) DEFAULT NULL,
  `provinsi` varchar(100) DEFAULT NULL,
  `telepon` varchar(50) DEFAULT NULL,
  `custom_header` text DEFAULT NULL,
  `logo_url` text DEFAULT NULL,
  `tampilkan_logo` enum('normal','penuh','tidak') DEFAULT 'normal',
  `tampilkan_kolom` text DEFAULT NULL,
  `created_at` datetime DEFAULT NULL,
  `updated_at` datetime DEFAULT NULL,
  PRIMARY KEY (`id`) USING BTREE
) ENGINE=InnoDB DEFAULT CHARSET=utf8 COLLATE=utf8_general_ci ROW_FORMAT=DYNAMIC;
/*!40101 SET character_set_client = @saved_cs_client */;

--
-- Dumping data for table `pr_printer_setting`
--

LOCK TABLES `pr_printer_setting` WRITE;
/*!40000 ALTER TABLE `pr_printer_setting` DISABLE KEYS */;
/*!40000 ALTER TABLE `pr_printer_setting` ENABLE KEYS */;
UNLOCK TABLES;

--
-- Table structure for table `pr_produk`
--

DROP TABLE IF EXISTS `pr_produk`;
/*!40101 SET @saved_cs_client     = @@character_set_client */;
/*!40101 SET character_set_client = utf8 */;
CREATE TABLE `pr_produk` (
  `id` int(11) NOT NULL AUTO_INCREMENT,
  `nama_produk` varchar(255) NOT NULL,
  `sku` varchar(50) NOT NULL,
  `deskripsi` text DEFAULT NULL,
  `kategori_id` int(11) DEFAULT NULL,
  `satuan` varchar(50) DEFAULT NULL,
  `hpp` decimal(10,2) DEFAULT NULL,
  `harga_jual` decimal(10,2) DEFAULT NULL,
  `monitor_persediaan` int(1) DEFAULT 1,
  `tampil` int(1) DEFAULT 1,
  `foto` varchar(255) DEFAULT NULL,
  `created_at` datetime DEFAULT current_timestamp(),
  `updated_at` datetime DEFAULT current_timestamp() ON UPDATE current_timestamp(),
  PRIMARY KEY (`id`) USING BTREE,
  KEY `kategori_id` (`kategori_id`) USING BTREE,
  CONSTRAINT `pr_produk_ibfk_1` FOREIGN KEY (`kategori_id`) REFERENCES `pr_kategori` (`id`)
) ENGINE=InnoDB AUTO_INCREMENT=270 DEFAULT CHARSET=utf8 COLLATE=utf8_general_ci ROW_FORMAT=DYNAMIC;
/*!40101 SET character_set_client = @saved_cs_client */;

--
-- Dumping data for table `pr_produk`
--

LOCK TABLES `pr_produk` WRITE;
/*!40000 ALTER TABLE `pr_produk` DISABLE KEYS */;
INSERT INTO `pr_produk` VALUES (1,'AMERICANO HOT','AM01','ESPRESSO, HOT WATTER',1,'GELAS',0.00,16000.00,1,1,NULL,'2025-05-01 09:36:10','2025-05-01 09:36:10'),(2,'AMERICANO ICE','AM02','-',1,'GELAS',0.00,17000.00,1,1,NULL,'2025-05-01 09:36:10','2025-05-01 09:36:10'),(3,'CAFE LATTE HOT','CFLT01','-',1,'GELAS',0.00,19000.00,1,1,NULL,'2025-05-01 09:36:10','2025-05-01 09:36:10'),(4,'CAFE LATTE ICE','CFLT02','-',1,'GELAS',0.00,20000.00,1,1,NULL,'2025-05-01 09:36:10','2025-05-01 09:36:10'),(5,'CAPPUCINO HOT','CPCN01','-',1,'GELAS',0.00,20000.00,1,1,NULL,'2025-05-01 09:36:10','2025-05-01 09:36:10'),(6,'CAPPUCINO ICE','CPCN02','-',1,'GELAS',0.00,21000.00,1,1,NULL,'2025-05-01 09:36:10','2025-05-01 09:36:10'),(7,'CARAMEL LATTE HOT','CLH02','-',1,'PORSI',0.00,21000.00,1,1,NULL,'2025-05-01 09:36:10','2025-05-01 09:36:10'),(8,'CARAMEL LATTE ICE','CLI01','-',1,'PORSI',0.00,23000.00,1,1,NULL,'2025-05-01 09:36:10','2025-05-01 09:36:10'),(9,'COLD BREW','CLDBRW','-',1,'GELAS',0.00,21000.00,1,1,NULL,'2025-05-01 09:36:10','2025-05-01 09:36:10'),(10,'COLD BREW LATTE ICE','CLICE01','-',1,'PORSI',0.00,20000.00,1,1,NULL,'2025-05-01 09:36:10','2025-05-01 09:36:10'),(11,'CREME BRULE','CRMBRL01','-',1,'GELAS',0.00,21000.00,1,1,NULL,'2025-05-01 09:36:10','2025-05-01 09:36:10'),(12,'DOPPIO','DPIO01','-',1,'GELAS',0.00,19000.00,1,1,NULL,'2025-05-01 09:36:10','2025-05-01 09:36:10'),(13,'DOUBLE ESPRESSO','DESS2','-',1,'PORSI',0.00,19000.00,1,1,NULL,'2025-05-01 09:36:10','2025-05-01 09:36:10'),(14,'FLAT WHITE','FLTWHT01','-',1,'GELAS',0.00,20000.00,1,1,NULL,'2025-05-01 09:36:10','2025-05-01 09:36:10'),(15,'FRENCH PRESS COFFEE','fp090','-',1,'PORSI',0.00,20000.00,1,1,NULL,'2025-05-01 09:36:10','2025-05-01 09:36:10'),(16,'KOPI LELET','KPLLT01','-',1,'GELAS',0.00,10000.00,1,1,NULL,'2025-05-01 09:36:10','2025-05-01 09:36:10'),(17,'KOPI LELET SUSU','KPLS01','-',1,'GELAS',0.00,12000.00,1,1,NULL,'2025-05-01 09:36:10','2025-05-01 09:36:10'),(18,'KOPI TUBRUK','KPTBRK01','-',1,'GELAS',0.00,18000.00,1,1,NULL,'2025-05-01 09:36:10','2025-05-01 09:36:10'),(19,'KOPI TUBRUK SUSU ','KPTBRKSS01','-',1,'GELAS',0.00,17000.00,1,1,NULL,'2025-05-01 09:36:10','2025-05-01 09:36:10'),(20,'LONG BLACK HOT','LBH01','-',1,'GELAS',0.00,17000.00,1,1,NULL,'2025-05-01 09:36:10','2025-05-01 09:36:10'),(21,'LONG BLACK ICE','LNGBLCK01','CLASIC COFFEE',1,'PORSI',0.00,18000.00,1,1,NULL,'2025-05-01 09:36:10','2025-05-01 09:36:10'),(22,'MAGIC LATTE','MGC01','-',1,'GELAS',0.00,21000.00,1,1,NULL,'2025-05-01 09:36:10','2025-05-01 09:36:10'),(23,'MANUAL BREW AEROPRRESS','MBA01','-',1,'GELAS',0.00,20000.00,1,1,NULL,'2025-05-01 09:36:10','2025-05-01 09:36:10'),(24,'MANUAL BREW KALITA','MBKLT01','-',1,'GELAS',0.00,20000.00,1,1,NULL,'2025-05-01 09:36:10','2025-05-01 09:36:10'),(25,'MANUAL BREW V60','MBV01','-',1,'GELAS',0.00,20000.00,1,1,NULL,'2025-05-01 09:36:10','2025-05-01 09:36:10'),(26,'ROSE LATTE ICE','RLTTI02','-',1,'PORSI',0.00,20000.00,1,1,NULL,'2025-05-01 09:36:10','2025-05-01 09:36:10'),(27,'SINGLE ESPRESSO','ESP01','-',1,'GELAS',0.00,15000.00,1,1,NULL,'2025-05-01 09:36:10','2025-05-01 09:36:10'),(28,'V60 JAPANESE','JPNS00','-',1,'GELAS',0.00,21000.00,1,1,NULL,'2025-05-01 09:36:10','2025-05-01 09:36:10'),(29,'VANILLA LATTE HOT','VLH02','-',1,'PORSI',0.00,21000.00,1,1,NULL,'2025-05-01 09:36:10','2025-05-01 09:36:10'),(30,'VANILLA LATTE ICE','VLI01','-',1,'PORSI',0.00,23000.00,1,1,NULL,'2025-05-01 09:36:10','2025-05-01 09:36:10'),(31,'VIETNAM DRIP','VTNMDRP01','-',1,'GELAS',0.00,17000.00,1,1,NULL,'2025-05-01 09:36:10','2025-05-01 09:36:10'),(32,'AVOGATO','AVGT01','ESPRESSO WITH VANILLA ICE CREAM',2,'GELAS',0.00,20000.00,1,1,NULL,'2025-05-01 09:36:10','2025-05-01 09:36:10'),(33,'BTS COFFEE','BTS55','-',2,'PORSI',0.00,20000.00,1,1,NULL,'2025-05-01 09:36:10','2025-05-01 09:36:10'),(34,'CARAMEL MACCHIATO','MCHT00','CARAMEL,FRESHMILK,ESPRESSO,WHIPPING CREAM (COLD)',2,'GELAS',0.00,25000.00,1,1,NULL,'2025-05-01 09:36:10','2025-05-01 09:36:10'),(35,'JAZZY ALMOND','JZZY44','-',2,'PORSI',0.00,22000.00,1,1,NULL,'2025-05-01 09:36:10','2025-05-01 09:36:10'),(36,'KOPI SUSU GULA AREN','KPSARN01','-',2,'CUP',0.00,19000.00,1,1,NULL,'2025-05-01 09:36:10','2025-05-01 09:36:10'),(37,'KOPI SUSU NAMUA','KPSNMA01','-',2,'GELAS',0.00,22000.00,1,1,NULL,'2025-05-01 09:36:10','2025-05-01 09:36:10'),(38,'MATCHA COFFEE','MTCHCF01','MATCHA,ESPRESSO,FRESHMILK',2,'GELAS',0.00,24000.00,1,1,NULL,'2025-05-01 09:36:10','2025-05-01 09:36:10'),(39,'MOCHACINO HOT','MCHN02','ESPRESSO,CHOCOLATE,FRESHMILK',2,'GELAS',0.00,21000.00,1,1,NULL,'2025-05-01 09:36:10','2025-05-01 09:36:10'),(40,'MOCHACINO ICE','MCHN01','-',2,'GELAS',0.00,22000.00,1,1,NULL,'2025-05-01 09:36:10','2025-05-01 09:36:10'),(41,'NAMANYA KOPI SUSU','NMN55','-',2,'PORSI',0.00,19000.00,1,1,NULL,'2025-05-01 09:36:10','2025-05-01 09:36:10'),(42,'REDPRESSO','RDPRS01','RED VELVET,FRESHMILK,ESPRESSO (COLD)',2,'GELAS',0.00,23000.00,1,1,NULL,'2025-05-01 09:36:10','2025-05-01 09:36:10'),(43,'RUM DMC','RUM','-',2,'PORSI',0.00,18000.00,1,1,NULL,'2025-05-01 09:36:10','2025-05-01 09:36:10'),(44,'RUMBULLION ROSE','RMBLN','-',2,'PORSI',0.00,20000.00,1,1,NULL,'2025-05-01 09:36:10','2025-05-01 09:36:10'),(45,'ST BY LIS','ST66','-',2,'PORSI',0.00,22000.00,1,1,NULL,'2025-05-01 09:36:10','2025-05-01 09:36:10'),(46,'STRAWBERRY LATTE','STRWBRY00','STRAWBERRY,FRESHMILK,ESPRESSO (COLD)',2,'GELAS',0.00,21000.00,1,1,NULL,'2025-05-01 09:36:10','2025-05-01 09:36:10'),(47,'BLACK AND YELLOW','BLCKNYLW01','ORANGE,LYCHEE,ESPRESSO',3,'GELAS',0.00,21000.00,1,1,NULL,'2025-05-01 09:36:10','2025-05-01 09:36:10'),(48,'BLACK JACK','BLCKJK1','-',3,'PORSI',0.00,22000.00,1,1,NULL,'2025-05-01 09:36:10','2025-05-01 09:36:10'),(49,'KOOHI','KWSTKP01','KAWISTA,ESPRESSO,SODA WATER',3,'GELAS',0.00,20000.00,1,1,NULL,'2025-05-01 09:36:10','2025-05-01 09:36:10'),(50,'OLD YELLOW BRICK','OYB01','PINEAPPLE,ORANGE,ROSE,MINT,SODA WATER WITH CREAMY FOAM',3,'GELAS',0.00,20000.00,1,1,NULL,'2025-05-01 09:36:10','2025-05-01 09:36:10'),(51,'PINK LADY','PNKLDY01','WATERMELON,ESPRESSO,LYCHEE',3,'GELAS',0.00,21000.00,1,1,NULL,'2025-05-01 09:36:10','2025-05-01 09:36:10'),(52,'SHOCK PRESSO','SCKPRSS9','-',3,'PORSI',0.00,20000.00,1,1,NULL,'2025-05-01 09:36:10','2025-05-01 09:36:10'),(53,'CLASSIC MOJITOS','CLSMJT01','BROWN SUGAR,SODA WATER,MINT,LIME JUICE (COLD)',4,'GELAS',0.00,18000.00,1,1,NULL,'2025-05-01 09:36:10','2025-05-01 09:36:10'),(54,'LIME MINT HONEY','HNY88','-',4,'PORSI',0.00,20000.00,1,1,NULL,'2025-05-01 09:36:10','2025-05-01 09:36:10'),(55,'PERFECT SENSE','PRFCSNS','-',4,'PORSI',0.00,22000.00,1,1,NULL,'2025-05-01 09:36:10','2025-05-01 09:36:10'),(56,'SPARKLING LYCHEE','SPRKLYC01','LYCHEE,LIME JUICE,SODA,MINT (COLD)',4,'GELAS',0.00,18000.00,1,1,NULL,'2025-05-01 09:36:10','2025-05-01 09:36:10'),(57,'SPARKLING STRAWBERRY','SPRKST01','STRAWBERRY,SODA WATER,MINT,LIME JUICE (COLD)',4,'GELAS',0.00,18000.00,1,1,NULL,'2025-05-01 09:36:10','2025-05-01 09:36:10'),(58,'SUPER SUMMER','SPR2','-',4,'PORSI',0.00,18000.00,1,1,NULL,'2025-05-01 09:36:10','2025-05-01 09:36:10'),(59,'VIRGIN MOJITOS','VRGNMJTS','MINT,LIME JUICE,SODA WATER',4,'GELAS',0.00,18000.00,1,1,NULL,'2025-05-01 09:36:10','2025-05-01 09:36:10'),(60,'CHOCO BERRY','CHLTBRY01','DARK CHOCO,FRESHMILK,STRAWBERYY',5,'GELAS',0.00,20000.00,1,1,NULL,'2025-05-01 09:36:10','2025-05-01 09:36:10'),(61,'CHOCOLATE HOT','CHHLTHT01','DARK CHOCO WITH FRESHMILK',5,'GELAS',0.00,19000.00,1,1,NULL,'2025-05-01 09:36:10','2025-05-01 09:36:10'),(62,'CHOCOLATE ICE','CHCLTICE01','DARK CHOCO,FRESHMILK (COLD)',5,'GELAS',0.00,20000.00,1,1,NULL,'2025-05-01 09:36:10','2025-05-01 09:36:10'),(63,'MATCHA HOT','MTCHT01','-',5,'GELAS',0.00,19000.00,1,1,NULL,'2025-05-01 09:36:10','2025-05-01 09:36:10'),(64,'MATCHA ICE','MTCHIC01','-',5,'GELAS',0.00,20000.00,1,1,NULL,'2025-05-01 09:36:10','2025-05-01 09:36:10'),(65,'PRESTIGE CHOCO INCH','PRSTC1','-',5,'PORSI',0.00,22000.00,1,1,NULL,'2025-05-01 09:36:10','2025-05-01 09:36:10'),(66,'RED VELVET HOT','VLVTHT01','VELVET WITH FRESHMILK',5,'GELAS',0.00,19000.00,1,1,NULL,'2025-05-01 09:36:10','2025-05-01 09:36:10'),(67,'RED VELVET ICE','VLVTICE01','REDVELVET WITH FRESHMILK',5,'GELAS',0.00,20000.00,1,1,NULL,'2025-05-01 09:36:10','2025-05-01 09:36:10'),(68,'TIRAMISU HOT','TRMTSHT01','TIRAMISU WITH FRESHMILK',5,'GELAS',0.00,19000.00,1,1,NULL,'2025-05-01 09:36:10','2025-05-01 09:36:10'),(69,'TIRAMISU ICE','TRMTSICE01','TIRAMITSU,FRESHMILK (COLD)',5,'GELAS',0.00,20000.00,1,1,NULL,'2025-05-01 09:36:10','2025-05-01 09:36:10'),(70,'BANANA CREME BRULE','BNCRM01','BANANA FRUIT,CARAMEL,BROWNSUGAR,FRESHMILK',6,'GELAS',0.00,23000.00,1,1,NULL,'2025-05-01 09:36:10','2025-05-01 09:36:10'),(71,'BANANA KING','BNKNG01','BANANA FRUIT,FRESHMILK,CARAMEL,ESPRESSO,WHIPPING CREAM',6,'GELAS',0.00,23000.00,1,1,NULL,'2025-05-01 09:36:10','2025-05-01 09:36:10'),(72,'CHEESE SNOW','SHDNW1','-',6,'PORSI',0.00,20000.00,1,1,NULL,'2025-05-01 09:36:11','2025-05-01 09:36:11'),(73,'COOKIES AND CREAM','CKSCRMB01','COOKIES CRUMB,FRESHMILK,VANILLA,WHIPPING CREAM',6,'GELAS',0.00,22000.00,1,1,NULL,'2025-05-01 09:36:11','2025-05-01 09:36:11'),(74,'GREEN SAVANNA','GRNSVNN01','POKCOY,LYCHEE',6,'GELAS',0.00,23000.00,1,1,NULL,'2025-05-01 09:36:11','2025-05-01 09:36:11'),(75,'HAVANA COOKIES','HVNCKS01','COOKIES CRUMB,FRESHMILK,ESPRESSO,VANILLA',6,'GELAS',0.00,23000.00,1,1,NULL,'2025-05-01 09:36:11','2025-05-01 09:36:11'),(76,'STRAWBERRY CREAM CHEESE','CHSSTRW01','STRAWBERRY,FRESHMILK,CHEESE,WHIPPING CREAM (COLD)',6,'GELAS',0.00,22000.00,1,1,NULL,'2025-05-01 09:36:11','2025-05-01 09:36:11'),(77,'STRAWBERRY SMOOTHIES','SMTHS01','FRESH STRAWBERRY FRUIT,FRESHMILK',6,'GELAS',0.00,21000.00,1,1,NULL,'2025-05-01 09:36:11','2025-05-01 09:36:11'),(78,'STRAWPINEAPPLE','STRWPNPL01','-',6,'GELAS',0.00,20000.00,1,1,NULL,'2025-05-01 09:36:11','2025-05-01 09:36:11'),(79,'BLACK TEA HOT','BTH007','-',7,'PORSI',0.00,9000.00,1,1,NULL,'2025-05-01 09:36:11','2025-05-01 09:36:11'),(80,'BLACK TEA ICE','BLCKT01','BLACK TEA SWEET (COLD)',7,'GELAS',0.00,10000.00,1,1,NULL,'2025-05-01 09:36:11','2025-05-01 09:36:11'),(81,'BLUE PEA TEA HOT','BPITA1','-',7,'PORSI',0.00,17000.00,1,1,NULL,'2025-05-01 09:36:11','2025-05-01 09:36:11'),(82,'BLUE PEA TEA ICE','BLPTIC01','BLUE PEA TEA, LEMON JUICE,JELLY LYCHEE (COLD)',7,'GELAS',0.00,18000.00,1,1,NULL,'2025-05-01 09:36:11','2025-05-01 09:36:11'),(83,'LEMON TEA HOT','LMTHT01','-',7,'GELAS',0.00,15000.00,1,1,NULL,'2025-05-01 09:36:11','2025-05-01 09:36:11'),(84,'LEMON TEA ICE','LMNTE01','SWEET BLACK TEA WITH LEMON JUICE',7,'GELAS',0.00,16000.00,1,1,NULL,'2025-05-01 09:36:11','2025-05-01 09:36:11'),(85,'LEMONGRASS TEA ICE','LMNGRSTE01','SWEET BLACK TEA WITH LEMONGRASS',7,'GELAS',0.00,17000.00,1,1,NULL,'2025-05-01 09:36:11','2025-05-01 09:36:11'),(86,'LYCHEE TEA ICE','LYCHTE01','SWEET BLACK TEA WITH LYCHEE',7,'GELAS',0.00,17000.00,1,1,NULL,'2025-05-01 09:36:11','2025-05-01 09:36:11'),(87,'STRAWBERRY TEA ICE','STRBRTE01','SWEET BLACK TEA WITH STRAWBERRY',7,'GELAS',0.00,17000.00,1,1,NULL,'2025-05-01 09:36:11','2025-05-01 09:36:11'),(88,'ADU RAMU','ADRMU1','-',8,'PORSI',0.00,18000.00,1,1,NULL,'2025-05-01 09:36:11','2025-05-01 09:36:11'),(89,'WEDANG  UWUH','WDNGUWH','REMPAH WEDANG UWUH',8,'GELAS',0.00,15000.00,1,1,NULL,'2025-05-01 09:36:11','2025-05-01 09:36:11'),(90,'WEDANG JAHE','WDNGJH01','-',8,'GELAS',0.00,14000.00,1,1,NULL,'2025-05-01 09:36:11','2025-05-01 09:36:11'),(91,'WEDANG JAHE SUSU','WDNGJHSS01','-',8,'GELAS',0.00,15000.00,1,1,NULL,'2025-05-01 09:36:11','2025-05-01 09:36:11'),(92,'C HEART ICE CREAM STIK','ADVF2','C HEART ICE CREAM STIK',9,'PIECES',0.00,7000.00,1,1,NULL,'2025-05-01 09:36:11','2025-05-01 09:36:11'),(93,'C HULA HULA HULA ALPUKAT','GADHG1','C HULA HULA HULA ALPUKAT',9,'PIECES',0.00,6000.00,1,1,NULL,'2025-05-01 09:36:11','2025-05-01 09:36:11'),(94,'C PETIT ICE CHOCOMIX','CMNW1','C PETIT ICE CHOCOMIX',9,'PCS',0.00,3000.00,1,1,NULL,'2025-05-01 09:36:11','2025-05-01 09:36:11'),(95,'C TROPICANA CHOCO VANILA','J1','C TROPICANA CHOCO VANILA',9,'PIECES',0.00,7000.00,1,1,NULL,'2025-05-01 09:36:11','2025-05-01 09:36:11'),(96,'CAMPINA FANTASY SUSU COKLAT','SSCKLT1','-',9,'PIECES',0.00,3500.00,1,1,NULL,'2025-05-01 09:36:11','2025-05-01 09:36:11'),(97,'CAMPINA FROZEN CATTON CANDY','FRZCC','-',9,'PIECES',0.00,6500.00,1,1,NULL,'2025-05-01 09:36:11','2025-05-01 09:36:11'),(98,'CAMPINA GO MANGO','GMNGG1','-',9,'PIECES',0.00,7000.00,1,1,NULL,'2025-05-01 09:36:11','2025-05-01 09:36:11'),(99,'CAMPINA HULA HULA KACANG HIJAU ','HHLKH1','-',9,'PIECES',0.00,6000.00,1,1,NULL,'2025-05-01 09:36:11','2025-05-01 09:36:11'),(100,'CAMPINA MARVEL CUP','MRVL','-',9,'PIECES',0.00,7000.00,1,1,NULL,'2025-05-01 09:36:11','2025-05-01 09:36:11'),(101,'CAMPINA MIDI COOKIES CREAMY','MCC3','-',9,'PIECES',0.00,7000.00,1,1,NULL,'2025-05-01 09:36:11','2025-05-01 09:36:11'),(102,'CAMPINA PATRICK STICK STRAW CHOCO VANILLA','PTRCK5','-',9,'PIECES',0.00,7000.00,1,1,NULL,'2025-05-01 09:36:11','2025-05-01 09:36:11'),(103,'CAMPINA PETIT GRAPE','PTTTGRP','-',9,'PIECES',0.00,3000.00,1,1,NULL,'2025-05-01 09:36:11','2025-05-01 09:36:11'),(104,'CAMPINA PETIT MILKY CRUNCH','PTT','-',9,'PIECES',0.00,3500.00,1,1,NULL,'2025-05-01 09:36:11','2025-05-01 09:36:11'),(105,'CAMPINA SPIDERMAN STRAW CC','CMSS3','-',9,'PIECES',0.00,7000.00,1,1,NULL,'2025-05-01 09:36:11','2025-05-01 09:36:11'),(106,'CAMPINA SPONGEBOB CHOCO BANANA','SPNGBB1','-',9,'PIECES',0.00,7000.00,1,1,NULL,'2025-05-01 09:36:11','2025-05-01 09:36:11'),(107,'CAMPINA TROPICANA DOUBLE CRUNCH','CMPN11','-',9,'PIECES',0.00,7000.00,1,1,NULL,'2025-05-01 09:36:11','2025-05-01 09:36:11'),(108,'CAMPINA X ULTRAMILK ICONIX','ULTRCMPN','-',9,'PORSI',0.00,7000.00,1,1,NULL,'2025-05-01 09:36:11','2025-05-01 09:36:11'),(109,'CARAMEL ICE CREAM','CRMLICCRM01','-',9,'GELAS',0.00,20000.00,1,1,NULL,'2025-05-01 09:36:11','2025-05-01 09:36:11'),(110,'CHOCO OREO ICE CREAM','CHCHOR01','-',9,'GELAS',0.00,20000.00,1,1,NULL,'2025-05-01 09:36:11','2025-05-01 09:36:11'),(111,'DELUXE CHOCO ALMOND','CHCHC0','-',9,'PORSI',0.00,20000.00,1,1,NULL,'2025-05-01 09:36:11','2025-05-01 09:36:11'),(112,'FANTASY ANGGUR','FNTSYANGGUR','-',9,'PCS',0.00,2500.00,1,1,NULL,'2025-05-01 09:36:11','2025-05-01 09:36:11'),(113,'MOCHI DURIAN','MCHIDRN','-',9,'PCS',0.00,7000.00,1,1,NULL,'2025-05-01 09:36:11','2025-05-01 09:36:11'),(114,'RAINBOW POP','POPRNBW','-',9,'PORSI',0.00,4500.00,1,1,NULL,'2025-05-01 09:36:11','2025-05-01 09:36:11'),(115,'SPONGEBOB STIK','spngbb','-',9,'PCS',0.00,6000.00,1,1,NULL,'2025-05-01 09:36:11','2025-05-01 09:36:11'),(116,'STRAWBERRY ICE CREAM','STRIC01','-',9,'GELAS',0.00,20000.00,1,1,NULL,'2025-05-01 09:36:11','2025-05-01 09:36:11'),(117,'SUMMER BREEZE ','SMBRZ','-',9,'PCS',0.00,6500.00,1,1,NULL,'2025-05-01 09:36:11','2025-05-01 09:36:11'),(118,'ADD ICE CREAM CHOCOLATE ','HADGKHB','-',10,'PORSI',0.00,9000.00,1,1,NULL,'2025-05-01 09:36:11','2025-05-01 09:36:11'),(119,'ADD ICE CREAM VANILLA','ICCRMAD01','-',10,'GELAS',0.00,9000.00,1,1,NULL,'2025-05-01 09:36:11','2025-05-01 09:36:11'),(120,'Cup Hot','ch1','-',10,'PCS',0.00,1000.00,1,1,NULL,'2025-05-01 09:36:11','2025-05-01 09:36:11'),(121,'Cup ice','Cpic','-',10,'PCS',0.00,1500.00,1,1,NULL,'2025-05-01 09:36:11','2025-05-01 09:36:11'),(122,'EXTRA ESPRESSO','EXTRESPR01','-',10,'GELAS',0.00,8000.00,1,1,NULL,'2025-05-01 09:36:11','2025-05-01 09:36:11'),(123,'milk life','mlklf11','-',10,'PCS',0.00,20000.00,1,1,NULL,'2025-05-01 09:36:11','2025-05-01 09:36:11'),(124,'MINERAL WATER','MNRL01','-',10,'BOTOL',0.00,4000.00,1,1,NULL,'2025-05-01 09:36:11','2025-05-01 09:36:11'),(125,'OAT MILK (add)','OAT','-',10,'PORSI',0.00,7000.00,1,1,NULL,'2025-05-01 09:36:11','2025-05-01 09:36:11'),(126,'AYAM BAKAR SAMBAL DABU DABU','BKR99','TANPA NASI',11,'PORSI',0.00,25000.00,1,1,NULL,'2025-05-01 09:36:11','2025-05-01 09:36:11'),(127,'AYAM BAKAR SAMBAL DABU-DABU + NASI','ABSDD009','half cut chicken 250gr marinated, sambal dabu-dabu, fresh lalapan',11,'PORSI',0.00,28000.00,1,1,NULL,'2025-05-01 09:36:11','2025-05-01 09:36:11'),(128,'AYAM GORENG REMPAH KREMES','AYM11','TANPA NASI',11,'PORSI',0.00,22000.00,1,1,NULL,'2025-05-01 09:36:11','2025-05-01 09:36:11'),(129,'AYAM GORENG REMPAH KREMES + NASI','AGRK008','half cut chicken 250gr marinated, sambal bawang, fresh lalapan ',11,'PORSI',0.00,25000.00,1,1,NULL,'2025-05-01 09:36:11','2025-05-01 09:36:11'),(130,'AYAM SONGKEM','AYMSNGKM99','TANPA NASI',11,'PORSI',0.00,29000.00,1,1,NULL,'2025-05-01 09:36:11','2025-05-01 09:36:11'),(131,'AYAM SONGKEM + NASI','AYMSNKM5','-',11,'PORSI',0.00,32000.00,1,1,NULL,'2025-05-01 09:36:11','2025-05-01 09:36:11'),(132,'BEBEK BUMBU IRENG MADURA (JUMBO) + NASI','BBIM007','slow cook 6 hour duck boneless, bumbu ireng paste madura, sambal matah',11,'PORSI',0.00,60000.00,1,1,NULL,'2025-05-01 09:36:11','2025-05-01 09:36:11'),(133,'BEBEK BUMBU IRENG MADURA (SMALL)','BBK55','TANPA NASI',11,'PORSI',0.00,40000.00,1,1,NULL,'2025-05-01 09:36:11','2025-05-01 09:36:11'),(134,'BEBEK BUMBU IRENG MADURA + NASI','SMALLBEBEK','-',11,'PORSI',0.00,43000.00,1,1,NULL,'2025-05-01 09:36:11','2025-05-01 09:36:11'),(135,'BEBEK BUMBU IRENG MADURA JUMBO','JMB','-',11,'PORSI',0.00,57000.00,1,1,NULL,'2025-05-01 09:36:11','2025-05-01 09:36:11'),(136,'BEBEK SONGKEM','BBKSNG11','TANPA NASI',11,'PORSI',0.00,40000.00,1,1,NULL,'2025-05-01 09:36:11','2025-05-01 09:36:11'),(137,'BEBEK SONGKEM + NASI','BBKSNGKM1','-',11,'PORSI',0.00,43000.00,1,1,NULL,'2025-05-01 09:36:11','2025-05-01 09:36:11'),(138,'CRISPY DORY ALA THAI','ALATHAI','-',11,'PORSI',0.00,25000.00,1,1,NULL,'2025-05-01 09:36:11','2025-05-01 09:36:11'),(139,'CRISPY DORY MANADO STYLE','CDMS012','deep fry dory fish, sambal dabu dabu on top',11,'PORSI',0.00,25000.00,1,1,NULL,'2025-05-01 09:36:11','2025-05-01 09:36:11'),(140,'GRILL BEEF SHORTPLATE PARAPE','GBSP0023','GRILL BEFF SHORPLATE GLAZED BUMBU BAKAR PARAPE WITH SAMBAL MATAH AND GARLIC KEMANGI RICE',11,'PORSI',0.00,30000.00,1,1,NULL,'2025-05-01 09:36:11','2025-05-01 09:36:11'),(141,'GRILL SEAFOOD PLATTER PANTURA','GSPP004','prawn, smoked fish parape, grill squid, nasi kemangi & sambal matah',11,'PORSI',0.00,30000.00,1,1,NULL,'2025-05-01 09:36:11','2025-05-01 09:36:11'),(142,'IGA BAKAR MADU','IBM001','grill beef short ribs glazed bumbu bakar madu, abon sapi,  emping crackers, sambal matah & fresh lalapan',11,'PORSI',0.00,52000.00,1,1,NULL,'2025-05-01 09:36:11','2025-05-01 09:36:11'),(143,'MIE ACEH BEEF SHORTPLATE','MABS005','noodles, spicy paste kalio, beef shortplate, bean sprout, emping crackers & katsuobushi',11,'PORSI',0.00,42000.00,1,1,NULL,'2025-05-01 09:36:11','2025-05-01 09:36:11'),(144,'NAMUA SULTAN RICE','NSR002','grill prawn, chicken sate lilit, rendang beef shortplate, garlic kemangi rice, mendoan, abon & sambal matah',11,'PORSI',0.00,58000.00,1,1,NULL,'2025-05-01 09:36:11','2025-05-01 09:36:11'),(145,'NASI CAMPUR BALI','NSBL01','BASEGEDE RICE,CHICKEN SATE LILIT,CHICKEN SHEREDED BALI,LAWAR,SAMBAL MATAH,SUNNY SIDE UP',11,'PORSI',0.00,28000.00,1,1,NULL,'2025-05-01 09:36:11','2025-05-01 09:36:11'),(146,'NASI GORENG KAMPOENG','NGK010','bumbu merah shrimp paste terasi fried rice, sunny side up, chicken skewer & crackers',11,'PORSI',0.00,22000.00,1,1,NULL,'2025-05-01 09:36:11','2025-05-01 09:36:11'),(147,'SMOKED FISH SOUP KELO MRICO','SMKDFSH','TANPA NASI',11,'PORSI',0.00,22000.00,1,1,NULL,'2025-05-01 09:36:11','2025-05-01 09:36:11'),(148,'SMOKED FISH SOUP KELO MRICO + NASI','SFSKM011','smoked fish, light broth of kelo mrico hot pepper & ginger served with steam rice',11,'PORSI',0.00,25000.00,1,1,NULL,'2025-05-01 09:36:11','2025-05-01 09:36:11'),(149,'SPICY TONGSENG LAMB CHOP ','LMCB','TANPA NASI',11,'PORSI',0.00,65000.00,1,1,NULL,'2025-05-01 09:36:11','2025-05-01 09:36:11'),(150,'SPICY TONGSENG LAMB CHOP + NASI','STLC009','pan grill lamb chop, spicy tongseng broth, cabbage served with rice & condiment side dish',11,'GRUP',0.00,68000.00,1,1,NULL,'2025-05-01 09:36:11','2025-05-01 09:36:11'),(151,'SUP IGA REMPAH','TUHD1','TANPA NASI',11,'PORSI',0.00,45000.00,1,1,NULL,'2025-05-01 09:36:11','2025-05-01 09:36:11'),(152,'SUP IGA REMPAH + NASI','SIR003','8 hour slow cook beef short ribs, clear beef broth, potato, carrot, emping crackers & sambal ijo ',11,'PORSI',0.00,48000.00,1,1,NULL,'2025-05-01 09:36:11','2025-05-01 09:36:11'),(153,'ARABIAN GRILL LAMB CHOP','ARBN01','MIDDLE EAST CUISIN PAN GRILL LAMB CHOP, FRESH SALAD',12,'PORSI',0.00,68000.00,1,1,NULL,'2025-05-01 09:36:11','2025-05-01 09:36:11'),(154,'CHINESE FRIED NOODLES','CHNSNDLE01','fried noodles chinese style, chicken inside, mix vegetable & crackers',12,'PORSI',0.00,25000.00,1,1,NULL,'2025-05-01 09:36:11','2025-05-01 09:36:11'),(155,'MIE AYAM NAMUA','MNMA01','ASIAN NOODLE BLANCH,CHICKEN LEG MARINATED GARLIC OYSTER,FRIED WON TON AND BROTH SIDE DISH',12,'PORSI',0.00,28000.00,1,1,NULL,'2025-05-01 09:36:11','2025-05-01 09:36:11'),(156,'YANG CHOW FRIED RICE','YNGCHW01','CHINESE WOK FRIED RICE,SMOKE BEEF, SUNNY SIDE UP EGG,CRACKERS',12,'PORSI',0.00,25000.00,1,1,NULL,'2025-05-01 09:36:11','2025-05-01 09:36:11'),(157,'CALIFORNIA ROLL','CLFRN01','SUSHI ROLL FILL CRAB STICK CUCUMBER,NORI,TOBIKO',13,'PORSI',0.00,23000.00,1,1,NULL,'2025-05-01 09:36:11','2025-05-01 09:36:11'),(158,'CHICKEN NORI YAKIMESHI','YKMSH01','DEEP FRY CHICKEN KATSU YAKIMESHI,MIX SALAD,TERIYAKI SAUCE',13,'PORSI',0.00,28000.00,1,1,NULL,'2025-05-01 09:36:11','2025-05-01 09:36:11'),(159,'GYU DON','GYDN01','JAPANESE RICE BOWL WITH BEEF SHORT PLATE TERIYAKI & POACHED EGG',13,'PORSI',0.00,32000.00,1,1,NULL,'2025-05-01 09:36:11','2025-05-01 09:36:11'),(160,'KOREAN BEEF KIMBAB ','KIMBAB','-',13,'PORSI',0.00,30000.00,1,1,NULL,'2025-05-01 09:36:11','2025-05-01 09:36:11'),(161,'SOYU RAMEN','SYRMN01','JAPANESE NOODLE RAMEN LIGHT SOY GINGER BROTH BOILED EGG WITH BEEF SHORT PLATE',13,'PORSI',0.00,38000.00,1,1,NULL,'2025-05-01 09:36:11','2025-05-01 09:36:11'),(162,'SPICY RAMYEON','RMYEON','-',13,'PORSI',0.00,32000.00,1,1,NULL,'2025-05-01 09:36:11','2025-05-01 09:36:11'),(163,'TORI PAITAN RAMEN','TPRMN','JAPANESSE NOODLE (RAMEN) STOCK BROTH, MUSHROOM BOILED EGG CHICKEN KATSU',13,'PORSI',0.00,35000.00,1,1,NULL,'2025-05-01 09:36:11','2025-05-01 09:36:11'),(164,'VOLCANO ROLL','VLCN01','SUSHI ROLL FILL CHICKEN TEMPURA,CRAB STICK,CUCUMBER WITH VOLCANO SAUCE ON TOP',13,'PORSI',0.00,25000.00,1,1,NULL,'2025-05-01 09:36:11','2025-05-01 09:36:11'),(165,'YAKINIKU SUSHI ROLL','YKNKBF01','SUSHI ROLL FILL BEEF SHORT PLATE YAKINIKU, CUCUMBER,CRACKERS,KATSUOBUSHI',13,'PORSI',0.00,28000.00,1,1,NULL,'2025-05-01 09:36:11','2025-05-01 09:36:11'),(166,'CHICKEN CORDON BLEU','CKB016','chicken breast roll fill smoked beef & mozzarella cheese, mix salad, barbeque sauce & cheese sauce',14,'PORSI',0.00,32000.00,1,1,NULL,'2025-05-01 09:36:11','2025-05-01 09:36:11'),(167,'FISH & CHIPS','FNC017','deep fry dory fish, hand cut fries & tar-tar mayo',14,'PORSI',0.00,28000.00,1,1,NULL,'2025-05-01 09:36:11','2025-05-01 09:36:11'),(168,'SIRLOIN STEAK MELTIQUE','SSM018','sirloin meltique blue label, hand cut fries, salad & dressing, barbeque sauce',14,'PORSI',0.00,90000.00,1,1,NULL,'2025-05-01 09:36:11','2025-05-01 09:36:11'),(169,'SPAGHETTI AGLIO E O LIO CON POLLO','SAECP013','garlic & pepper aromatic, deep fry chicken',14,'PORSI',0.00,25000.00,1,1,NULL,'2025-05-01 09:36:11','2025-05-01 09:36:11'),(170,'SPAGHETTI ALFREDO DI CREMA','SADC014','creamy & cheese base with smoked beef',14,'PORSI',0.00,32000.00,1,1,NULL,'2025-05-01 09:36:11','2025-05-01 09:36:11'),(171,'SPAGHETTI BOLOGNESE','SB015','mix beef ragu bolognese & cheese on top ',14,'PORSI',0.00,28000.00,1,1,NULL,'2025-05-01 09:36:11','2025-05-01 09:36:11'),(172,'SPAGHETTI DORY BALINESE','BALNESE','-',14,'PORSI',0.00,25000.00,1,1,NULL,'2025-05-01 09:36:11','2025-05-01 09:36:11'),(173,'BANANA NUGGET OVALTINE','BNNGTOV','-',15,'PORSI',0.00,18000.00,1,1,NULL,'2025-05-01 09:36:11','2025-05-01 09:36:11'),(174,'BANANA OVOMALTINE','BNNOV01','-',15,'PORSI',0.00,15000.00,1,1,NULL,'2025-05-01 09:36:11','2025-05-01 09:36:11'),(175,'CHICKEN KARAGE','CCKNK01','-',15,'PORSI',0.00,22000.00,1,1,NULL,'2025-05-01 09:36:11','2025-05-01 09:36:11'),(176,'CHICKEN POP CORN','CPCRN06','CRISPY FRIED CHICKEN CUBE WITH SEAWEED POWDER FEATURING POP CORN SURF WITH TARTAR DRESSING',15,'PORSI',0.00,22000.00,1,1,NULL,'2025-05-01 09:36:11','2025-05-01 09:36:11'),(177,'CHIKUWA CHEESE','CHKWC08','CRUMBLING & FRIED CHIKUWA FILL MOZARELLA CHEESE WITH CHEESE SAUCE & SAUCE BANGKOK',15,'PORSI',0.00,25000.00,1,1,NULL,'2025-05-01 09:36:11','2025-05-01 09:36:11'),(178,'CIRENG','CRNG','-',15,'PORSI',0.00,15000.00,1,1,NULL,'2025-05-01 09:36:11','2025-05-01 09:36:11'),(179,'DIM SUM','DMSM01','CHINESE STEAM WONTON FILL CHICKEN INSIDE, SAUCE BANGKOK',15,'PORSI',0.00,18000.00,1,1,NULL,'2025-05-01 09:36:11','2025-05-01 09:36:11'),(180,'DIMSUM CRAB VOLCANO','VLCNDMSM','-',15,'PORSI',0.00,22000.00,1,1,NULL,'2025-05-01 09:36:11','2025-05-01 09:36:11'),(181,'DIMSUM MOZARELLA CHEESE','DMSMCHS','-',15,'PORSI',0.00,20000.00,1,1,NULL,'2025-05-01 09:36:11','2025-05-01 09:36:11'),(182,'DUO PLATTER','PLTR','-',15,'PORSI',0.00,18000.00,1,1,NULL,'2025-05-01 09:36:11','2025-05-01 09:36:11'),(183,'ENOKI CRISPY','ENK8','-',15,'PORSI',0.00,18000.00,1,1,NULL,'2025-05-01 09:36:11','2025-05-01 09:36:11'),(184,'FRENCH FRIES BOLOGNESE','FFB02','HAND CUT FRIES CHEESE SAUCE AND BOLOGNESE ON TOP',15,'PORSI',0.00,25000.00,1,1,NULL,'2025-05-01 09:36:11','2025-05-01 09:36:11'),(185,'FRENCH FRIES ORI','FF08','-',15,'PORSI',0.00,15000.00,1,1,NULL,'2025-05-01 09:36:11','2025-05-01 09:36:11'),(186,'FRIED WONTON','FERDWNTN04','CRISPY FRIED WONTON, HONEY MUSTARD AND BOLOGNESE ON TOP',15,'PORSI',0.00,18000.00,1,1,NULL,'2025-05-01 09:36:11','2025-05-01 09:36:11'),(187,'MENDOAN MAGNOLIA','MDNMG06','DEEP FRY SOY BEAN CAKE,ABON SAPI WITH SAMBEL KECAP',15,'PORSI',0.00,18000.00,1,1,NULL,'2025-05-01 09:36:11','2025-05-01 09:36:11'),(188,'PINOKIO','PNKO07','BANANA SPRING ROLL WITH NUTELLA SAUCE ON SIDE DISH',15,'PORSI',0.00,22000.00,1,1,NULL,'2025-05-01 09:36:11','2025-05-01 09:36:11'),(189,'POP CORN','PPC03','HOME MADE NAMUA SALTED POP CORN',15,'PORSI',0.00,10000.00,1,1,NULL,'2025-05-01 09:36:11','2025-05-01 09:36:11'),(190,'ROTI BAKAR COKLAT','RBCKLT3','-',15,'PORSI',0.00,16000.00,1,1,NULL,'2025-05-01 09:36:11','2025-05-01 09:36:11'),(191,'ROTI BAKAR COKLAT + KEJU','RBCK1','-',15,'PORSI',0.00,18000.00,1,1,NULL,'2025-05-01 09:36:11','2025-05-01 09:36:11'),(192,'ROTI BAKAR KEJU','RBK2','-',15,'PORSI',0.00,17000.00,1,1,NULL,'2025-05-01 09:36:11','2025-05-01 09:36:11'),(193,'TAHU CABE GARAM','TCG05','CRISPY TOFU WITH SALTED AND CHILLI PAPPER CINESE STYLE',15,'PORSI',0.00,18000.00,1,1,NULL,'2025-05-01 09:36:11','2025-05-01 09:36:11'),(194,'GEPREK MOZA (TANPA NASI)','MOZAGPRK','-',16,'PORSI',0.00,21000.00,1,1,NULL,'2025-05-01 09:36:11','2025-05-01 09:36:11'),(195,'GEPREK MOZA + NASI','GPRK MZA','-',16,'PORSI',0.00,24000.00,1,1,NULL,'2025-05-01 09:36:11','2025-05-01 09:36:11'),(196,'GEPREK ORIGINAL (TANPA NASI)','ORIGPRK','TANPA NASI ',16,'PORSI',0.00,17000.00,1,1,NULL,'2025-05-01 09:36:11','2025-05-01 09:36:11'),(197,'GEPREK ORIGINAL + NASI','GPRK11','-',16,'PORSI',0.00,20000.00,1,1,NULL,'2025-05-01 09:36:11','2025-05-01 09:36:11'),(198,'MIE IBLIS 1 ','IBLS1','-',16,'PORSI',0.00,15000.00,1,1,NULL,'2025-05-01 09:36:11','2025-05-01 09:36:11'),(199,'MIE IBLIS 2','IBLIS2','-',16,'PORSI',0.00,17000.00,1,1,NULL,'2025-05-01 09:36:11','2025-05-01 09:36:11'),(200,'MIE IBLIS 3','IBLIS3','-',16,'PORSI',0.00,17000.00,1,1,NULL,'2025-05-01 09:36:11','2025-05-01 09:36:11'),(201,'RICE BOWL AYAM CRISPY','RAC5','-',17,'PORSI',0.00,20000.00,1,1,NULL,'2025-05-01 09:36:11','2025-05-01 09:36:11'),(202,'RICE BOWL DORY CANGGU','RDC1','-',17,'PORSI',0.00,22000.00,1,1,NULL,'2025-05-01 09:36:11','2025-05-01 09:36:11'),(203,'RICE BOWL KULIT CRISPY','RKC3','-',17,'PORSI',0.00,18000.00,1,1,NULL,'2025-05-01 09:36:11','2025-05-01 09:36:11'),(204,'RICE BOWL TELUR DADAR','RTD2','-',17,'PORSI',0.00,15000.00,1,1,NULL,'2025-05-01 09:36:11','2025-05-01 09:36:11'),(205,'INDOMIE GORENG KARAGE','IGK1','-',18,'PORSI',0.00,17000.00,1,1,NULL,'2025-05-01 09:36:11','2025-05-01 09:36:11'),(206,'INDOMIE GORENG KARYAWAN','GKRYWN02','-',18,'PORSI',0.00,5000.00,1,1,NULL,'2025-05-01 09:36:11','2025-05-01 09:36:11'),(207,'INDOMIE GORENG TELUR','IGT4','-',18,'PORSI',0.00,16000.00,1,1,NULL,'2025-05-01 09:36:11','2025-05-01 09:36:11'),(208,'INDOMIE REBUS KARYAWAN','KRYWN01','-',18,'PORSI',0.00,5000.00,1,1,NULL,'2025-05-01 09:36:11','2025-05-01 09:36:11'),(209,'INDOMIE REBUS TELUR','IRT5','-',18,'PORSI',0.00,15000.00,1,1,NULL,'2025-05-01 09:36:11','2025-05-01 09:36:11'),(210,'INDOMIE TOMYAM','IT2','-',18,'PORSI',0.00,18000.00,1,1,NULL,'2025-05-01 09:36:11','2025-05-01 09:36:11'),(211,'CHICKEN TAR-TAR SALAD','SLDTR','-',19,'PORSI',0.00,22000.00,1,1,NULL,'2025-05-01 09:36:11','2025-05-01 09:36:11'),(212,'NAMUA SALAD','NMASLD','-',19,'PORSI',0.00,32000.00,1,1,NULL,'2025-05-01 09:36:11','2025-05-01 09:36:11'),(213,'THAI SALAD','THI2','-',19,'PORSI',0.00,25000.00,1,1,NULL,'2025-05-01 09:36:11','2025-05-01 09:36:11'),(214,'BURN MARSHMELLOW','BM021','marshmellow layer ,ting-ting crumble, and ginger cookies',20,'PORSI',0.00,26000.00,1,1,NULL,'2025-05-01 09:36:11','2025-05-01 09:36:11'),(215,'CHOCO BANANA CREPES','CBC020','roll crepes fill banana crush inside, ting-ting crumble & ice cream',20,'PORSI',0.00,22000.00,1,1,NULL,'2025-05-01 09:36:11','2025-05-01 09:36:11'),(216,'CHOCO SWEET BREAD','CHCHSWTBRD','-',20,'PORSI',0.00,26000.00,1,1,NULL,'2025-05-01 09:36:11','2025-05-01 09:36:11'),(217,'DAWET PANNACOTTA','DP021','pandan pannacotta with ice cream & gula aren ',20,'PORSI',0.00,24000.00,1,1,NULL,'2025-05-01 09:36:11','2025-05-01 09:36:11'),(218,'FRENCH TOAST BANANA NUTELLA','FTBN019','bread toast with egg & milk, nutella topping on top, burn banana & ice cream',20,'PORSI',0.00,20000.00,1,1,NULL,'2025-05-01 09:36:11','2025-05-01 09:36:11'),(219,'NAMUA SIGNATURE SWEET BREAD','NMSSWT','-',20,'PORSI',0.00,28000.00,1,1,NULL,'2025-05-01 09:36:11','2025-05-01 09:36:11'),(220,'ARABIAN RICE','AR005','-',21,'PORSI',0.00,15000.00,1,1,NULL,'2025-05-01 09:36:11','2025-05-01 09:36:11'),(221,'BASE GEDE RICE','BGR02','-',21,'PORSI',0.00,11000.00,1,1,NULL,'2025-05-01 09:36:11','2025-05-01 09:36:11'),(222,'GARLIC KEMANGI RICE','GKR003','-',21,'PORSI',0.00,9000.00,1,1,NULL,'2025-05-01 09:36:11','2025-05-01 09:36:11'),(223,'STEAM RICE','SR001','-',21,'PORSI',0.00,6000.00,1,1,NULL,'2025-05-01 09:36:11','2025-05-01 09:36:11'),(224,'UPGRADE ARABIAN RICE','UPARBNRC','-',21,'PORSI',0.00,9000.00,1,1,NULL,'2025-05-01 09:36:11','2025-05-01 09:36:11'),(225,'UPGRADE BASE GEDE RICE','UPBSGD','-',21,'PORSI',0.00,5000.00,1,1,NULL,'2025-05-01 09:36:11','2025-05-01 09:36:11'),(226,'UPGRADE GARLIC KEMANGI RICE','UPGRLCKM','-',21,'PORSI',0.00,9000.00,1,1,NULL,'2025-05-01 09:36:11','2025-05-01 09:36:11'),(227,'UPGRADE YAKIMEZHI RICE','UPYKMZ','-',21,'PORSI',0.00,10000.00,1,1,NULL,'2025-05-01 09:36:11','2025-05-01 09:36:11'),(228,'YAKIMESHI RICE','YR16K','-',21,'PORSI',0.00,16000.00,1,1,NULL,'2025-05-01 09:36:11','2025-05-01 09:36:11'),(229,'BARBEQUE SAUCE','BBQSC01','-',22,'PORSI',0.00,7000.00,1,1,NULL,'2025-05-01 09:36:11','2025-05-01 09:36:11'),(230,'CHEESE SAUCE','CHSSC01','-',22,'PORSI',0.00,8000.00,1,1,NULL,'2025-05-01 09:36:11','2025-05-01 09:36:11'),(231,'Sambal Bawang Geprek','SBG','Sambal Bawang Geprek',22,'PORSI',0.00,5000.00,1,1,NULL,'2025-05-01 09:36:11','2025-05-01 09:36:11'),(232,'SAMBAL DABU-DABU','SMBLDBDB01','-',22,'PORSI',0.00,5000.00,1,1,NULL,'2025-05-01 09:36:11','2025-05-01 09:36:11'),(233,'SAMBAL KECAP','SMBLKTJ01','-',22,'PORSI',0.00,7000.00,1,1,NULL,'2025-05-01 09:36:11','2025-05-01 09:36:11'),(234,'SAMBAL MATAH','SMBLMTH','-',22,'PORSI',0.00,6000.00,1,1,NULL,'2025-05-01 09:36:11','2025-05-01 09:36:11'),(235,'SAUCE BANGKOK','SCBNGK01','-',22,'PORSI',0.00,5000.00,1,1,NULL,'2025-05-01 09:36:11','2025-05-01 09:36:11'),(236,'TAR-TAR MAYO','TRTRMY01','-',22,'PORSI',0.00,7000.00,1,1,NULL,'2025-05-01 09:36:11','2025-05-01 09:36:11'),(237,'TERIYAKI SAUCE','TRYKSC01','-',22,'PORSI',0.00,6000.00,1,1,NULL,'2025-05-01 09:36:11','2025-05-01 09:36:11'),(238,'ADDITIONAL FRIED WONTON','FRDWNTN02','-',23,'PORSI',0.00,5000.00,1,1,NULL,'2025-05-01 09:36:11','2025-05-01 09:36:11'),(239,'CRACKERS','CRCKRS01','-',23,'PORSI',0.00,5000.00,1,1,NULL,'2025-05-01 09:36:11','2025-05-01 09:36:11'),(240,'EMPING CRACKERS','EMPNGCR01','-',23,'PORSI',0.00,5000.00,1,1,NULL,'2025-05-01 09:36:11','2025-05-01 09:36:11'),(241,'PAPER BOX','Pprbx0','-',23,'PCS',0.00,1000.00,1,1,NULL,'2025-05-01 09:36:11','2025-05-01 09:36:11'),(242,'TELOR','TLR01','-',23,'PORSI',0.00,5000.00,1,1,NULL,'2025-05-01 09:36:11','2025-05-01 09:36:11'),(243,'BENTO BOX CHICKEN KATSU YAKIMEZHI','BBCYKMZ01','-',25,'PORSI',0.00,15000.00,1,1,NULL,'2025-05-01 09:36:11','2025-05-01 09:36:11'),(244,'JUMAT BERKAH AYAM GORENG','JMTAYM02','-',25,'PORSI',0.00,10000.00,1,1,NULL,'2025-05-01 09:36:11','2025-05-01 09:36:11'),(245,'JUMAT BERKAH PACKAGE','JMTBRKH01','-',25,'PORSI',0.00,10000.00,1,1,NULL,'2025-05-01 09:36:11','2025-05-01 09:36:11'),(246,'JUMAT BERKAH TELOR BALADO','JBBALADO','-',25,'PORSI',0.00,10000.00,1,1,NULL,'2025-05-01 09:36:11','2025-05-01 09:36:11'),(247,'BEEF TENGKLENG','BFTNGKLNG','-',26,'PORSI',0.00,45000.00,1,0,NULL,'2025-05-01 09:36:11','2025-05-01 09:36:11'),(248,'BIRTHDAY 10 PAX','BRTDY77','-',26,'PAKET',0.00,500000.00,1,1,NULL,'2025-05-01 09:36:11','2025-05-01 09:36:11'),(249,'BIRTHDAY 4 PAX','BRTDY55','-',26,'PAKET',0.00,200000.00,1,1,NULL,'2025-05-01 09:36:11','2025-05-01 09:36:11'),(250,'BUFFET PAKET 1','bfft01','-',26,'PORSI',0.00,55000.00,1,1,NULL,'2025-05-01 09:36:11','2025-05-01 09:36:11'),(251,'CLEO 1 KARTON','KRTN','-',26,'KARTON',0.00,30000.00,1,1,NULL,'2025-05-01 09:36:11','2025-05-01 09:36:11'),(252,'CLEO BOTOL 1 KARTON','BTLKRTN','-',26,'KARTON',0.00,45000.00,1,1,NULL,'2025-05-01 09:36:11','2025-05-01 09:36:11'),(253,'EVENT BLACK COFFEE','EBC20PX','-',26,'TERMOS',0.00,70000.00,1,1,NULL,'2025-05-01 09:36:11','2025-05-01 09:36:11'),(254,'JUMBO TEA ICE/HOT','ICTEA20PX','-',26,'TERMOS',0.00,55000.00,1,1,NULL,'2025-05-01 09:36:11','2025-05-01 09:36:11'),(255,'KOPI LELET 5L','PKTLLT','-',26,'PAKET',0.00,50000.00,1,1,NULL,'2025-05-01 09:36:11','2025-05-01 09:36:11'),(256,'LE MINERAL 600ML','Lemnrl11','24btl',26,'DUS',0.00,55000.00,1,1,NULL,'2025-05-01 09:36:11','2025-05-01 09:36:11'),(257,'NASI BOX ','NSBOX','-',26,'PORSI',0.00,35000.00,1,1,NULL,'2025-05-01 09:36:11','2025-05-01 09:36:11'),(258,'NASI BOX  AYAM GORENG','NSBX25K','Nasi box 25k',26,'PORSI',0.00,25000.00,1,1,NULL,'2025-05-01 09:36:11','2025-05-01 09:36:11'),(259,'NASI BOX AYAM BAKAR','aymbkr01','-',26,'BOX',0.00,30000.00,1,1,NULL,'2025-05-01 09:36:11','2025-05-01 09:36:11'),(260,'NASI BOX AYAM BALADO','BAB11','-',26,'BOKS',0.00,30000.00,1,1,NULL,'2025-05-01 09:36:11','2025-05-01 09:36:11'),(261,'NASI BOX AYAM BALADO  25K','NSBKSKL','-',26,'PORSI',0.00,25000.00,1,1,NULL,'2025-05-01 09:36:11','2025-05-01 09:36:11'),(262,'NASI BOX AYAM CRISPY','NSBX','-',26,'BOX',0.00,25000.00,1,1,NULL,'2025-05-01 09:36:11','2025-05-01 09:36:11'),(263,'NASI BOX AYAM KREMES','NSBOX11','-',26,'BOKS',0.00,28000.00,1,1,NULL,'2025-05-01 09:36:11','2025-05-01 09:36:11'),(264,'NASI BOX AYAM SONGKEM','AYMSNGKMBX','-',26,'PORSI',0.00,30000.00,1,1,NULL,'2025-05-01 09:36:11','2025-05-01 09:36:11'),(265,'NASI BOX BEEF','BEEF','-',26,'PORSI',0.00,30000.00,1,1,NULL,'2025-05-01 09:36:11','2025-05-01 09:36:11'),(266,'NIKI UDON','NKIUDN','-',26,'PORSI',0.00,35000.00,1,1,NULL,'2025-05-01 09:36:11','2025-05-01 09:36:11'),(267,'SNACK BOX','SNCKBX01','-',26,'BOX',0.00,13000.00,0,1,NULL,'2025-05-01 09:36:11','2025-05-01 09:36:11'),(268,'SUMASHIJIRU UDON','SMSHJR','-',26,'PORSI',0.00,30000.00,1,1,NULL,'2025-05-01 09:36:11','2025-05-01 09:36:11'),(269,'Bowl TA','bowl1','-',23,'PCS',0.00,2000.00,1,1,NULL,'2025-05-01 09:36:11','2025-05-01 09:36:11');
/*!40000 ALTER TABLE `pr_produk` ENABLE KEYS */;
UNLOCK TABLES;

--
-- Table structure for table `pr_produksi_base`
--

DROP TABLE IF EXISTS `pr_produksi_base`;
/*!40101 SET @saved_cs_client     = @@character_set_client */;
/*!40101 SET character_set_client = utf8 */;
CREATE TABLE `pr_produksi_base` (
  `id` int(11) NOT NULL AUTO_INCREMENT,
  `pr_base_id` int(11) DEFAULT NULL,
  `jumlah_dihasilkan` decimal(10,2) DEFAULT NULL,
  `divisi_id` int(11) DEFAULT NULL,
  `catatan` text DEFAULT NULL,
  `created_at` datetime DEFAULT current_timestamp(),
  PRIMARY KEY (`id`) USING BTREE,
  KEY `pr_base_id` (`pr_base_id`) USING BTREE,
  KEY `divisi_id` (`divisi_id`) USING BTREE,
  CONSTRAINT `pr_produksi_base_ibfk_1` FOREIGN KEY (`pr_base_id`) REFERENCES `pr_base` (`id`),
  CONSTRAINT `pr_produksi_base_ibfk_2` FOREIGN KEY (`divisi_id`) REFERENCES `pr_divisi` (`id`)
) ENGINE=InnoDB DEFAULT CHARSET=utf8 COLLATE=utf8_general_ci ROW_FORMAT=DYNAMIC;
/*!40101 SET character_set_client = @saved_cs_client */;

--
-- Dumping data for table `pr_produksi_base`
--

LOCK TABLES `pr_produksi_base` WRITE;
/*!40000 ALTER TABLE `pr_produksi_base` DISABLE KEYS */;
/*!40000 ALTER TABLE `pr_produksi_base` ENABLE KEYS */;
UNLOCK TABLES;

--
-- Table structure for table `pr_produk_extra`
--

DROP TABLE IF EXISTS `pr_produk_extra`;
/*!40101 SET @saved_cs_client     = @@character_set_client */;
/*!40101 SET character_set_client = utf8 */;
CREATE TABLE `pr_produk_extra` (
  `id` int(11) NOT NULL AUTO_INCREMENT,
  `sku` varchar(50) DEFAULT NULL,
  `nama_extra` varchar(100) DEFAULT NULL,
  `satuan` varchar(50) DEFAULT NULL,
  `harga` int(11) DEFAULT 0,
  `hpp` int(11) DEFAULT 0,
  `status` enum('aktif','nonaktif') DEFAULT 'aktif',
  `created_at` datetime DEFAULT NULL,
  `updated_at` datetime DEFAULT current_timestamp() ON UPDATE current_timestamp(),
  PRIMARY KEY (`id`) USING BTREE
) ENGINE=InnoDB AUTO_INCREMENT=7 DEFAULT CHARSET=utf8 COLLATE=utf8_general_ci ROW_FORMAT=DYNAMIC;
/*!40101 SET character_set_client = @saved_cs_client */;

--
-- Dumping data for table `pr_produk_extra`
--

LOCK TABLES `pr_produk_extra` WRITE;
/*!40000 ALTER TABLE `pr_produk_extra` DISABLE KEYS */;
INSERT INTO `pr_produk_extra` VALUES (1,'CUP HOT TA','PCS','1000',1500,800,'aktif','2025-03-27 10:43:30','2025-05-01 09:56:58'),(2,'CUP ICE TA','PCS','1500',1500,800,'aktif','2025-03-27 10:43:30','2025-05-01 09:56:58'),(3,'PAPER BOX M','PCS','2000',0,0,'aktif','2025-03-27 10:43:30','2025-05-01 09:57:13'),(4,'PAPER BOX L','PCS','2000',0,0,'aktif','2025-03-27 10:43:30','2025-05-01 09:57:13'),(5,'CUP ICE DINE IN','PCS','0',0,0,'aktif','2025-03-27 10:43:30','2025-05-01 09:57:13'),(6,'PAPER BOWL','PCS','2000',0,0,'aktif','2025-03-27 10:43:30','2025-05-01 09:57:13');
/*!40000 ALTER TABLE `pr_produk_extra` ENABLE KEYS */;
UNLOCK TABLES;

--
-- Table structure for table `pr_refund`
--

DROP TABLE IF EXISTS `pr_refund`;
/*!40101 SET @saved_cs_client     = @@character_set_client */;
/*!40101 SET character_set_client = utf8 */;
CREATE TABLE `pr_refund` (
  `id` int(11) NOT NULL AUTO_INCREMENT,
  `kode_refund` varchar(20) DEFAULT NULL,
  `pr_transaksi_id` int(11) NOT NULL,
  `no_transaksi` varchar(50) NOT NULL,
  `pr_detail_transaksi_id` int(11) DEFAULT NULL,
  `pr_produk_id` int(11) DEFAULT NULL,
  `nama_produk` varchar(255) DEFAULT NULL,
  `detail_extra_id` int(11) DEFAULT NULL,
  `produk_extra_id` int(11) DEFAULT NULL,
  `nama_extra` varchar(255) DEFAULT NULL,
  `jumlah` int(11) NOT NULL DEFAULT 1,
  `harga` int(11) NOT NULL DEFAULT 0,
  `catatan` text DEFAULT NULL,
  `alasan` text NOT NULL,
  `refund_by` varchar(100) NOT NULL,
  `metode_pembayaran_id` int(11) DEFAULT NULL,
  `waktu_refund` datetime NOT NULL,
  `created_at` datetime DEFAULT current_timestamp(),
  `updated_at` datetime DEFAULT current_timestamp() ON UPDATE current_timestamp(),
  PRIMARY KEY (`id`) USING BTREE
) ENGINE=InnoDB AUTO_INCREMENT=15 DEFAULT CHARSET=utf8mb4 COLLATE=utf8mb4_general_ci ROW_FORMAT=DYNAMIC;
/*!40101 SET character_set_client = @saved_cs_client */;

--
-- Dumping data for table `pr_refund`
--

LOCK TABLES `pr_refund` WRITE;
/*!40000 ALTER TABLE `pr_refund` DISABLE KEYS */;
INSERT INTO `pr_refund` VALUES (8,'RF/250430/0001',20,'CS/63/250429/0018',55,25,'BEBEK BUMBU IRENG MADURA (JUMBO) + NASI',NULL,NULL,NULL,1,60000,'Refund produk','asa','99',1,'2025-04-30 22:42:27','2025-04-30 22:42:27','2025-04-30 22:42:27'),(9,'RF/250430/0001',20,'CS/63/250429/0018',55,25,'BEBEK BUMBU IRENG MADURA (JUMBO) + NASI',1,2,'PAPPER BOX',1,1500,'Refund extra','asa','99',1,'2025-04-30 22:42:27','2025-04-30 22:42:27','2025-04-30 22:42:27'),(10,'RF/250430/0002',20,'CS/63/250429/0018',56,25,'BEBEK BUMBU IRENG MADURA (JUMBO) + NASI',NULL,NULL,NULL,1,60000,'Refund produk','asaaa','99',1,'2025-04-30 22:53:12','2025-04-30 22:53:12','2025-04-30 22:53:12'),(11,'RF/250430/0002',20,'CS/63/250429/0018',56,25,'BEBEK BUMBU IRENG MADURA (JUMBO) + NASI',2,1,'PAPER BOWL',1,1500,'Refund extra','asaaa','99',1,'2025-04-30 22:53:12','2025-04-30 22:53:12','2025-04-30 22:53:12'),(12,'RF/250430/0002',20,'CS/63/250429/0018',56,25,'BEBEK BUMBU IRENG MADURA (JUMBO) + NASI',3,2,'PAPPER BOX',1,1500,'Refund extra','asaaa','99',1,'2025-04-30 22:53:12','2025-04-30 22:53:12','2025-04-30 22:53:12'),(13,'RF/250430/0003',20,'CS/63/250429/0018',53,25,'BEBEK BUMBU IRENG MADURA (JUMBO) + NASI',NULL,NULL,NULL,1,60000,'Refund produk','saa','99',1,'2025-04-30 22:53:45','2025-04-30 22:53:45','2025-04-30 22:53:45'),(14,'RF/250430/0003',20,'CS/63/250429/0018',54,25,'BEBEK BUMBU IRENG MADURA (JUMBO) + NASI',NULL,NULL,NULL,1,60000,'Refund produk','saa','99',1,'2025-04-30 22:53:45','2025-04-30 22:53:45','2025-04-30 22:53:45');
/*!40000 ALTER TABLE `pr_refund` ENABLE KEYS */;
UNLOCK TABLES;

--
-- Table structure for table `pr_resep_base`
--

DROP TABLE IF EXISTS `pr_resep_base`;
/*!40101 SET @saved_cs_client     = @@character_set_client */;
/*!40101 SET character_set_client = utf8 */;
CREATE TABLE `pr_resep_base` (
  `id` int(11) NOT NULL AUTO_INCREMENT,
  `pr_base_id` int(11) NOT NULL,
  `bahan_id` int(11) NOT NULL,
  `jumlah` decimal(10,2) DEFAULT NULL,
  `satuan` varchar(20) DEFAULT NULL,
  `hpp` decimal(15,2) DEFAULT 0.00,
  `hpp_dinamis` decimal(15,2) DEFAULT NULL,
  `created_at` datetime DEFAULT current_timestamp(),
  `updated_at` datetime DEFAULT current_timestamp() ON UPDATE current_timestamp(),
  PRIMARY KEY (`id`) USING BTREE,
  KEY `fk_pr_base` (`pr_base_id`) USING BTREE,
  KEY `fk_bahan_id` (`bahan_id`) USING BTREE,
  CONSTRAINT `fk_bahan_id` FOREIGN KEY (`bahan_id`) REFERENCES `bl_db_belanja` (`id`),
  CONSTRAINT `fk_pr_base` FOREIGN KEY (`pr_base_id`) REFERENCES `pr_base` (`id`),
  CONSTRAINT `pr_resep_base_ibfk_1` FOREIGN KEY (`pr_base_id`) REFERENCES `pr_base` (`id`),
  CONSTRAINT `pr_resep_base_ibfk_2` FOREIGN KEY (`bahan_id`) REFERENCES `bl_db_belanja` (`id`)
) ENGINE=InnoDB DEFAULT CHARSET=utf8 COLLATE=utf8_general_ci ROW_FORMAT=DYNAMIC;
/*!40101 SET character_set_client = @saved_cs_client */;

--
-- Dumping data for table `pr_resep_base`
--

LOCK TABLES `pr_resep_base` WRITE;
/*!40000 ALTER TABLE `pr_resep_base` DISABLE KEYS */;
/*!40000 ALTER TABLE `pr_resep_base` ENABLE KEYS */;
UNLOCK TABLES;

--
-- Table structure for table `pr_resep_produk`
--

DROP TABLE IF EXISTS `pr_resep_produk`;
/*!40101 SET @saved_cs_client     = @@character_set_client */;
/*!40101 SET character_set_client = utf8 */;
CREATE TABLE `pr_resep_produk` (
  `id` int(11) NOT NULL AUTO_INCREMENT,
  `pr_produk_id` int(11) DEFAULT NULL,
  `jenis` enum('bahan_baku','base') NOT NULL,
  `bahan_id` int(11) DEFAULT NULL,
  `jumlah` decimal(10,2) DEFAULT NULL,
  `satuan` varchar(20) DEFAULT NULL,
  `hpp` decimal(15,2) DEFAULT 0.00,
  `hpp_dinamis` decimal(15,2) DEFAULT NULL,
  `created_at` datetime DEFAULT current_timestamp(),
  `updated_at` datetime DEFAULT current_timestamp() ON UPDATE current_timestamp(),
  PRIMARY KEY (`id`) USING BTREE,
  KEY `pr_produk_id` (`pr_produk_id`) USING BTREE,
  CONSTRAINT `pr_resep_produk_ibfk_1` FOREIGN KEY (`pr_produk_id`) REFERENCES `pr_produk` (`id`)
) ENGINE=InnoDB DEFAULT CHARSET=utf8 COLLATE=utf8_general_ci ROW_FORMAT=DYNAMIC;
/*!40101 SET character_set_client = @saved_cs_client */;

--
-- Dumping data for table `pr_resep_produk`
--

LOCK TABLES `pr_resep_produk` WRITE;
/*!40000 ALTER TABLE `pr_resep_produk` DISABLE KEYS */;
/*!40000 ALTER TABLE `pr_resep_produk` ENABLE KEYS */;
UNLOCK TABLES;

--
-- Table structure for table `pr_reservasi`
--

DROP TABLE IF EXISTS `pr_reservasi`;
/*!40101 SET @saved_cs_client     = @@character_set_client */;
/*!40101 SET character_set_client = utf8 */;
CREATE TABLE `pr_reservasi` (
  `id` int(11) NOT NULL AUTO_INCREMENT,
  `customer_id` int(11) DEFAULT NULL,
  `nama_customer` varchar(100) DEFAULT NULL,
  `no_hp` varchar(15) DEFAULT NULL,
  `tanggal` date DEFAULT NULL,
  `jam` time DEFAULT NULL,
  `jumlah_orang` int(11) DEFAULT NULL,
  `catatan` text DEFAULT NULL,
  `total_bayar` decimal(10,2) DEFAULT NULL,
  `created_at` timestamp NULL DEFAULT current_timestamp(),
  `updated_at` datetime DEFAULT current_timestamp() ON UPDATE current_timestamp(),
  `status` enum('menunggu','diterima','selesai','batal') DEFAULT 'menunggu',
  PRIMARY KEY (`id`) USING BTREE
) ENGINE=InnoDB AUTO_INCREMENT=11 DEFAULT CHARSET=utf8 COLLATE=utf8_general_ci ROW_FORMAT=DYNAMIC;
/*!40101 SET character_set_client = @saved_cs_client */;

--
-- Dumping data for table `pr_reservasi`
--

LOCK TABLES `pr_reservasi` WRITE;
/*!40000 ALTER TABLE `pr_reservasi` DISABLE KEYS */;
INSERT INTO `pr_reservasi` VALUES (9,0,'ADEL','082241959230','2025-03-27','17:15:00',6,'',259000.00,'2025-03-26 08:40:26','2025-03-26 15:40:43','menunggu'),(10,0,'alif','+62 817-7573-13','2025-03-29','17:30:00',10,'',539000.00,'2025-03-27 06:09:14','2025-03-27 13:33:52','menunggu');
/*!40000 ALTER TABLE `pr_reservasi` ENABLE KEYS */;
UNLOCK TABLES;

--
-- Table structure for table `pr_reservasi_detail`
--

DROP TABLE IF EXISTS `pr_reservasi_detail`;
/*!40101 SET @saved_cs_client     = @@character_set_client */;
/*!40101 SET character_set_client = utf8 */;
CREATE TABLE `pr_reservasi_detail` (
  `id` int(11) NOT NULL AUTO_INCREMENT,
  `reservasi_id` int(11) DEFAULT NULL,
  `produk_id` int(11) DEFAULT NULL,
  `qty` int(11) DEFAULT NULL,
  `catatan` text DEFAULT NULL,
  `harga` decimal(10,2) DEFAULT NULL,
  `created_at` datetime DEFAULT current_timestamp(),
  `updated_at` datetime DEFAULT current_timestamp() ON UPDATE current_timestamp(),
  PRIMARY KEY (`id`) USING BTREE
) ENGINE=InnoDB AUTO_INCREMENT=174 DEFAULT CHARSET=utf8 COLLATE=utf8_general_ci ROW_FORMAT=DYNAMIC;
/*!40101 SET character_set_client = @saved_cs_client */;

--
-- Dumping data for table `pr_reservasi_detail`
--

LOCK TABLES `pr_reservasi_detail` WRITE;
/*!40000 ALTER TABLE `pr_reservasi_detail` DISABLE KEYS */;
INSERT INTO `pr_reservasi_detail` VALUES (107,9,128,1,'',20000.00,'2025-03-26 14:40:43','2025-03-26 14:40:43'),(108,9,255,1,'',20000.00,'2025-03-26 14:40:43','2025-03-26 14:40:43'),(109,9,176,1,'',20000.00,'2025-03-26 14:40:43','2025-03-26 14:40:43'),(110,9,111,1,'',18000.00,'2025-03-26 14:40:43','2025-03-26 14:40:43'),(111,9,249,1,'',32000.00,'2025-03-26 14:40:43','2025-03-26 14:40:43'),(112,9,202,1,'',22000.00,'2025-03-26 14:40:43','2025-03-26 14:40:43'),(113,9,38,1,'',10000.00,'2025-03-26 14:40:43','2025-03-26 14:40:43'),(114,9,16,1,'',25000.00,'2025-03-26 14:40:43','2025-03-26 14:40:43'),(115,9,218,1,'',22000.00,'2025-03-26 14:40:43','2025-03-26 14:40:43'),(116,9,258,1,'',17000.00,'2025-03-26 14:40:43','2025-03-26 14:40:43'),(117,9,40,1,'',18000.00,'2025-03-26 14:40:43','2025-03-26 14:40:43'),(118,9,220,1,'',15000.00,'2025-03-26 14:40:43','2025-03-26 14:40:43'),(119,9,87,1,'',20000.00,'2025-03-26 14:40:43','2025-03-26 14:40:43'),(147,10,131,1,'',30000.00,'2025-03-27 12:33:53','2025-03-27 12:33:53'),(148,10,163,1,'',16000.00,'2025-03-27 12:33:53','2025-03-27 12:33:53'),(149,10,185,1,'',4000.00,'2025-03-27 12:33:53','2025-03-27 12:33:53'),(150,10,217,1,'bawang ',20000.00,'2025-03-27 12:33:53','2025-03-27 12:33:53'),(151,10,87,1,'',20000.00,'2025-03-27 12:33:53','2025-03-27 12:33:53'),(152,10,115,1,'',28000.00,'2025-03-27 12:33:53','2025-03-27 12:33:53'),(153,10,122,1,'',18000.00,'2025-03-27 12:33:53','2025-03-27 12:33:53'),(154,10,168,1,'',17000.00,'2025-03-27 12:33:53','2025-03-27 12:33:53'),(155,10,257,1,'',21000.00,'2025-03-27 12:33:53','2025-03-27 12:33:53'),(156,10,217,1,'bawang',20000.00,'2025-03-27 12:33:53','2025-03-27 12:33:53'),(157,10,258,1,'',17000.00,'2025-03-27 12:33:53','2025-03-27 12:33:53'),(158,10,9,1,'',68000.00,'2025-03-27 12:33:53','2025-03-27 12:33:53'),(159,10,168,1,'',17000.00,'2025-03-27 12:33:53','2025-03-27 12:33:53'),(160,10,218,1,'garlic kemangi, bawang',22000.00,'2025-03-27 12:33:53','2025-03-27 12:33:53'),(161,10,123,1,'rb dory',9000.00,'2025-03-27 12:33:53','2025-03-27 12:33:53'),(162,10,185,1,'',4000.00,'2025-03-27 12:33:53','2025-03-27 12:33:53'),(163,10,18,1,'',32000.00,'2025-03-27 12:33:53','2025-03-27 12:33:53'),(164,10,258,1,'',17000.00,'2025-03-27 12:33:53','2025-03-27 12:33:53'),(165,10,122,1,'',18000.00,'2025-03-27 12:33:53','2025-03-27 12:33:53'),(166,10,217,1,'bawang',20000.00,'2025-03-27 12:33:53','2025-03-27 12:33:53'),(167,10,257,1,'',21000.00,'2025-03-27 12:33:53','2025-03-27 12:33:53'),(168,10,185,2,'',4000.00,'2025-03-27 12:33:53','2025-03-27 12:33:53'),(169,10,75,1,'',32000.00,'2025-03-27 12:33:53','2025-03-27 12:33:53'),(170,10,40,1,'',18000.00,'2025-03-27 12:33:53','2025-03-27 12:33:53'),(171,10,217,1,'bawang',20000.00,'2025-03-27 12:33:53','2025-03-27 12:33:53'),(172,10,185,1,'',4000.00,'2025-03-27 12:33:53','2025-03-27 12:33:53'),(173,10,40,1,'',18000.00,'2025-03-27 12:33:53','2025-03-27 12:33:53');
/*!40000 ALTER TABLE `pr_reservasi_detail` ENABLE KEYS */;
UNLOCK TABLES;

--
-- Table structure for table `pr_reservasi_meja`
--

DROP TABLE IF EXISTS `pr_reservasi_meja`;
/*!40101 SET @saved_cs_client     = @@character_set_client */;
/*!40101 SET character_set_client = utf8 */;
CREATE TABLE `pr_reservasi_meja` (
  `id` int(11) NOT NULL AUTO_INCREMENT,
  `reservasi_id` int(11) DEFAULT NULL,
  `meja_id` int(11) NOT NULL,
  `tanggal` date DEFAULT NULL,
  `created_at` datetime DEFAULT current_timestamp(),
  `updated_at` datetime DEFAULT current_timestamp() ON UPDATE current_timestamp(),
  PRIMARY KEY (`id`) USING BTREE,
  KEY `reservasi_id` (`reservasi_id`) USING BTREE,
  KEY `meja_id` (`meja_id`) USING BTREE,
  CONSTRAINT `pr_reservasi_meja_ibfk_1` FOREIGN KEY (`reservasi_id`) REFERENCES `pr_reservasi` (`id`) ON DELETE CASCADE,
  CONSTRAINT `pr_reservasi_meja_ibfk_2` FOREIGN KEY (`meja_id`) REFERENCES `pr_meja` (`id`) ON DELETE CASCADE
) ENGINE=InnoDB AUTO_INCREMENT=23 DEFAULT CHARSET=utf8 COLLATE=utf8_general_ci ROW_FORMAT=DYNAMIC;
/*!40101 SET character_set_client = @saved_cs_client */;

--
-- Dumping data for table `pr_reservasi_meja`
--

LOCK TABLES `pr_reservasi_meja` WRITE;
/*!40000 ALTER TABLE `pr_reservasi_meja` DISABLE KEYS */;
INSERT INTO `pr_reservasi_meja` VALUES (19,NULL,1,'2025-03-26','2025-03-26 02:02:14','2025-03-26 02:02:14'),(20,NULL,2,'2025-03-26','2025-03-26 02:02:14','2025-03-26 02:02:14'),(21,NULL,3,'2025-03-26','2025-03-26 02:02:14','2025-03-26 02:02:14'),(22,NULL,4,'2025-03-26','2025-03-26 02:02:47','2025-03-26 02:02:47');
/*!40000 ALTER TABLE `pr_reservasi_meja` ENABLE KEYS */;
UNLOCK TABLES;

--
-- Table structure for table `pr_stok_bahan_baku`
--

DROP TABLE IF EXISTS `pr_stok_bahan_baku`;
/*!40101 SET @saved_cs_client     = @@character_set_client */;
/*!40101 SET character_set_client = utf8 */;
CREATE TABLE `pr_stok_bahan_baku` (
  `id` int(11) NOT NULL AUTO_INCREMENT,
  `bahan_id` int(11) NOT NULL,
  `divisi_id` int(11) NOT NULL,
  `stok_awal` decimal(10,2) DEFAULT 0.00,
  `stok_masuk` decimal(10,2) DEFAULT 0.00,
  `stok_keluar` decimal(10,2) DEFAULT 0.00,
  `stok_penyesuaian` decimal(10,2) DEFAULT 0.00,
  `stok_sisa` decimal(10,2) DEFAULT 0.00,
  `hpp` decimal(15,2) DEFAULT 0.00,
  `created_at` datetime DEFAULT current_timestamp(),
  `updated_at` datetime DEFAULT current_timestamp() ON UPDATE current_timestamp(),
  PRIMARY KEY (`id`) USING BTREE,
  KEY `bahan_id` (`bahan_id`) USING BTREE,
  KEY `divisi_id` (`divisi_id`) USING BTREE,
  CONSTRAINT `pr_stok_bahan_baku_ibfk_1` FOREIGN KEY (`bahan_id`) REFERENCES `bl_db_belanja` (`id`),
  CONSTRAINT `pr_stok_bahan_baku_ibfk_2` FOREIGN KEY (`divisi_id`) REFERENCES `bl_divisi` (`id`)
) ENGINE=InnoDB AUTO_INCREMENT=131 DEFAULT CHARSET=utf8 COLLATE=utf8_general_ci ROW_FORMAT=DYNAMIC;
/*!40101 SET character_set_client = @saved_cs_client */;

--
-- Dumping data for table `pr_stok_bahan_baku`
--

LOCK TABLES `pr_stok_bahan_baku` WRITE;
/*!40000 ALTER TABLE `pr_stok_bahan_baku` DISABLE KEYS */;
INSERT INTO `pr_stok_bahan_baku` VALUES (6,66,2,0.00,0.00,0.00,0.00,0.00,110.00,'2025-04-07 00:41:14','2025-04-07 01:41:23'),(7,147,2,0.00,37.00,0.00,0.00,37.00,1588.24,'2025-04-07 14:22:06','2025-04-26 11:56:44'),(8,111,2,0.00,1.00,0.00,0.00,1.00,1100.00,'2025-04-07 14:25:59','2025-04-07 14:25:59'),(9,102,2,0.00,1.00,0.00,0.00,1.00,428.00,'2025-04-07 14:27:06','2025-04-07 14:27:06'),(10,406,2,0.00,1.00,0.00,0.00,1.00,38.00,'2025-04-07 14:28:22','2025-04-07 14:28:22'),(11,190,2,0.00,3.00,0.00,0.00,3.00,24.70,'2025-04-07 14:30:07','2025-04-26 13:57:07'),(12,226,2,0.00,19.00,0.00,0.00,19.00,150.00,'2025-04-07 14:33:55','2025-04-26 11:24:33'),(13,328,2,0.00,10.00,0.00,0.00,10.00,33.33,'2025-04-07 14:35:12','2025-04-27 13:24:28'),(14,348,2,0.00,14.00,0.00,0.00,14.00,36.00,'2025-04-07 14:35:54','2025-04-26 09:47:37'),(15,57,2,0.00,14.00,0.00,0.00,14.00,10.00,'2025-04-07 14:36:40','2025-04-29 09:06:52'),(16,292,1,0.00,3.00,0.00,0.00,3.00,85.00,'2025-04-07 14:37:28','2025-04-28 09:48:55'),(17,293,1,0.00,3.00,0.00,0.00,3.00,85.00,'2025-04-07 14:38:17','2025-04-28 09:48:37'),(18,215,1,0.00,37.00,0.00,0.00,37.00,1.38,'2025-04-07 14:47:36','2025-04-28 11:44:36'),(19,313,2,0.00,10.00,0.00,0.00,10.00,96.00,'2025-04-07 14:58:30','2025-04-28 09:49:52'),(20,264,2,0.00,3.00,0.00,0.00,3.00,44.00,'2025-04-07 16:06:44','2025-04-21 14:41:35'),(21,369,2,0.00,2.00,0.00,0.00,2.00,44.00,'2025-04-07 16:09:20','2025-04-14 14:29:11'),(22,268,2,0.00,1.00,0.00,0.00,1.00,29.00,'2025-04-07 16:12:04','2025-04-07 16:12:04'),(23,266,2,0.00,23.00,0.00,0.00,23.00,30000.00,'2025-04-07 16:14:45','2025-04-21 14:42:50'),(24,267,2,0.00,20.00,0.00,0.00,20.00,67000.00,'2025-04-08 11:40:19','2025-04-24 11:03:05'),(25,47,2,0.00,2.00,0.00,0.00,2.00,120.00,'2025-04-08 11:56:41','2025-04-13 11:25:42'),(26,334,2,0.00,10.00,0.00,0.00,10.00,4000.00,'2025-04-08 12:00:01','2025-04-19 11:10:34'),(27,190,1,0.00,36.00,0.00,0.00,36.00,17.08,'2025-04-08 12:11:01','2025-04-14 14:27:02'),(28,194,1,0.00,2.00,0.00,0.00,2.00,31.25,'2025-04-08 13:23:59','2025-04-08 13:23:59'),(29,94,2,0.00,22.00,0.00,0.00,22.00,3400.00,'2025-04-08 14:16:22','2025-04-21 09:09:05'),(30,95,2,0.00,23.00,0.00,0.00,23.00,3200.00,'2025-04-08 14:24:14','2025-04-23 08:39:29'),(31,142,2,0.00,2.00,0.00,0.00,2.00,19.30,'2025-04-08 14:25:59','2025-04-18 12:38:16'),(32,188,2,0.00,1.00,0.00,0.00,1.00,35.71,'2025-04-08 14:26:54','2025-04-08 14:26:54'),(33,105,2,0.00,2.00,0.00,0.00,2.00,117.50,'2025-04-08 14:28:48','2025-04-18 12:37:47'),(34,44,2,0.00,4.00,0.00,0.00,4.00,35.00,'2025-04-08 14:29:13','2025-04-21 09:14:40'),(35,85,2,0.00,8.00,0.00,0.00,8.00,27.00,'2025-04-08 14:29:42','2025-04-26 11:24:13'),(36,204,2,0.00,16.00,0.00,0.00,16.00,350.00,'2025-04-08 14:30:17','2025-04-29 09:07:06'),(37,225,2,0.00,2.00,0.00,0.00,2.00,180.00,'2025-04-08 14:31:22','2025-04-08 14:31:22'),(38,109,2,0.00,3.00,0.00,0.00,3.00,142.00,'2025-04-08 14:32:21','2025-04-28 09:45:12'),(39,491,2,0.00,1.00,0.00,0.00,1.00,48.50,'2025-04-08 14:34:53','2025-04-08 14:34:53'),(40,81,2,0.00,1.00,0.00,0.00,1.00,74.00,'2025-04-08 14:35:34','2025-04-08 14:35:34'),(41,72,2,0.00,5.00,0.00,0.00,5.00,15.00,'2025-04-08 14:36:34','2025-04-25 09:13:19'),(42,134,1,0.00,2.00,0.00,0.00,2.00,76.00,'2025-04-08 14:37:12','2025-04-23 08:39:00'),(43,52,1,0.00,2.00,0.00,0.00,2.00,1425.00,'2025-04-08 14:38:21','2025-04-08 14:38:21'),(44,148,2,0.00,14.00,0.00,0.00,14.00,20.00,'2025-04-08 14:40:30','2025-04-27 13:24:10'),(45,365,2,0.00,4.00,0.00,0.00,4.00,16.47,'2025-04-08 14:41:54','2025-04-29 09:07:19'),(46,296,2,0.00,7.00,0.00,0.00,7.00,43.00,'2025-04-08 14:44:53','2025-04-26 09:48:56'),(47,316,2,0.00,8.00,0.00,0.00,8.00,14.00,'2025-04-08 14:45:22','2025-04-26 09:48:15'),(48,344,2,0.00,4.00,0.00,0.00,4.00,8.00,'2025-04-08 14:46:50','2025-04-26 09:49:14'),(49,353,2,0.00,9.00,0.00,0.00,9.00,18.00,'2025-04-08 14:48:01','2025-04-29 09:06:31'),(50,357,2,0.00,3.00,0.00,0.00,3.00,12.00,'2025-04-08 14:49:06','2025-04-22 09:21:18'),(51,357,1,0.00,1.00,0.00,0.00,1.00,12.00,'2025-04-08 14:50:18','2025-04-08 14:50:18'),(52,125,2,0.00,15.00,0.00,0.00,15.00,19.88,'2025-04-08 15:04:06','2025-04-19 11:15:57'),(53,97,1,0.00,4.00,0.00,0.00,4.00,183.33,'2025-04-08 15:23:39','2025-04-11 14:14:47'),(54,297,2,0.00,11.00,0.00,0.00,11.00,40.00,'2025-04-08 15:31:39','2025-04-28 09:43:36'),(55,299,2,0.00,6.00,0.00,0.00,6.00,40.00,'2025-04-08 15:32:35','2025-04-24 08:49:56'),(56,150,2,0.00,18.00,0.00,0.00,18.00,10.00,'2025-04-08 15:33:39','2025-04-26 09:41:38'),(57,50,1,0.00,3.00,0.00,0.00,3.00,1200.00,'2025-04-08 15:34:08','2025-04-26 09:40:42'),(58,184,2,0.00,1.00,0.00,0.00,1.00,100.00,'2025-04-10 07:05:02','2025-04-10 07:05:02'),(59,185,2,0.00,1.00,0.00,0.00,1.00,95.00,'2025-04-10 07:08:05','2025-04-10 07:08:05'),(60,186,2,0.00,1.00,0.00,0.00,1.00,211.09,'2025-04-10 07:09:39','2025-04-10 07:09:39'),(61,350,2,0.00,11.00,0.00,0.00,11.00,1000.00,'2025-04-10 11:57:49','2025-04-28 09:44:05'),(62,352,2,0.00,18.00,0.00,0.00,18.00,5000.00,'2025-04-10 12:00:35','2025-04-28 09:43:50'),(63,56,1,0.00,10.00,0.00,0.00,10.00,833.33,'2025-04-10 12:03:29','2025-04-28 09:44:23'),(64,304,2,0.00,2.00,0.00,0.00,2.00,16.00,'2025-04-10 14:34:05','2025-04-26 09:47:53'),(65,333,2,0.00,3.00,0.00,0.00,3.00,16.00,'2025-04-10 14:34:55','2025-04-28 09:49:12'),(66,338,2,0.00,1.00,0.00,0.00,1.00,18.00,'2025-04-10 14:36:16','2025-04-10 14:36:16'),(67,319,2,0.00,4.00,0.00,0.00,4.00,10.00,'2025-04-10 14:36:40','2025-04-14 14:15:50'),(68,209,2,0.00,1.00,0.00,0.00,1.00,100.00,'2025-04-10 14:38:32','2025-04-10 14:38:32'),(69,346,2,0.00,2.00,0.00,0.00,2.00,15.00,'2025-04-11 14:07:33','2025-04-26 09:50:38'),(70,93,1,0.00,4.00,0.00,0.00,4.00,18.50,'2025-04-11 14:15:29','2025-04-11 14:15:29'),(71,10,1,0.00,1.00,0.00,0.00,1.00,130.00,'2025-04-11 14:22:23','2025-04-11 14:22:23'),(72,91,2,0.00,2.00,0.00,0.00,2.00,17.00,'2025-04-12 12:15:14','2025-04-12 12:15:14'),(73,54,2,0.00,3.00,0.00,0.00,3.00,20000.00,'2025-04-12 14:21:50','2025-04-28 09:43:21'),(74,172,1,0.00,2.00,0.00,0.00,2.00,30.00,'2025-04-12 15:05:53','2025-04-22 09:22:05'),(75,51,1,0.00,22.00,0.00,0.00,22.00,6000.00,'2025-04-12 15:07:56','2025-04-26 14:40:56'),(76,310,2,0.00,4.00,0.00,0.00,4.00,52.00,'2025-04-12 15:12:51','2025-04-24 08:51:28'),(77,220,2,0.00,2.00,0.00,0.00,2.00,20.00,'2025-04-12 15:15:23','2025-04-19 11:23:20'),(78,74,2,0.00,1.00,0.00,0.00,1.00,23.00,'2025-04-12 15:19:52','2025-04-12 15:19:52'),(79,386,2,0.00,1.00,0.00,0.00,1.00,52.00,'2025-04-13 11:35:02','2025-04-13 11:35:02'),(80,224,2,0.00,10.00,0.00,0.00,10.00,32.00,'2025-04-13 11:35:59','2025-04-21 09:14:57'),(81,295,2,0.00,1.00,0.00,0.00,1.00,70.00,'2025-04-13 11:48:34','2025-04-13 11:48:34'),(82,171,1,0.00,1.00,0.00,0.00,1.00,32.00,'2025-04-13 11:50:10','2025-04-13 11:50:10'),(83,355,2,0.00,4.00,0.00,0.00,4.00,20.00,'2025-04-13 11:52:43','2025-04-27 13:22:45'),(84,317,2,0.00,1.00,0.00,0.00,1.00,32.00,'2025-04-13 11:53:15','2025-04-13 11:53:15'),(85,327,2,0.00,2.00,0.00,0.00,2.00,38.00,'2025-04-13 11:54:20','2025-04-18 12:40:09'),(86,50,2,0.00,3.00,0.00,0.00,3.00,1200.00,'2025-04-13 12:01:02','2025-04-26 09:41:17'),(87,499,2,0.00,2.00,0.00,0.00,2.00,37.00,'2025-04-14 12:28:07','2025-04-14 12:28:07'),(88,500,3,0.00,0.00,0.00,0.00,0.00,37.00,'2025-04-14 12:31:50','2025-04-14 13:35:00'),(89,500,2,0.00,5.00,0.00,0.00,5.00,37.00,'2025-04-14 12:36:24','2025-04-14 12:36:24'),(90,65,2,0.00,1.00,0.00,0.00,1.00,100.00,'2025-04-14 12:58:47','2025-04-14 12:58:47'),(91,501,1,0.00,2.00,0.00,0.00,2.00,15.60,'2025-04-14 14:03:00','2025-04-14 14:03:00'),(92,127,2,0.00,1.00,0.00,0.00,1.00,88.00,'2025-04-14 14:09:59','2025-04-14 14:09:59'),(93,54,1,0.00,1.00,0.00,0.00,1.00,11.35,'2025-04-14 14:11:33','2025-04-14 14:11:33'),(94,343,2,0.00,1.00,0.00,0.00,1.00,20.00,'2025-04-14 14:14:56','2025-04-14 14:14:56'),(95,113,2,0.00,1.00,0.00,0.00,1.00,152.00,'2025-04-14 14:21:48','2025-04-14 14:21:48'),(96,356,1,0.00,1.00,0.00,0.00,1.00,40.00,'2025-04-14 14:22:10','2025-04-14 14:22:10'),(97,502,2,0.00,3.00,0.00,0.00,3.00,13.00,'2025-04-14 14:26:35','2025-04-14 14:26:35'),(98,323,2,0.00,1.00,0.00,0.00,1.00,22.00,'2025-04-15 09:55:28','2025-04-15 09:55:28'),(99,55,1,0.00,1.00,0.00,0.00,1.00,20.00,'2025-04-15 10:08:22','2025-04-15 10:08:22'),(100,90,2,0.00,1.00,0.00,0.00,1.00,16.00,'2025-04-17 09:53:56','2025-04-17 09:53:56'),(101,46,2,0.00,5.00,0.00,0.00,5.00,7000.00,'2025-04-17 09:56:43','2025-04-17 09:56:43'),(102,509,3,0.00,1.00,0.00,0.00,1.00,2166.67,'2025-04-17 13:19:45','2025-04-17 13:19:45'),(103,329,2,0.00,1.00,0.00,0.00,1.00,120.00,'2025-04-18 12:39:31','2025-04-18 12:39:31'),(104,340,2,0.00,1.00,0.00,0.00,1.00,40.00,'2025-04-18 12:40:23','2025-04-18 12:40:23'),(105,110,1,0.00,2.00,0.00,0.00,2.00,86.88,'2025-04-19 11:13:28','2025-04-19 11:13:28'),(106,108,2,0.00,1.00,0.00,0.00,1.00,99.38,'2025-04-19 11:14:34','2025-04-19 11:14:34'),(107,284,1,0.00,1.00,0.00,0.00,1.00,66.13,'2025-04-19 11:22:39','2025-04-19 11:22:39'),(108,341,2,0.00,1.00,0.00,0.00,1.00,7.69,'2025-04-19 11:25:30','2025-04-19 11:25:30'),(109,151,2,0.00,1.00,0.00,0.00,1.00,60.00,'2025-04-19 11:26:27','2025-04-19 11:26:27'),(110,342,2,0.00,2.00,0.00,0.00,2.00,80.00,'2025-04-19 11:27:17','2025-04-24 08:50:22'),(111,48,2,0.00,1.00,0.00,0.00,1.00,28.00,'2025-04-19 11:27:43','2025-04-19 11:27:43'),(112,139,2,0.00,3.00,0.00,0.00,3.00,13000.00,'2025-04-21 09:10:08','2025-04-28 09:50:05'),(113,98,1,0.00,2.00,0.00,0.00,2.00,133.33,'2025-04-21 09:13:59','2025-04-21 09:13:59'),(114,152,2,0.00,1.00,0.00,0.00,1.00,1000.00,'2025-04-21 09:15:10','2025-04-21 09:15:10'),(115,512,2,0.00,1.00,0.00,0.00,1.00,43.00,'2025-04-21 14:42:29','2025-04-21 14:42:29'),(116,144,2,0.00,1.00,0.00,0.00,1.00,81.25,'2025-04-22 09:20:50','2025-04-22 09:20:50'),(117,115,1,0.00,1.00,0.00,0.00,1.00,140.00,'2025-04-23 08:41:06','2025-04-23 08:41:06'),(118,298,2,0.00,1.00,0.00,0.00,1.00,114.29,'2025-04-23 08:50:04','2025-04-23 08:50:04'),(119,177,1,0.00,46.00,0.00,0.00,46.00,1600.00,'2025-04-24 11:38:48','2025-04-24 11:38:48'),(120,175,1,0.00,60.00,0.00,0.00,60.00,1200.00,'2025-04-24 11:39:08','2025-04-24 11:39:08'),(121,182,1,0.00,30.00,0.00,0.00,30.00,4000.00,'2025-04-24 11:40:05','2025-04-24 11:40:05'),(122,515,1,0.00,46.00,0.00,0.00,46.00,3200.00,'2025-04-24 11:41:21','2025-04-24 11:41:21'),(123,164,1,0.00,22.00,0.00,0.00,22.00,4400.00,'2025-04-24 11:42:30','2025-04-24 11:42:30'),(124,516,1,0.00,22.00,0.00,0.00,22.00,4400.00,'2025-04-24 11:43:20','2025-04-24 11:43:20'),(125,517,1,0.00,18.00,0.00,0.00,18.00,0.00,'2025-04-24 12:00:28','2025-04-24 12:00:28'),(126,77,2,0.00,2.00,0.00,0.00,2.00,194.44,'2025-04-26 09:44:38','2025-04-26 09:44:38'),(127,123,2,0.00,6.00,0.00,0.00,6.00,41.66,'2025-04-26 09:45:21','2025-04-26 09:45:21'),(128,118,2,0.00,1.00,0.00,0.00,1.00,29.00,'2025-04-26 09:47:02','2025-04-26 09:47:02'),(129,335,2,0.00,1.00,0.00,0.00,1.00,52.00,'2025-04-26 09:49:46','2025-04-26 09:49:46'),(130,3,1,0.00,2.00,0.00,0.00,2.00,400.00,'2025-04-27 13:21:18','2025-04-27 13:22:00');
/*!40000 ALTER TABLE `pr_stok_bahan_baku` ENABLE KEYS */;
UNLOCK TABLES;

--
-- Table structure for table `pr_stok_base`
--

DROP TABLE IF EXISTS `pr_stok_base`;
/*!40101 SET @saved_cs_client     = @@character_set_client */;
/*!40101 SET character_set_client = utf8 */;
CREATE TABLE `pr_stok_base` (
  `id` int(11) NOT NULL AUTO_INCREMENT,
  `pr_base_id` int(11) NOT NULL,
  `divisi_id` int(11) NOT NULL,
  `jumlah` decimal(12,2) DEFAULT 0.00,
  `satuan` varchar(20) DEFAULT NULL,
  `hpp` decimal(12,2) DEFAULT 0.00,
  `created_at` datetime DEFAULT current_timestamp(),
  `updated_at` datetime DEFAULT current_timestamp() ON UPDATE current_timestamp(),
  PRIMARY KEY (`id`) USING BTREE,
  KEY `pr_base_id` (`pr_base_id`) USING BTREE,
  KEY `divisi_id` (`divisi_id`) USING BTREE,
  CONSTRAINT `pr_stok_base_ibfk_1` FOREIGN KEY (`pr_base_id`) REFERENCES `pr_base` (`id`),
  CONSTRAINT `pr_stok_base_ibfk_2` FOREIGN KEY (`divisi_id`) REFERENCES `pr_divisi` (`id`)
) ENGINE=InnoDB DEFAULT CHARSET=utf8 COLLATE=utf8_general_ci ROW_FORMAT=DYNAMIC;
/*!40101 SET character_set_client = @saved_cs_client */;

--
-- Dumping data for table `pr_stok_base`
--

LOCK TABLES `pr_stok_base` WRITE;
/*!40000 ALTER TABLE `pr_stok_base` DISABLE KEYS */;
/*!40000 ALTER TABLE `pr_stok_base` ENABLE KEYS */;
UNLOCK TABLES;

--
-- Table structure for table `pr_struk`
--

DROP TABLE IF EXISTS `pr_struk`;
/*!40101 SET @saved_cs_client     = @@character_set_client */;
/*!40101 SET character_set_client = utf8 */;
CREATE TABLE `pr_struk` (
  `id` int(11) NOT NULL AUTO_INCREMENT,
  `nama_outlet` varchar(100) DEFAULT NULL,
  `alamat` text DEFAULT NULL,
  `email` varchar(100) DEFAULT NULL,
  `no_telepon` varchar(20) DEFAULT NULL,
  `custom_header` text DEFAULT NULL,
  `custom_footer` text DEFAULT NULL,
  `logo` varchar(255) DEFAULT NULL,
  `created_at` datetime DEFAULT NULL,
  `updated_at` datetime DEFAULT NULL,
  PRIMARY KEY (`id`) USING BTREE
) ENGINE=InnoDB AUTO_INCREMENT=3 DEFAULT CHARSET=utf8 COLLATE=utf8_general_ci ROW_FORMAT=DYNAMIC;
/*!40101 SET character_set_client = @saved_cs_client */;

--
-- Dumping data for table `pr_struk`
--

LOCK TABLES `pr_struk` WRITE;
/*!40000 ALTER TABLE `pr_struk` DISABLE KEYS */;
INSERT INTO `pr_struk` VALUES (2,'Namua Coffee & Eatery','REMBANG','namuacoffee@gmail.com','085150737377','INI ADALAH CUSTOM HEADER','INI ADALAH CUSTOM FOOTER','logo_1744019362.jpg',NULL,'2025-04-07 17:49:22');
/*!40000 ALTER TABLE `pr_struk` ENABLE KEYS */;
UNLOCK TABLES;

--
-- Table structure for table `pr_struk_tampilan`
--

DROP TABLE IF EXISTS `pr_struk_tampilan`;
/*!40101 SET @saved_cs_client     = @@character_set_client */;
/*!40101 SET character_set_client = utf8 */;
CREATE TABLE `pr_struk_tampilan` (
  `id` int(11) NOT NULL AUTO_INCREMENT,
  `printer_id` int(11) DEFAULT NULL,
  `show_logo` tinyint(1) DEFAULT 1,
  `show_outlet` tinyint(1) DEFAULT 1,
  `show_alamat` tinyint(1) DEFAULT 1,
  `show_no_telepon` tinyint(1) DEFAULT 1,
  `show_custom_header` tinyint(1) DEFAULT 1,
  `show_invoice` tinyint(1) DEFAULT 1,
  `show_kasir_order` tinyint(1) DEFAULT 1,
  `show_kasir_bayar` tinyint(1) DEFAULT 1,
  `show_no_transaksi` tinyint(1) DEFAULT 1,
  `show_customer` tinyint(1) DEFAULT 1,
  `show_nomor_meja` tinyint(1) DEFAULT 1,
  `show_waktu_order` tinyint(1) DEFAULT 1,
  `show_waktu_bayar` tinyint(1) DEFAULT 1,
  `show_custom_footer` tinyint(1) DEFAULT 1,
  `created_at` datetime DEFAULT current_timestamp(),
  `updated_at` datetime DEFAULT current_timestamp() ON UPDATE current_timestamp(),
  PRIMARY KEY (`id`) USING BTREE
) ENGINE=InnoDB AUTO_INCREMENT=5 DEFAULT CHARSET=utf8 COLLATE=utf8_general_ci ROW_FORMAT=DYNAMIC;
/*!40101 SET character_set_client = @saved_cs_client */;

--
-- Dumping data for table `pr_struk_tampilan`
--

LOCK TABLES `pr_struk_tampilan` WRITE;
/*!40000 ALTER TABLE `pr_struk_tampilan` DISABLE KEYS */;
INSERT INTO `pr_struk_tampilan` VALUES (1,1,0,1,1,1,1,0,1,1,1,1,1,1,1,1,'2025-04-12 13:39:14','2025-04-13 11:24:02'),(2,2,0,0,0,0,0,0,1,0,1,1,1,1,0,0,'2025-04-12 13:39:14','2025-04-13 09:35:39'),(3,3,0,0,0,0,0,0,1,0,1,1,1,1,0,0,'2025-04-12 13:39:14','2025-04-13 11:14:19'),(4,4,0,0,0,0,0,0,1,0,1,1,1,1,0,0,'2025-04-12 13:39:14','2025-04-13 11:17:40');
/*!40000 ALTER TABLE `pr_struk_tampilan` ENABLE KEYS */;
UNLOCK TABLES;

--
-- Table structure for table `pr_transaksi`
--

DROP TABLE IF EXISTS `pr_transaksi`;
/*!40101 SET @saved_cs_client     = @@character_set_client */;
/*!40101 SET character_set_client = utf8 */;
CREATE TABLE `pr_transaksi` (
  `id` int(11) NOT NULL AUTO_INCREMENT,
  `customer_id` int(11) DEFAULT NULL,
  `tanggal` date NOT NULL,
  `no_transaksi` varchar(20) NOT NULL,
  `waktu_order` datetime NOT NULL,
  `waktu_bayar` datetime DEFAULT NULL,
  `jenis_order_id` int(11) NOT NULL,
  `customer` varchar(100) DEFAULT NULL,
  `nomor_meja` varchar(100) DEFAULT NULL,
  `total_penjualan` decimal(12,2) NOT NULL,
  `kasir_order` int(11) NOT NULL,
  `kasir_bayar` int(11) DEFAULT NULL,
  `kode_voucher` varchar(50) DEFAULT NULL,
  `diskon` int(11) DEFAULT NULL,
  `total_pembayaran` int(11) DEFAULT NULL,
  `sisa_pembayaran` decimal(12,0) DEFAULT 0,
  `status_pembayaran` enum('BELUM_LUNAS','DP','LUNAS','BATAL','REFUND') DEFAULT NULL,
  `created_at` datetime DEFAULT current_timestamp(),
  `updated_at` datetime DEFAULT current_timestamp() ON UPDATE current_timestamp(),
  PRIMARY KEY (`id`) USING BTREE,
  UNIQUE KEY `no_transaksi` (`no_transaksi`) USING BTREE,
  KEY `jenis_order_id` (`jenis_order_id`) USING BTREE,
  KEY `kasir_order` (`kasir_order`) USING BTREE,
  KEY `kasir_bayar` (`kasir_bayar`) USING BTREE,
  CONSTRAINT `pr_transaksi_ibfk_1` FOREIGN KEY (`jenis_order_id`) REFERENCES `pr_jenis_order` (`id`),
  CONSTRAINT `pr_transaksi_ibfk_3` FOREIGN KEY (`kasir_order`) REFERENCES `abs_pegawai` (`id`),
  CONSTRAINT `pr_transaksi_ibfk_4` FOREIGN KEY (`kasir_bayar`) REFERENCES `abs_pegawai` (`id`)
) ENGINE=InnoDB AUTO_INCREMENT=28 DEFAULT CHARSET=utf8 COLLATE=utf8_general_ci ROW_FORMAT=DYNAMIC;
/*!40101 SET character_set_client = @saved_cs_client */;

--
-- Dumping data for table `pr_transaksi`
--

LOCK TABLES `pr_transaksi` WRITE;
/*!40000 ALTER TABLE `pr_transaksi` DISABLE KEYS */;
INSERT INTO `pr_transaksi` VALUES (1,NULL,'2025-04-28','CS/63/250428/0001','2025-04-28 11:30:21','2025-04-28 11:30:58',1,'085198374391','1',49000.00,1,1,'',0,74000,0,'LUNAS','2025-04-28 11:30:21','2025-04-28 11:30:58'),(2,NULL,'2025-04-28','CS/63/250428/0002','2025-04-28 11:31:32','2025-04-28 11:32:38',1,'','1',19000.00,1,1,'',0,19000,0,'LUNAS','2025-04-28 11:31:32','2025-04-28 11:32:38'),(3,1,'2025-04-29','CS/63/250429/0001','2025-04-29 09:10:04','2025-04-29 10:10:52',1,'ANDI','',84000.00,98,99,'',0,84000,0,'LUNAS','2025-04-29 09:10:04','2025-04-29 10:10:52'),(4,2,'2025-04-29','CS/63/250429/0002','2025-04-29 09:11:17','2025-04-29 09:12:12',1,'ANIS FITRIYA','3',127000.00,98,98,'',0,127000,0,'LUNAS','2025-04-29 09:11:17','2025-04-29 09:12:12'),(5,18,'2025-04-29','CS/63/250429/0003','2025-04-29 09:11:50','2025-04-29 09:12:32',1,'Muzaki','3',244000.00,98,98,'',0,244000,0,'LUNAS','2025-04-29 09:11:50','2025-04-29 09:12:32'),(6,NULL,'2025-04-29','CS/63/250429/0004','2025-04-29 09:57:49','2025-04-29 10:04:04',1,'','',100000.00,99,99,'BEBEK10',6000,94000,0,'LUNAS','2025-04-29 09:57:49','2025-04-29 10:04:04'),(7,6,'2025-04-29','CS/63/250429/0005','2025-04-29 10:09:38','2025-04-29 10:10:33',1,'Nanda','4',125000.00,99,99,'tes01',18750,106250,0,'LUNAS','2025-04-29 10:09:38','2025-04-29 10:10:33'),(8,1,'2025-04-29','CS/63/250429/0006','2025-04-29 12:19:50',NULL,1,'ANDI','1',0.00,99,NULL,NULL,NULL,0,0,'BATAL','2025-04-29 12:19:50','2025-05-01 06:03:44'),(9,NULL,'2025-04-29','CS/63/250429/0007','2025-04-29 13:43:13','2025-04-29 13:53:02',1,'jono','1',196000.00,99,99,'BEBEK10',18000,178000,0,'LUNAS','2025-04-29 13:43:13','2025-04-29 13:53:02'),(10,NULL,'2025-04-29','CS/63/250429/0008','2025-04-29 13:44:35',NULL,1,'kookoi','3',56000.00,99,NULL,NULL,NULL,0,56000,'BELUM_LUNAS','2025-04-29 13:44:35','2025-05-01 06:03:16'),(11,NULL,'2025-04-29','CS/63/250429/0009','2025-04-29 13:45:01',NULL,1,'nini','9',0.00,99,NULL,NULL,NULL,0,0,'BATAL','2025-04-29 13:45:01','2025-05-01 06:03:03'),(12,25,'2025-04-29','CS/63/250429/0010','2025-04-29 13:45:20',NULL,1,'Rahmadiana','2',45000.00,99,NULL,NULL,NULL,0,45000,'BELUM_LUNAS','2025-04-29 13:45:20','2025-04-29 13:45:59'),(13,31,'2025-04-29','CS/63/250429/0011','2025-04-29 20:25:31',NULL,1,'Dwi Meika Wati','2',16000.00,99,NULL,NULL,NULL,0,16000,'BELUM_LUNAS','2025-04-29 20:25:31','2025-04-29 20:25:31'),(14,7,'2025-04-29','CS/63/250429/0012','2025-04-29 20:25:49','2025-04-30 20:42:29',1,'Alex ','1',36000.00,99,99,'',0,36000,0,'LUNAS','2025-04-29 20:25:49','2025-04-30 20:42:29'),(15,8,'2025-04-29','CS/63/250429/0013','2025-04-29 20:26:30',NULL,1,'Bagos Banget','4',16000.00,99,NULL,NULL,NULL,0,16000,'BELUM_LUNAS','2025-04-29 20:26:30','2025-04-29 20:26:30'),(16,10,'2025-04-29','CS/63/250429/0014','2025-04-29 20:26:42',NULL,1,'Valen cantik','',0.00,99,NULL,NULL,NULL,0,0,'BATAL','2025-04-29 20:26:42','2025-05-01 05:46:23'),(17,4,'2025-04-29','CS/63/250429/0015','2025-04-29 20:26:58','2025-04-30 12:45:33',1,'Prayogo Ryza ','10',20000.00,99,99,'',0,20000,0,'LUNAS','2025-04-29 20:26:58','2025-04-30 12:45:33'),(18,19,'2025-04-29','CS/63/250429/0016','2025-04-29 20:27:18',NULL,1,'achid s','',0.00,99,NULL,NULL,NULL,0,0,'BATAL','2025-04-29 20:27:18','2025-05-01 06:02:39'),(19,14,'2025-04-29','CS/63/250429/0017','2025-04-29 20:28:37','2025-04-30 20:42:16',1,'Devi Febriyanti','3',20000.00,99,99,'',0,20000,0,'LUNAS','2025-04-29 20:28:37','2025-04-30 20:42:16'),(20,15,'2025-04-29','CS/63/250429/0018','2025-04-29 20:36:27','2025-04-29 21:07:21',1,'Bara','3',244500.00,99,99,'BEBEK10',20000,224500,0,'REFUND','2025-04-29 20:36:27','2025-04-30 22:53:45'),(21,16,'2025-04-30','CS/63/250430/0001','2025-04-30 05:21:06',NULL,1,'Deni Prasetyo','',25000.00,99,NULL,NULL,NULL,0,25000,'BELUM_LUNAS','2025-04-30 05:21:06','2025-05-01 06:02:32'),(22,8,'2025-05-01','CS/63/250501/0001','2025-05-01 06:37:02',NULL,1,'Bagos Banget','1',0.00,99,NULL,NULL,NULL,0,0,'BATAL','2025-05-01 06:37:02','2025-05-01 07:22:00'),(23,10,'2025-05-01','CS/63/250501/0002','2025-05-01 07:31:53',NULL,1,'Valen cantik','1',653000.00,99,NULL,NULL,NULL,0,653000,'BELUM_LUNAS','2025-05-01 07:31:53','2025-05-01 07:36:39'),(24,5,'2025-05-01','CS/63/250501/0003','2025-05-01 07:38:00',NULL,1,'Aziz','1',79500.00,99,NULL,NULL,NULL,0,79500,'BELUM_LUNAS','2025-05-01 07:38:00','2025-05-01 07:38:00'),(25,18,'2025-05-01','CS/63/250501/0004','2025-05-01 07:38:33',NULL,1,'Muzaki','4',309000.00,99,NULL,NULL,NULL,0,309000,'BELUM_LUNAS','2025-05-01 07:38:33','2025-05-01 07:38:33'),(26,14,'2025-05-01','CS/63/250501/0005','2025-05-01 07:39:21',NULL,1,'Devi Febriyanti','8',473500.00,99,NULL,NULL,NULL,0,473500,'BELUM_LUNAS','2025-05-01 07:39:21','2025-05-01 07:39:21'),(27,7,'2025-05-01','CS/63/250501/0006','2025-05-01 07:39:57',NULL,1,'Alex ','1',112000.00,99,NULL,NULL,NULL,0,112000,'BELUM_LUNAS','2025-05-01 07:39:57','2025-05-01 07:39:57');
/*!40000 ALTER TABLE `pr_transaksi` ENABLE KEYS */;
UNLOCK TABLES;

--
-- Table structure for table `pr_void`
--

DROP TABLE IF EXISTS `pr_void`;
/*!40101 SET @saved_cs_client     = @@character_set_client */;
/*!40101 SET character_set_client = utf8 */;
CREATE TABLE `pr_void` (
  `id` int(11) NOT NULL AUTO_INCREMENT,
  `kode_void` varchar(50) DEFAULT NULL,
  `pr_transaksi_id` int(11) DEFAULT NULL,
  `no_transaksi` varchar(100) DEFAULT NULL,
  `detail_transaksi_id` int(11) DEFAULT NULL,
  `pr_produk_id` int(11) DEFAULT NULL,
  `nama_produk` varchar(255) DEFAULT NULL,
  `detail_extra_id` int(11) DEFAULT NULL,
  `produk_extra_id` int(11) DEFAULT NULL,
  `nama_extra` varchar(255) DEFAULT NULL,
  `jumlah` int(11) DEFAULT NULL,
  `harga` int(11) DEFAULT NULL,
  `catatan` text DEFAULT NULL,
  `alasan` text DEFAULT NULL,
  `void_by` int(11) DEFAULT NULL,
  `waktu` timestamp NULL DEFAULT current_timestamp(),
  `created_at` datetime DEFAULT current_timestamp(),
  `updated_at` datetime DEFAULT current_timestamp() ON UPDATE current_timestamp(),
  `is_printed` tinyint(1) DEFAULT 0,
  PRIMARY KEY (`id`) USING BTREE
) ENGINE=InnoDB AUTO_INCREMENT=127 DEFAULT CHARSET=utf8 COLLATE=utf8_general_ci ROW_FORMAT=DYNAMIC;
/*!40101 SET character_set_client = @saved_cs_client */;

--
-- Dumping data for table `pr_void`
--

LOCK TABLES `pr_void` WRITE;
/*!40000 ALTER TABLE `pr_void` DISABLE KEYS */;
INSERT INTO `pr_void` VALUES (45,'V250501001',16,'CS/63/250429/0014',49,7,'AMERICANO ICE',NULL,NULL,NULL,1,17000,'','alaa',99,'2025-04-30 22:46:23','2025-05-01 05:46:23','2025-05-01 05:46:23',0),(46,'V250501002',21,'CS/63/250430/0001',57,14,'AYAM BAKAR SAMBAL DABU-DABU + NASI',NULL,NULL,NULL,1,28000,'pedas','asas',99,'2025-04-30 23:02:32','2025-05-01 06:02:32','2025-05-01 06:02:32',0),(47,'V250501002',21,'CS/63/250430/0001',57,14,'AYAM BAKAR SAMBAL DABU-DABU + NASI',4,2,'PAPPER BOX',1,1500,'Extra','asas',99,'2025-04-30 23:02:32','2025-05-01 06:02:32','2025-05-01 06:02:32',0),(48,'V250501002',21,'CS/63/250430/0001',59,6,'AMERICANO HOT',NULL,NULL,NULL,1,16000,'aaaa','asas',99,'2025-04-30 23:02:32','2025-05-01 06:02:32','2025-05-01 06:02:32',0),(49,'V250501002',21,'CS/63/250430/0001',59,6,'AMERICANO HOT',5,1,'PAPER BOWL',1,1500,'Extra','asas',99,'2025-04-30 23:02:32','2025-05-01 06:02:32','2025-05-01 06:02:32',0),(50,'V250501002',21,'CS/63/250430/0001',59,6,'AMERICANO HOT',6,2,'PAPPER BOX',1,1500,'Extra','asas',99,'2025-04-30 23:02:32','2025-05-01 06:02:32','2025-05-01 06:02:32',0),(51,'V250501007',18,'CS/63/250429/0016',51,66,'CAPPUCINO HOT',NULL,NULL,NULL,1,20000,'','asas',99,'2025-04-30 23:02:39','2025-05-01 06:02:39','2025-05-01 06:02:39',0),(52,'V250501008',8,'CS/63/250429/0006',31,13,'AYAM BAKAR SAMBAL DABU DABU',NULL,NULL,NULL,1,25000,'','asasa',99,'2025-04-30 23:02:51','2025-05-01 06:02:51','2025-05-01 06:02:51',0),(53,'V250501009',11,'CS/63/250429/0009',42,125,'GEPREK MOZA (TANPA NASI)',NULL,NULL,NULL,1,21000,'','lama',99,'2025-04-30 23:03:03','2025-05-01 06:03:03','2025-05-01 06:03:03',0),(54,'V250501010',10,'CS/63/250429/0008',40,7,'AMERICANO ICE',NULL,NULL,NULL,1,17000,'','salah pesan',99,'2025-04-30 23:03:16','2025-05-01 06:03:16','2025-05-01 06:03:16',0),(55,'V250501011',8,'CS/63/250429/0006',33,6,'AMERICANO HOT',NULL,NULL,NULL,1,16000,'','salah pesan',99,'2025-04-30 23:03:32','2025-05-01 06:03:32','2025-05-01 06:03:32',0),(56,'V250501012',8,'CS/63/250429/0006',30,17,'AYAM SONGKEM',NULL,NULL,NULL,1,29000,'','salah pesan',99,'2025-04-30 23:03:44','2025-05-01 06:03:44','2025-05-01 06:03:44',0),(57,'V250501012',8,'CS/63/250429/0006',32,7,'AMERICANO ICE',NULL,NULL,NULL,1,17000,'','salah pesan',99,'2025-04-30 23:03:44','2025-05-01 06:03:44','2025-05-01 06:03:44',0),(98,'V250501014',22,'CS/63/250501/0001',60,17,'AYAM SONGKEM',NULL,NULL,NULL,1,29000,'','lama',99,'2025-05-01 00:22:00','2025-05-01 07:22:00','2025-05-01 07:22:00',0),(99,'V250501014',22,'CS/63/250501/0001',61,14,'AYAM BAKAR SAMBAL DABU-DABU + NASI',NULL,NULL,NULL,1,28000,'','lama',99,'2025-05-01 00:22:00','2025-05-01 07:22:00','2025-05-01 07:22:00',0),(100,'V250501014',22,'CS/63/250501/0001',61,14,'AYAM BAKAR SAMBAL DABU-DABU + NASI',7,2,'PAPPER BOX',1,1500,'Extra','lama',99,'2025-05-01 00:22:00','2025-05-01 07:22:00','2025-05-01 07:22:00',0),(101,'V250501014',22,'CS/63/250501/0001',62,14,'AYAM BAKAR SAMBAL DABU-DABU + NASI',NULL,NULL,NULL,1,28000,'','lama',99,'2025-05-01 00:22:00','2025-05-01 07:22:00','2025-05-01 07:22:00',0),(102,'V250501014',22,'CS/63/250501/0001',62,14,'AYAM BAKAR SAMBAL DABU-DABU + NASI',8,2,'PAPPER BOX',1,1500,'Extra','lama',99,'2025-05-01 00:22:00','2025-05-01 07:22:00','2025-05-01 07:22:00',0),(103,'V250501014',22,'CS/63/250501/0001',63,13,'AYAM BAKAR SAMBAL DABU DABU',NULL,NULL,NULL,1,25000,'','lama',99,'2025-05-01 00:22:00','2025-05-01 07:22:00','2025-05-01 07:22:00',0),(104,'V250501014',22,'CS/63/250501/0001',64,13,'AYAM BAKAR SAMBAL DABU DABU',NULL,NULL,NULL,1,25000,'','lama',99,'2025-05-01 00:22:00','2025-05-01 07:22:00','2025-05-01 07:22:00',0),(105,'V250501014',22,'CS/63/250501/0001',65,13,'AYAM BAKAR SAMBAL DABU DABU',NULL,NULL,NULL,1,25000,'','lama',99,'2025-05-01 00:22:00','2025-05-01 07:22:00','2025-05-01 07:22:00',0),(106,'V250501014',22,'CS/63/250501/0001',66,7,'AMERICANO ICE',NULL,NULL,NULL,1,17000,'','lama',99,'2025-05-01 00:22:00','2025-05-01 07:22:00','2025-05-01 07:22:00',0),(107,'V250501014',22,'CS/63/250501/0001',66,7,'AMERICANO ICE',9,2,'PAPPER BOX',1,1500,'Extra','lama',99,'2025-05-01 00:22:00','2025-05-01 07:22:00','2025-05-01 07:22:00',0),(108,'V250501014',22,'CS/63/250501/0001',67,6,'AMERICANO HOT',NULL,NULL,NULL,1,16000,'','lama',99,'2025-05-01 00:22:00','2025-05-01 07:22:00','2025-05-01 07:22:00',0),(109,'V250501014',22,'CS/63/250501/0001',68,25,'BEBEK BUMBU IRENG MADURA (JUMBO) + NASI',NULL,NULL,NULL,1,60000,'','lama',99,'2025-05-01 00:22:00','2025-05-01 07:22:00','2025-05-01 07:22:00',0),(110,'V250501014',22,'CS/63/250501/0001',68,25,'BEBEK BUMBU IRENG MADURA (JUMBO) + NASI',10,1,'PAPER BOWL',1,1500,'Extra','lama',99,'2025-05-01 00:22:00','2025-05-01 07:22:00','2025-05-01 07:22:00',0),(111,'V250501014',22,'CS/63/250501/0001',68,25,'BEBEK BUMBU IRENG MADURA (JUMBO) + NASI',11,2,'PAPPER BOX',1,1500,'Extra','lama',99,'2025-05-01 00:22:00','2025-05-01 07:22:00','2025-05-01 07:22:00',0),(112,'V250501014',22,'CS/63/250501/0001',69,25,'BEBEK BUMBU IRENG MADURA (JUMBO) + NASI',NULL,NULL,NULL,1,60000,'','lama',99,'2025-05-01 00:22:00','2025-05-01 07:22:00','2025-05-01 07:22:00',0),(113,'V250501014',22,'CS/63/250501/0001',69,25,'BEBEK BUMBU IRENG MADURA (JUMBO) + NASI',12,1,'PAPER BOWL',1,1500,'Extra','lama',99,'2025-05-01 00:22:00','2025-05-01 07:22:00','2025-05-01 07:22:00',0),(114,'V250501014',22,'CS/63/250501/0001',69,25,'BEBEK BUMBU IRENG MADURA (JUMBO) + NASI',13,2,'PAPPER BOX',1,1500,'Extra','lama',99,'2025-05-01 00:22:00','2025-05-01 07:22:00','2025-05-01 07:22:00',0),(115,'V250501014',22,'CS/63/250501/0001',70,25,'BEBEK BUMBU IRENG MADURA (JUMBO) + NASI',NULL,NULL,NULL,1,60000,'','lama',99,'2025-05-01 00:22:00','2025-05-01 07:22:00','2025-05-01 07:22:00',0),(116,'V250501014',22,'CS/63/250501/0001',70,25,'BEBEK BUMBU IRENG MADURA (JUMBO) + NASI',14,1,'PAPER BOWL',1,1500,'Extra','lama',99,'2025-05-01 00:22:00','2025-05-01 07:22:00','2025-05-01 07:22:00',0),(117,'V250501014',22,'CS/63/250501/0001',70,25,'BEBEK BUMBU IRENG MADURA (JUMBO) + NASI',15,2,'PAPPER BOX',1,1500,'Extra','lama',99,'2025-05-01 00:22:00','2025-05-01 07:22:00','2025-05-01 07:22:00',0),(118,'V250501014',22,'CS/63/250501/0001',71,25,'BEBEK BUMBU IRENG MADURA (JUMBO) + NASI',NULL,NULL,NULL,1,60000,'','lama',99,'2025-05-01 00:22:00','2025-05-01 07:22:00','2025-05-01 07:22:00',0),(119,'V250501014',22,'CS/63/250501/0001',71,25,'BEBEK BUMBU IRENG MADURA (JUMBO) + NASI',16,1,'PAPER BOWL',1,1500,'Extra','lama',99,'2025-05-01 00:22:00','2025-05-01 07:22:00','2025-05-01 07:22:00',0),(120,'V250501014',22,'CS/63/250501/0001',71,25,'BEBEK BUMBU IRENG MADURA (JUMBO) + NASI',17,2,'PAPPER BOX',1,1500,'Extra','lama',99,'2025-05-01 00:22:00','2025-05-01 07:22:00','2025-05-01 07:22:00',0),(121,'V250501014',22,'CS/63/250501/0001',72,25,'BEBEK BUMBU IRENG MADURA (JUMBO) + NASI',NULL,NULL,NULL,1,60000,'','lama',99,'2025-05-01 00:22:00','2025-05-01 07:22:00','2025-05-01 07:22:00',0),(122,'V250501014',22,'CS/63/250501/0001',72,25,'BEBEK BUMBU IRENG MADURA (JUMBO) + NASI',18,1,'PAPER BOWL',1,1500,'Extra','lama',99,'2025-05-01 00:22:00','2025-05-01 07:22:00','2025-05-01 07:22:00',0),(123,'V250501014',22,'CS/63/250501/0001',72,25,'BEBEK BUMBU IRENG MADURA (JUMBO) + NASI',19,2,'PAPPER BOX',1,1500,'Extra','lama',99,'2025-05-01 00:22:00','2025-05-01 07:22:00','2025-05-01 07:22:00',0),(124,'V250501014',22,'CS/63/250501/0001',73,25,'BEBEK BUMBU IRENG MADURA (JUMBO) + NASI',NULL,NULL,NULL,1,60000,'','lama',99,'2025-05-01 00:22:00','2025-05-01 07:22:00','2025-05-01 07:22:00',0),(125,'V250501014',22,'CS/63/250501/0001',73,25,'BEBEK BUMBU IRENG MADURA (JUMBO) + NASI',20,1,'PAPER BOWL',1,1500,'Extra','lama',99,'2025-05-01 00:22:00','2025-05-01 07:22:00','2025-05-01 07:22:00',0),(126,'V250501014',22,'CS/63/250501/0001',73,25,'BEBEK BUMBU IRENG MADURA (JUMBO) + NASI',21,2,'PAPPER BOX',1,1500,'Extra','lama',99,'2025-05-01 00:22:00','2025-05-01 07:22:00','2025-05-01 07:22:00',0);
/*!40000 ALTER TABLE `pr_void` ENABLE KEYS */;
UNLOCK TABLES;

--
-- Table structure for table `pr_voucher`
--

DROP TABLE IF EXISTS `pr_voucher`;
/*!40101 SET @saved_cs_client     = @@character_set_client */;
/*!40101 SET character_set_client = utf8 */;
CREATE TABLE `pr_voucher` (
  `id` int(11) NOT NULL AUTO_INCREMENT,
  `kode_voucher` varchar(50) NOT NULL,
  `jenis` enum('persentase','nominal','gratis_produk','cashback','min_pembelian') NOT NULL,
  `nilai` int(11) NOT NULL,
  `min_pembelian` int(11) DEFAULT 0,
  `produk_id` int(11) DEFAULT NULL,
  `jumlah_gratis` int(11) DEFAULT 0,
  `max_diskon` int(11) DEFAULT NULL,
  `maksimal_voucher` int(11) DEFAULT NULL,
  `sisa_voucher` int(11) DEFAULT NULL,
  `status` enum('aktif','nonaktif') DEFAULT 'aktif',
  `tanggal_mulai` date NOT NULL,
  `tanggal_berakhir` date NOT NULL,
  `created_at` datetime DEFAULT current_timestamp(),
  `updated_at` datetime DEFAULT current_timestamp() ON UPDATE current_timestamp(),
  PRIMARY KEY (`id`) USING BTREE,
  UNIQUE KEY `kode_voucher` (`kode_voucher`) USING BTREE
) ENGINE=InnoDB AUTO_INCREMENT=8 DEFAULT CHARSET=utf8 COLLATE=utf8_general_ci ROW_FORMAT=DYNAMIC;
/*!40101 SET character_set_client = @saved_cs_client */;

--
-- Dumping data for table `pr_voucher`
--

LOCK TABLES `pr_voucher` WRITE;
/*!40000 ALTER TABLE `pr_voucher` DISABLE KEYS */;
INSERT INTO `pr_voucher` VALUES (4,'TES01','persentase',15,100000,0,0,0,NULL,99,'aktif','2025-01-01','2025-05-08','2025-03-24 06:18:07','2025-04-29 10:10:33'),(5,'BEBEK10','persentase',10,0,25,100,20000,NULL,96,'aktif','2025-01-01','2025-05-08','2025-03-24 06:18:07','2025-04-29 21:07:21'),(6,'TES 20','persentase',20,100000,0,0,10000,NULL,100,'aktif','2025-01-01','2025-05-08','2025-03-24 06:18:07','2025-04-29 10:03:49'),(7,'TES03','nominal',10000,0,0,0,0,NULL,100,'aktif','2025-01-01','2025-05-08','2025-03-24 06:18:07','2025-04-29 10:03:49');
/*!40000 ALTER TABLE `pr_voucher` ENABLE KEYS */;
UNLOCK TABLES;
/*!40103 SET TIME_ZONE=@OLD_TIME_ZONE */;

/*!40101 SET SQL_MODE=@OLD_SQL_MODE */;
/*!40014 SET FOREIGN_KEY_CHECKS=@OLD_FOREIGN_KEY_CHECKS */;
/*!40014 SET UNIQUE_CHECKS=@OLD_UNIQUE_CHECKS */;
/*!40101 SET CHARACTER_SET_CLIENT=@OLD_CHARACTER_SET_CLIENT */;
/*!40101 SET CHARACTER_SET_RESULTS=@OLD_CHARACTER_SET_RESULTS */;
/*!40101 SET COLLATION_CONNECTION=@OLD_COLLATION_CONNECTION */;
/*!40111 SET SQL_NOTES=@OLD_SQL_NOTES */;

-- Dump completed on 2025-05-01 10:08:07
